CUDA 0: NVIDIA GeForce RTX 4090 (GPU-343bc895-b011-22fa-4449-97207aa2bdec)
qwen35 debug logits position 0: top1=5328 top2=198 v1=10.250000 v2=9.250000 margin=1.000000
qwen35 debug logits position 2: top1=3165 top2=3300 v1=14.125000 v2=13.375000 margin=0.750000
qwen35 debug hidden embedding position 7: min=-0.0563965 max=0.0583496 mean_abs=0.0125982
qwen35 debug hidden embedding position 35: min=-0.0673828 max=0.0825195 mean_abs=0.0123046
qwen35 debug hidden layer-000 position 7: min=-0.5625000 max=16.7500000 mean_abs=0.0586561
qwen35 debug hidden layer-000 position 35: min=-0.2636719 max=15.7500000 mean_abs=0.0410972
qwen35 debug hidden layer-003 position 7: min=-2.5937500 max=32.0000000 mean_abs=0.1003231
qwen35 debug hidden layer-003 position 35: min=-1.4375000 max=25.1250000 mean_abs=0.0744644
qwen35 debug hidden layer-031 position 7: min=-17.5000000 max=69.0000000 mean_abs=0.4904949
qwen35 debug hidden layer-031 position 35: min=-13.8750000 max=63.0000000 mean_abs=0.6004722
qwen35 debug hidden layer-032 position 7: min=-17.7500000 max=62.2500000 mean_abs=0.4821762
qwen35 debug hidden layer-032 position 35: min=-13.6875000 max=58.2500000 mean_abs=0.5878087
qwen35 debug hidden layer-060 position 7: min=-35.5000000 max=164.0000000 mean_abs=2.3281907
qwen35 debug hidden layer-060 position 35: min=-28.2500000 max=148.0000000 mean_abs=2.2028520
qwen35 debug hidden layer-063 position 7: min=-81.0000000 max=67.5000000 mean_abs=3.3108679
qwen35 debug hidden layer-063 position 35: min=-60.0000000 max=178.0000000 mean_abs=3.7162607
qwen35 debug hidden embedding position 83: min=-0.0649414 max=0.0510254 mean_abs=0.0121268
qwen35 debug hidden layer-000 position 83: min=-0.4511719 max=20.5000000 mean_abs=0.0556616
qwen35 debug hidden layer-003 position 83: min=-2.0468750 max=29.0000000 mean_abs=0.1077484
qwen35 debug hidden layer-031 position 83: min=-13.5000000 max=73.5000000 mean_abs=0.6449020
qwen35 debug hidden layer-032 position 83: min=-13.1875000 max=69.0000000 mean_abs=0.6306094
qwen35 debug hidden layer-060 position 83: min=-28.6250000 max=130.0000000 mean_abs=2.2341771
qwen35 debug hidden layer-063 position 83: min=-76.5000000 max=100.5000000 mean_abs=3.6722555
qwen35 debug logits position 0: top1=2456 top2=40 v1=21.000000 v2=14.937500 margin=6.062500
qwen35 debug logits position 1025: top1=55 top2=48 v1=25.625000 v2=13.625000 margin=12.000000
qwen35 debug logits position 1026: top1=35205 top2=69046 v1=29.125000 v2=17.750000 margin=11.375000
qwen35 debug logits position 1027: top1=27325 top2=12 v1=23.750000 v2=14.125000 margin=9.625000
qwen35 debug logits position 1028: top1=54 top2=12100 v1=23.500000 v2=13.500000 margin=10.000000
qwen35 debug logits position 1029: top1=923 top2=12 v1=22.750000 v2=12.687500 margin=10.062500
qwen35 debug logits position 1030: top1=18 top2=19 v1=23.250000 v2=13.187500 margin=10.062500
qwen35 debug logits position 1031: top1=23 top2=12 v1=23.125000 v2=12.000000 margin=11.125000
qwen35 debug logits position 1032: top1=12 top2=19 v1=21.000000 v2=12.500000 margin=8.500000
qwen35 debug logits position 1033: top1=19 top2=17 v1=22.500000 v2=11.937500 margin=10.562500
qwen35 debug logits position 1034: top1=15 top2=248046 v1=21.875000 v2=10.812500 margin=11.062500
qwen35 debug logits position 1035: top1=24 top2=15 v1=22.125000 v2=10.562500 margin=11.562500
qwen35 debug logits position 1036: top1=15 top2=198 v1=23.500000 v2=14.187500 margin=9.312500
qwen35 debug logits position 1037: top1=198 top2=27502 v1=19.500000 v2=18.625000 margin=0.875000
qwen35 debug logits position 1038: top1=76471 top2=2456 v1=21.750000 v2=15.812500 margin=5.937500
qwen35 debug logits position 1039: top1=248046 top2=198 v1=21.250000 v2=19.625000 margin=1.625000
qwen35 debug logits position 1040: top1=198 top2=59 v1=28.250000 v2=9.937500 margin=18.312500
qwen35 debug logits position 1041: top1=248044 top2=248045 v1=31.375000 v2=22.625000 margin=8.750000
qwen35 debug logits position 1042: top1=248045 top2=248044 v1=26.375000 v2=17.875000 margin=8.500000
qwen35 debug logits position 1043: top1=248045 top2=248046 v1=31.875000 v2=22.875000 margin=9.000000
qwen35 debug logits position 1044: top1=248045 top2=248068 v1=28.875000 v2=21.875000 margin=7.000000
qwen35 debug logits position 1045: top1=248046 top2=248068 v1=25.250000 v2=22.625000 margin=2.625000
qwen35 debug logits position 1046: top1=198 top2=248045 v1=34.000000 v2=14.812500 margin=19.187500
qwen35 debug logits position 1047: top1=248045 top2=248044 v1=36.000000 v2=29.000000 margin=7.000000
qwen35 debug logits position 1048: top1=248045 top2=248046 v1=26.000000 v2=25.250000 margin=0.750000
qwen35 debug logits position 1049: top1=248045 top2=248046 v1=24.125000 v2=23.250000 margin=0.875000
qwen35 debug logits position 1050: top1=248046 top2=248068 v1=21.625000 v2=18.875000 margin=2.750000
qwen35 debug logits position 1051: top1=198 top2=248045 v1=35.000000 v2=13.562500 margin=21.437500
qwen35 debug logits position 1052: top1=248045 top2=248044 v1=35.250000 v2=27.250000 margin=8.000000
qwen35 debug logits position 1053: top1=248045 top2=846 v1=24.125000 v2=20.875000 margin=3.250000
qwen35 debug logits position 1054: top1=248046 top2=198 v1=22.750000 v2=21.000000 margin=1.750000
qwen35 debug logits position 1055: top1=198 top2=248045 v1=34.250000 v2=13.062500 margin=21.187500
qwen35 debug logits position 1056: top1=248045 top2=248044 v1=28.625000 v2=24.125000 margin=4.500000
qwen35 debug logits position 1057: top1=248045 top2=846 v1=21.250000 v2=18.875000 margin=2.375000
qwen35 debug logits position 1058: top1=248046 top2=248068 v1=21.500000 v2=19.250000 margin=2.250000
qwen35 debug logits position 1059: top1=198 top2=248045 v1=35.000000 v2=13.187500 margin=21.812500
qwen35 debug logits position 1060: top1=248045 top2=248044 v1=28.125000 v2=23.750000 margin=4.375000
qwen35 debug logits position 1061: top1=248045 top2=248046 v1=21.750000 v2=17.500000 margin=4.250000
qwen35 debug logits position 1062: top1=248046 top2=198 v1=23.750000 v2=19.250000 margin=4.500000
qwen35 debug logits position 1063: top1=198 top2=248045 v1=35.750000 v2=14.937500 margin=20.812500
qwen35 debug logits position 1064: top1=248045 top2=248044 v1=27.625000 v2=23.125000 margin=4.500000
qwen35 debug logits position 1065: top1=248045 top2=248044 v1=21.750000 v2=17.625000 margin=4.125000
qwen35 debug logits position 1066: top1=248046 top2=198 v1=24.875000 v2=21.125000 margin=3.750000
qwen35 debug logits position 1067: top1=198 top2=248045 v1=36.000000 v2=14.875000 margin=21.125000
qwen35 debug logits position 1068: top1=248045 top2=248044 v1=27.125000 v2=23.000000 margin=4.125000
qwen35 debug logits position 1069: top1=248045 top2=198 v1=23.500000 v2=18.500000 margin=5.000000
qwen35 debug logits position 1070: top1=248046 top2=198 v1=24.375000 v2=20.500000 margin=3.875000
qwen35 debug logits position 1071: top1=198 top2=13 v1=35.000000 v2=14.937500 margin=20.062500
qwen35 debug logits position 1072: top1=248045 top2=248044 v1=28.750000 v2=23.250000 margin=5.500000
qwen35 debug logits position 1073: top1=248045 top2=248046 v1=23.000000 v2=19.750000 margin=3.250000
qwen35 debug logits position 1074: top1=248046 top2=198 v1=25.000000 v2=20.875000 margin=4.125000
qwen35 debug logits position 1075: top1=198 top2=248045 v1=35.750000 v2=14.750000 margin=21.000000
qwen35 debug logits position 1076: top1=248045 top2=248044 v1=29.625000 v2=23.500000 margin=6.125000
qwen35 debug logits position 1077: top1=248045 top2=198 v1=25.000000 v2=18.500000 margin=6.500000
qwen35 debug logits position 1078: top1=248046 top2=198 v1=25.500000 v2=20.750000 margin=4.750000
qwen35 debug logits position 1079: top1=198 top2=13 v1=35.000000 v2=14.437500 margin=20.562500
qwen35 debug logits position 1080: top1=248045 top2=248044 v1=28.625000 v2=22.500000 margin=6.125000
qwen35 debug logits position 1081: top1=248045 top2=248046 v1=21.375000 v2=20.125000 margin=1.250000
qwen35 debug logits position 1082: top1=248046 top2=198 v1=26.625000 v2=21.000000 margin=5.625000
qwen35 debug logits position 1083: top1=198 top2=248045 v1=35.250000 v2=14.437500 margin=20.812500
qwen35 debug logits position 1084: top1=248045 top2=248044 v1=28.875000 v2=23.000000 margin=5.875000
qwen35 debug logits position 1085: top1=248045 top2=248046 v1=21.875000 v2=17.875000 margin=4.000000
qwen35 debug logits position 1086: top1=248046 top2=198 v1=25.500000 v2=21.375000 margin=4.125000
qwen35 debug logits position 1087: top1=198 top2=248045 v1=35.750000 v2=14.812500 margin=20.937500
qwen35 debug logits position 1088: top1=248045 top2=248044 v1=26.750000 v2=21.875000 margin=4.875000
qwen35 debug logits position 1089: top1=248045 top2=248046 v1=22.500000 v2=19.625000 margin=2.875000
qwen35 debug logits position 1090: top1=248046 top2=198 v1=24.875000 v2=22.000000 margin=2.875000
qwen35 debug logits position 1091: top1=198 top2=248045 v1=36.000000 v2=14.812500 margin=21.187500
qwen35 debug logits position 1092: top1=248045 top2=248044 v1=28.750000 v2=22.750000 margin=6.000000
qwen35 debug logits position 1093: top1=248045 top2=198 v1=23.875000 v2=17.250000 margin=6.625000
qwen35 debug logits position 1094: top1=248046 top2=198 v1=24.750000 v2=21.000000 margin=3.750000
qwen35 debug logits position 1095: top1=198 top2=248045 v1=35.750000 v2=14.187500 margin=21.562500
qwen35 debug logits position 1096: top1=248045 top2=248044 v1=29.000000 v2=23.125000 margin=5.875000
qwen35 debug logits position 1097: top1=248045 top2=198 v1=23.000000 v2=18.500000 margin=4.500000
qwen35 debug logits position 1098: top1=248046 top2=198 v1=25.375000 v2=20.750000 margin=4.625000
qwen35 debug logits position 1099: top1=198 top2=13 v1=36.000000 v2=14.187500 margin=21.812500
qwen35 debug logits position 1100: top1=248045 top2=248044 v1=27.500000 v2=22.000000 margin=5.500000
qwen35 debug logits position 1101: top1=248045 top2=198 v1=19.625000 v2=16.250000 margin=3.375000
qwen35 debug logits position 1102: top1=248046 top2=198 v1=21.750000 v2=19.125000 margin=2.625000
qwen35 debug logits position 1103: top1=198 top2=248045 v1=34.750000 v2=14.187500 margin=20.562500
qwen35 debug logits position 1104: top1=248045 top2=248044 v1=25.750000 v2=20.125000 margin=5.625000
qwen35 debug logits position 1105: top1=248045 top2=198 v1=21.250000 v2=18.250000 margin=3.000000
qwen35 debug logits position 1106: top1=248046 top2=198 v1=24.500000 v2=21.375000 margin=3.125000
qwen35 debug logits position 1107: top1=198 top2=248045 v1=35.500000 v2=14.812500 margin=20.687500
qwen35 debug logits position 1108: top1=248045 top2=248044 v1=26.375000 v2=20.250000 margin=6.125000
qwen35 debug logits position 1109: top1=248045 top2=198 v1=20.375000 v2=16.625000 margin=3.750000
qwen35 debug logits position 1110: top1=248046 top2=198 v1=24.000000 v2=19.875000 margin=4.125000
qwen35 debug logits position 1111: top1=198 top2=248045 v1=35.500000 v2=14.437500 margin=21.062500
qwen35 debug logits position 1112: top1=248045 top2=248044 v1=25.500000 v2=19.875000 margin=5.625000
qwen35 debug logits position 1113: top1=248045 top2=198 v1=21.000000 v2=18.500000 margin=2.500000
qwen35 debug logits position 1114: top1=248046 top2=198 v1=24.875000 v2=20.250000 margin=4.625000
qwen35 debug logits position 1115: top1=198 top2=248045 v1=35.000000 v2=14.312500 margin=20.687500
qwen35 debug logits position 1116: top1=248045 top2=248044 v1=26.375000 v2=20.250000 margin=6.125000
qwen35 debug logits position 1117: top1=248045 top2=198 v1=22.875000 v2=18.750000 margin=4.125000
qwen35 debug logits position 1118: top1=248046 top2=198 v1=25.625000 v2=20.000000 margin=5.625000
qwen35 debug logits position 1119: top1=198 top2=13 v1=35.250000 v2=14.187500 margin=21.062500
qwen35 debug logits position 1120: top1=248045 top2=248044 v1=25.750000 v2=20.250000 margin=5.500000
qwen35 debug logits position 1121: top1=248045 top2=198 v1=23.000000 v2=19.375000 margin=3.625000
qwen35 debug logits position 1122: top1=248046 top2=198 v1=26.250000 v2=20.375000 margin=5.875000
qwen35 debug logits position 1123: top1=198 top2=248045 v1=35.000000 v2=13.937500 margin=21.062500
qwen35 debug logits position 1124: top1=248045 top2=248044 v1=26.000000 v2=21.125000 margin=4.875000
qwen35 debug logits position 1125: top1=248045 top2=198 v1=23.250000 v2=19.500000 margin=3.750000
qwen35 debug logits position 1126: top1=248046 top2=198 v1=25.750000 v2=20.250000 margin=5.500000
qwen35 debug logits position 1127: top1=198 top2=248045 v1=35.000000 v2=14.250000 margin=20.750000
qwen35 debug logits position 1128: top1=248045 top2=248044 v1=27.000000 v2=21.375000 margin=5.625000
qwen35 debug logits position 1129: top1=248045 top2=248046 v1=21.625000 v2=18.875000 margin=2.750000
qwen35 debug logits position 1130: top1=248046 top2=198 v1=26.125000 v2=19.500000 margin=6.625000
qwen35 debug logits position 1131: top1=198 top2=248045 v1=34.750000 v2=14.250000 margin=20.500000
qwen35 debug logits position 1132: top1=248045 top2=248044 v1=26.375000 v2=21.000000 margin=5.375000
qwen35 debug logits position 1133: top1=248045 top2=248046 v1=22.125000 v2=19.000000 margin=3.125000
qwen35 debug logits position 1134: top1=248046 top2=198 v1=26.375000 v2=19.750000 margin=6.625000
qwen35 debug logits position 1135: top1=198 top2=248045 v1=34.500000 v2=14.125000 margin=20.375000
qwen35 debug logits position 1136: top1=248045 top2=248044 v1=26.875000 v2=20.750000 margin=6.125000
qwen35 debug logits position 1137: top1=248045 top2=248046 v1=22.375000 v2=18.000000 margin=4.375000
qwen35 debug logits position 1138: top1=248046 top2=198 v1=23.000000 v2=19.500000 margin=3.500000
qwen35 debug logits position 1139: top1=198 top2=248045 v1=34.750000 v2=13.812500 margin=20.937500
qwen35 debug logits position 1140: top1=248045 top2=248044 v1=27.000000 v2=21.125000 margin=5.875000
qwen35 debug logits position 1141: top1=248045 top2=248046 v1=20.375000 v2=19.000000 margin=1.375000
qwen35 debug logits position 1142: top1=248046 top2=198 v1=25.125000 v2=19.750000 margin=5.375000
qwen35 debug logits position 1143: top1=198 top2=248045 v1=34.250000 v2=13.687500 margin=20.562500
qwen35 debug logits position 1144: top1=248045 top2=248044 v1=27.500000 v2=22.250000 margin=5.250000
qwen35 debug logits position 1145: top1=248045 top2=198 v1=21.125000 v2=17.625000 margin=3.500000
qwen35 debug logits position 1146: top1=248046 top2=198 v1=24.125000 v2=19.000000 margin=5.125000
qwen35 debug logits position 1147: top1=198 top2=248045 v1=34.500000 v2=14.437500 margin=20.062500
qwen35 debug logits position 1148: top1=248045 top2=248044 v1=27.750000 v2=20.875000 margin=6.875000
qwen35 debug logits position 1149: top1=248045 top2=198 v1=19.625000 v2=19.375000 margin=0.250000
qwen35 debug logits position 1150: top1=248046 top2=198 v1=26.250000 v2=19.500000 margin=6.750000
qwen35 debug logits position 1151: top1=198 top2=248045 v1=34.250000 v2=14.000000 margin=20.250000
qwen35 debug hidden embedding position 7: min=-0.0563965 max=0.0583496 mean_abs=0.0125982
qwen35 debug hidden embedding position 35: min=-0.0673828 max=0.0825195 mean_abs=0.0123046
qwen35 debug hidden layer-000 position 7: min=-0.5625000 max=16.7500000 mean_abs=0.0586561
qwen35 debug hidden layer-000 position 35: min=-0.2636719 max=15.7500000 mean_abs=0.0410972
qwen35 debug hidden layer-003 position 7: min=-2.5937500 max=32.0000000 mean_abs=0.1003231
qwen35 debug hidden layer-003 position 35: min=-1.4375000 max=25.1250000 mean_abs=0.0744644
qwen35 debug hidden layer-031 position 7: min=-17.5000000 max=69.0000000 mean_abs=0.4904949
qwen35 debug hidden layer-031 position 35: min=-13.8750000 max=63.0000000 mean_abs=0.6004722
qwen35 debug hidden layer-032 position 7: min=-17.7500000 max=62.2500000 mean_abs=0.4821762
qwen35 debug hidden layer-032 position 35: min=-13.6875000 max=58.2500000 mean_abs=0.5878087
qwen35 debug hidden layer-060 position 7: min=-35.5000000 max=164.0000000 mean_abs=2.3281907
qwen35 debug hidden layer-060 position 35: min=-28.2500000 max=148.0000000 mean_abs=2.2028520
qwen35 debug hidden layer-063 position 7: min=-81.0000000 max=67.5000000 mean_abs=3.3108679
qwen35 debug hidden layer-063 position 35: min=-60.0000000 max=178.0000000 mean_abs=3.7162607
qwen35 debug hidden embedding position 83: min=-0.0649414 max=0.0510254 mean_abs=0.0121268
qwen35 debug hidden layer-000 position 83: min=-0.4511719 max=20.5000000 mean_abs=0.0556616
qwen35 debug hidden layer-003 position 83: min=-2.0468750 max=29.0000000 mean_abs=0.1077484
qwen35 debug hidden layer-031 position 83: min=-13.5000000 max=73.5000000 mean_abs=0.6449020
qwen35 debug hidden layer-032 position 83: min=-13.1875000 max=69.0000000 mean_abs=0.6306094
qwen35 debug hidden layer-060 position 83: min=-28.6250000 max=130.0000000 mean_abs=2.2341771
qwen35 debug hidden layer-063 position 83: min=-76.5000000 max=100.5000000 mean_abs=3.6722555
qwen35 debug logits position 0: top1=2456 top2=40 v1=21.000000 v2=14.937500 margin=6.062500
qwen35 debug logits position 1025: top1=55 top2=48 v1=25.625000 v2=13.625000 margin=12.000000
qwen35 debug logits position 1026: top1=35205 top2=69046 v1=29.125000 v2=17.750000 margin=11.375000
qwen35 debug logits position 1027: top1=27325 top2=12 v1=23.750000 v2=14.125000 margin=9.625000
qwen35 debug logits position 1028: top1=54 top2=12100 v1=23.500000 v2=13.500000 margin=10.000000
qwen35 debug logits position 1029: top1=923 top2=12 v1=22.750000 v2=12.687500 margin=10.062500
qwen35 debug logits position 1030: top1=18 top2=19 v1=23.250000 v2=13.187500 margin=10.062500
qwen35 debug logits position 1031: top1=23 top2=12 v1=23.125000 v2=12.000000 margin=11.125000
qwen35 debug logits position 1032: top1=12 top2=19 v1=21.000000 v2=12.500000 margin=8.500000
qwen35 debug logits position 1033: top1=19 top2=17 v1=22.500000 v2=11.937500 margin=10.562500
qwen35 debug logits position 1034: top1=15 top2=248046 v1=21.875000 v2=10.812500 margin=11.062500
qwen35 debug logits position 1035: top1=24 top2=15 v1=22.125000 v2=10.562500 margin=11.562500
qwen35 debug logits position 1036: top1=15 top2=198 v1=23.500000 v2=14.187500 margin=9.312500
qwen35 debug logits position 1037: top1=198 top2=27502 v1=19.500000 v2=18.625000 margin=0.875000
qwen35 debug logits position 1038: top1=76471 top2=2456 v1=21.750000 v2=15.812500 margin=5.937500
qwen35 debug logits position 1039: top1=248046 top2=198 v1=21.250000 v2=19.625000 margin=1.625000
qwen35 debug logits position 1040: top1=198 top2=59 v1=28.250000 v2=9.937500 margin=18.312500
qwen35 debug logits position 1041: top1=248044 top2=248045 v1=31.375000 v2=22.625000 margin=8.750000
qwen35 debug logits position 1042: top1=248045 top2=248044 v1=26.375000 v2=17.875000 margin=8.500000
qwen35 debug logits position 1043: top1=248045 top2=248046 v1=31.875000 v2=22.875000 margin=9.000000
qwen35 debug logits position 1044: top1=248045 top2=248068 v1=28.875000 v2=21.875000 margin=7.000000
qwen35 debug logits position 1045: top1=248046 top2=248068 v1=25.250000 v2=22.625000 margin=2.625000
qwen35 debug logits position 1046: top1=198 top2=248045 v1=34.000000 v2=14.812500 margin=19.187500
qwen35 debug logits position 1047: top1=248045 top2=248044 v1=36.000000 v2=29.000000 margin=7.000000
qwen35 debug logits position 1048: top1=248045 top2=248046 v1=26.000000 v2=25.250000 margin=0.750000
qwen35 debug logits position 1049: top1=248045 top2=248046 v1=24.125000 v2=23.250000 margin=0.875000
qwen35 debug logits position 1050: top1=248046 top2=248068 v1=21.625000 v2=18.875000 margin=2.750000
qwen35 debug logits position 1051: top1=198 top2=248045 v1=35.000000 v2=13.562500 margin=21.437500
qwen35 debug logits position 1052: top1=248045 top2=248044 v1=35.250000 v2=27.250000 margin=8.000000
qwen35 debug logits position 1053: top1=248045 top2=846 v1=24.125000 v2=20.875000 margin=3.250000
qwen35 debug logits position 1054: top1=248046 top2=198 v1=22.750000 v2=21.000000 margin=1.750000
qwen35 debug logits position 1055: top1=198 top2=248045 v1=34.250000 v2=13.062500 margin=21.187500
qwen35 debug logits position 1056: top1=248045 top2=248044 v1=28.625000 v2=24.125000 margin=4.500000
qwen35 debug logits position 1057: top1=248045 top2=846 v1=21.250000 v2=18.875000 margin=2.375000
qwen35 debug logits position 1058: top1=248046 top2=248068 v1=21.500000 v2=19.250000 margin=2.250000
qwen35 debug logits position 1059: top1=198 top2=248045 v1=35.000000 v2=13.187500 margin=21.812500
qwen35 debug logits position 1060: top1=248045 top2=248044 v1=28.125000 v2=23.750000 margin=4.375000
qwen35 debug logits position 1061: top1=248045 top2=248046 v1=21.750000 v2=17.500000 margin=4.250000
qwen35 debug logits position 1062: top1=248046 top2=198 v1=23.750000 v2=19.250000 margin=4.500000
qwen35 debug logits position 1063: top1=198 top2=248045 v1=35.750000 v2=14.937500 margin=20.812500
qwen35 debug logits position 1064: top1=248045 top2=248044 v1=27.625000 v2=23.125000 margin=4.500000
qwen35 debug logits position 1065: top1=248045 top2=248044 v1=21.750000 v2=17.625000 margin=4.125000
qwen35 debug logits position 1066: top1=248046 top2=198 v1=24.875000 v2=21.125000 margin=3.750000
qwen35 debug logits position 1067: top1=198 top2=248045 v1=36.000000 v2=14.875000 margin=21.125000
qwen35 debug logits position 1068: top1=248045 top2=248044 v1=27.125000 v2=23.000000 margin=4.125000
qwen35 debug logits position 1069: top1=248045 top2=198 v1=23.500000 v2=18.500000 margin=5.000000
qwen35 debug logits position 1070: top1=248046 top2=198 v1=24.375000 v2=20.500000 margin=3.875000
qwen35 debug logits position 1071: top1=198 top2=13 v1=35.000000 v2=14.937500 margin=20.062500
qwen35 debug logits position 1072: top1=248045 top2=248044 v1=28.750000 v2=23.250000 margin=5.500000
qwen35 debug logits position 1073: top1=248045 top2=248046 v1=23.000000 v2=19.750000 margin=3.250000
qwen35 debug logits position 1074: top1=248046 top2=198 v1=25.000000 v2=20.875000 margin=4.125000
qwen35 debug logits position 1075: top1=198 top2=248045 v1=35.750000 v2=14.750000 margin=21.000000
qwen35 debug logits position 1076: top1=248045 top2=248044 v1=29.625000 v2=23.500000 margin=6.125000
qwen35 debug logits position 1077: top1=248045 top2=198 v1=25.000000 v2=18.500000 margin=6.500000
qwen35 debug logits position 1078: top1=248046 top2=198 v1=25.500000 v2=20.750000 margin=4.750000
qwen35 debug logits position 1079: top1=198 top2=13 v1=35.000000 v2=14.437500 margin=20.562500
qwen35 debug logits position 1080: top1=248045 top2=248044 v1=28.625000 v2=22.500000 margin=6.125000
qwen35 debug logits position 1081: top1=248045 top2=248046 v1=21.375000 v2=20.125000 margin=1.250000
qwen35 debug logits position 1082: top1=248046 top2=198 v1=26.625000 v2=21.000000 margin=5.625000
qwen35 debug logits position 1083: top1=198 top2=248045 v1=35.250000 v2=14.437500 margin=20.812500
qwen35 debug logits position 1084: top1=248045 top2=248044 v1=28.875000 v2=23.000000 margin=5.875000
qwen35 debug logits position 1085: top1=248045 top2=248046 v1=21.875000 v2=17.875000 margin=4.000000
qwen35 debug logits position 1086: top1=248046 top2=198 v1=25.500000 v2=21.375000 margin=4.125000
qwen35 debug logits position 1087: top1=198 top2=248045 v1=35.750000 v2=14.812500 margin=20.937500
qwen35 debug logits position 1088: top1=248045 top2=248044 v1=26.750000 v2=21.875000 margin=4.875000
qwen35 debug logits position 1089: top1=248045 top2=248046 v1=22.500000 v2=19.625000 margin=2.875000
qwen35 debug logits position 1090: top1=248046 top2=198 v1=24.875000 v2=22.000000 margin=2.875000
qwen35 debug logits position 1091: top1=198 top2=248045 v1=36.000000 v2=14.812500 margin=21.187500
qwen35 debug logits position 1092: top1=248045 top2=248044 v1=28.750000 v2=22.750000 margin=6.000000
qwen35 debug logits position 1093: top1=248045 top2=198 v1=23.875000 v2=17.250000 margin=6.625000
qwen35 debug logits position 1094: top1=248046 top2=198 v1=24.750000 v2=21.000000 margin=3.750000
qwen35 debug logits position 1095: top1=198 top2=248045 v1=35.750000 v2=14.187500 margin=21.562500
qwen35 debug logits position 1096: top1=248045 top2=248044 v1=29.000000 v2=23.125000 margin=5.875000
qwen35 debug logits position 1097: top1=248045 top2=198 v1=23.000000 v2=18.500000 margin=4.500000
qwen35 debug logits position 1098: top1=248046 top2=198 v1=25.375000 v2=20.750000 margin=4.625000
qwen35 debug logits position 1099: top1=198 top2=13 v1=36.000000 v2=14.187500 margin=21.812500
qwen35 debug logits position 1100: top1=248045 top2=248044 v1=27.500000 v2=22.000000 margin=5.500000
qwen35 debug logits position 1101: top1=248045 top2=198 v1=19.625000 v2=16.250000 margin=3.375000
qwen35 debug logits position 1102: top1=248046 top2=198 v1=21.750000 v2=19.125000 margin=2.625000
qwen35 debug logits position 1103: top1=198 top2=248045 v1=34.750000 v2=14.187500 margin=20.562500
qwen35 debug logits position 1104: top1=248045 top2=248044 v1=25.750000 v2=20.125000 margin=5.625000
qwen35 debug logits position 1105: top1=248045 top2=198 v1=21.250000 v2=18.250000 margin=3.000000
qwen35 debug logits position 1106: top1=248046 top2=198 v1=24.500000 v2=21.375000 margin=3.125000
qwen35 debug logits position 1107: top1=198 top2=248045 v1=35.500000 v2=14.812500 margin=20.687500
qwen35 debug logits position 1108: top1=248045 top2=248044 v1=26.375000 v2=20.250000 margin=6.125000
qwen35 debug logits position 1109: top1=248045 top2=198 v1=20.375000 v2=16.625000 margin=3.750000
qwen35 debug logits position 1110: top1=248046 top2=198 v1=24.000000 v2=19.875000 margin=4.125000
qwen35 debug logits position 1111: top1=198 top2=248045 v1=35.500000 v2=14.437500 margin=21.062500
qwen35 debug logits position 1112: top1=248045 top2=248044 v1=25.500000 v2=19.875000 margin=5.625000
qwen35 debug logits position 1113: top1=248045 top2=198 v1=21.000000 v2=18.500000 margin=2.500000
qwen35 debug logits position 1114: top1=248046 top2=198 v1=24.875000 v2=20.250000 margin=4.625000
qwen35 debug logits position 1115: top1=198 top2=248045 v1=35.000000 v2=14.312500 margin=20.687500
qwen35 debug logits position 1116: top1=248045 top2=248044 v1=26.375000 v2=20.250000 margin=6.125000
qwen35 debug logits position 1117: top1=248045 top2=198 v1=22.875000 v2=18.750000 margin=4.125000
qwen35 debug logits position 1118: top1=248046 top2=198 v1=25.625000 v2=20.000000 margin=5.625000
qwen35 debug logits position 1119: top1=198 top2=13 v1=35.250000 v2=14.187500 margin=21.062500
qwen35 debug logits position 1120: top1=248045 top2=248044 v1=25.750000 v2=20.250000 margin=5.500000
qwen35 debug logits position 1121: top1=248045 top2=198 v1=23.000000 v2=19.375000 margin=3.625000
qwen35 debug logits position 1122: top1=248046 top2=198 v1=26.250000 v2=20.375000 margin=5.875000
qwen35 debug logits position 1123: top1=198 top2=248045 v1=35.000000 v2=13.937500 margin=21.062500
qwen35 debug logits position 1124: top1=248045 top2=248044 v1=26.000000 v2=21.125000 margin=4.875000
qwen35 debug logits position 1125: top1=248045 top2=198 v1=23.250000 v2=19.500000 margin=3.750000
qwen35 debug logits position 1126: top1=248046 top2=198 v1=25.750000 v2=20.250000 margin=5.500000
qwen35 debug logits position 1127: top1=198 top2=248045 v1=35.000000 v2=14.250000 margin=20.750000
qwen35 debug logits position 1128: top1=248045 top2=248044 v1=27.000000 v2=21.375000 margin=5.625000
qwen35 debug logits position 1129: top1=248045 top2=248046 v1=21.625000 v2=18.875000 margin=2.750000
qwen35 debug logits position 1130: top1=248046 top2=198 v1=26.125000 v2=19.500000 margin=6.625000
qwen35 debug logits position 1131: top1=198 top2=248045 v1=34.750000 v2=14.250000 margin=20.500000
qwen35 debug logits position 1132: top1=248045 top2=248044 v1=26.375000 v2=21.000000 margin=5.375000
qwen35 debug logits position 1133: top1=248045 top2=248046 v1=22.125000 v2=19.000000 margin=3.125000
qwen35 debug logits position 1134: top1=248046 top2=198 v1=26.375000 v2=19.750000 margin=6.625000
qwen35 debug logits position 1135: top1=198 top2=248045 v1=34.500000 v2=14.125000 margin=20.375000
qwen35 debug logits position 1136: top1=248045 top2=248044 v1=26.875000 v2=20.750000 margin=6.125000
qwen35 debug logits position 1137: top1=248045 top2=248046 v1=22.375000 v2=18.000000 margin=4.375000
qwen35 debug logits position 1138: top1=248046 top2=198 v1=23.000000 v2=19.500000 margin=3.500000
qwen35 debug logits position 1139: top1=198 top2=248045 v1=34.750000 v2=13.812500 margin=20.937500
qwen35 debug logits position 1140: top1=248045 top2=248044 v1=27.000000 v2=21.125000 margin=5.875000
qwen35 debug logits position 1141: top1=248045 top2=248046 v1=20.375000 v2=19.000000 margin=1.375000
qwen35 debug logits position 1142: top1=248046 top2=198 v1=25.125000 v2=19.750000 margin=5.375000
qwen35 debug logits position 1143: top1=198 top2=248045 v1=34.250000 v2=13.687500 margin=20.562500
qwen35 debug logits position 1144: top1=248045 top2=248044 v1=27.500000 v2=22.250000 margin=5.250000
qwen35 debug logits position 1145: top1=248045 top2=198 v1=21.125000 v2=17.625000 margin=3.500000
qwen35 debug logits position 1146: top1=248046 top2=198 v1=24.125000 v2=19.000000 margin=5.125000
qwen35 debug logits position 1147: top1=198 top2=248045 v1=34.500000 v2=14.437500 margin=20.062500
qwen35 debug logits position 1148: top1=248045 top2=248044 v1=27.750000 v2=20.875000 margin=6.875000
qwen35 debug logits position 1149: top1=248045 top2=198 v1=19.625000 v2=19.375000 margin=0.250000
qwen35 debug logits position 1150: top1=248046 top2=198 v1=26.250000 v2=19.500000 margin=6.750000
qwen35 debug logits position 1151: top1=198 top2=248045 v1=34.250000 v2=14.000000 margin=20.250000
qwen35 debug hidden embedding position 7: min=-0.0563965 max=0.0583496 mean_abs=0.0125982
qwen35 debug hidden embedding position 35: min=-0.0673828 max=0.0825195 mean_abs=0.0123046
qwen35 debug hidden layer-000 position 7: min=-0.5625000 max=16.7500000 mean_abs=0.0586561
qwen35 debug hidden layer-000 position 35: min=-0.2636719 max=15.7500000 mean_abs=0.0410972
qwen35 debug hidden layer-003 position 7: min=-2.5937500 max=32.0000000 mean_abs=0.1003231
qwen35 debug hidden layer-003 position 35: min=-1.4375000 max=25.1250000 mean_abs=0.0744644
qwen35 debug hidden layer-031 position 7: min=-17.5000000 max=69.0000000 mean_abs=0.4904949
qwen35 debug hidden layer-031 position 35: min=-13.8750000 max=63.0000000 mean_abs=0.6004722
qwen35 debug hidden layer-032 position 7: min=-17.7500000 max=62.2500000 mean_abs=0.4821762
qwen35 debug hidden layer-032 position 35: min=-13.6875000 max=58.2500000 mean_abs=0.5878087
qwen35 debug hidden layer-060 position 7: min=-35.5000000 max=164.0000000 mean_abs=2.3281907
qwen35 debug hidden layer-060 position 35: min=-28.2500000 max=148.0000000 mean_abs=2.2028520
qwen35 debug hidden layer-063 position 7: min=-81.0000000 max=67.5000000 mean_abs=3.3108679
qwen35 debug hidden layer-063 position 35: min=-60.0000000 max=178.0000000 mean_abs=3.7162607
qwen35 debug hidden embedding position 83: min=-0.0649414 max=0.0510254 mean_abs=0.0121268
qwen35 debug hidden layer-000 position 83: min=-0.4511719 max=20.5000000 mean_abs=0.0556616
qwen35 debug hidden layer-003 position 83: min=-2.0468750 max=29.0000000 mean_abs=0.1077484
qwen35 debug hidden layer-031 position 83: min=-13.5000000 max=73.5000000 mean_abs=0.6449020
qwen35 debug hidden layer-032 position 83: min=-13.1875000 max=69.0000000 mean_abs=0.6306094
qwen35 debug hidden layer-060 position 83: min=-28.6250000 max=130.0000000 mean_abs=2.2341771
qwen35 debug hidden layer-063 position 83: min=-76.5000000 max=100.5000000 mean_abs=3.6722555
qwen35 debug logits position 0: top1=2456 top2=40 v1=21.000000 v2=14.937500 margin=6.062500
qwen35 debug logits position 1025: top1=55 top2=48 v1=25.625000 v2=13.625000 margin=12.000000
qwen35 debug logits position 1026: top1=35205 top2=69046 v1=29.125000 v2=17.750000 margin=11.375000
qwen35 debug logits position 1027: top1=27325 top2=12 v1=23.750000 v2=14.125000 margin=9.625000
qwen35 debug logits position 1028: top1=54 top2=12100 v1=23.500000 v2=13.500000 margin=10.000000
qwen35 debug logits position 1029: top1=923 top2=12 v1=22.750000 v2=12.687500 margin=10.062500
qwen35 debug logits position 1030: top1=18 top2=19 v1=23.250000 v2=13.187500 margin=10.062500
qwen35 debug logits position 1031: top1=23 top2=12 v1=23.125000 v2=12.000000 margin=11.125000
qwen35 debug logits position 1032: top1=12 top2=19 v1=21.000000 v2=12.500000 margin=8.500000
qwen35 debug logits position 1033: top1=19 top2=17 v1=22.500000 v2=11.937500 margin=10.562500
qwen35 debug logits position 1034: top1=15 top2=248046 v1=21.875000 v2=10.812500 margin=11.062500
qwen35 debug logits position 1035: top1=24 top2=15 v1=22.125000 v2=10.562500 margin=11.562500
qwen35 debug logits position 1036: top1=15 top2=198 v1=23.500000 v2=14.187500 margin=9.312500
qwen35 debug logits position 1037: top1=198 top2=27502 v1=19.500000 v2=18.625000 margin=0.875000
qwen35 debug logits position 1038: top1=76471 top2=2456 v1=21.750000 v2=15.812500 margin=5.937500
qwen35 debug logits position 1039: top1=248046 top2=198 v1=21.250000 v2=19.625000 margin=1.625000
qwen35 debug logits position 1040: top1=198 top2=59 v1=28.250000 v2=9.937500 margin=18.312500
qwen35 debug logits position 1041: top1=248044 top2=248045 v1=31.375000 v2=22.625000 margin=8.750000
qwen35 debug logits position 1042: top1=248045 top2=248044 v1=26.375000 v2=17.875000 margin=8.500000
qwen35 debug logits position 1043: top1=248045 top2=248046 v1=31.875000 v2=22.875000 margin=9.000000
qwen35 debug logits position 1044: top1=248045 top2=248068 v1=28.875000 v2=21.875000 margin=7.000000
qwen35 debug logits position 1045: top1=248046 top2=248068 v1=25.250000 v2=22.625000 margin=2.625000
qwen35 debug logits position 1046: top1=198 top2=248045 v1=34.000000 v2=14.812500 margin=19.187500
qwen35 debug logits position 1047: top1=248045 top2=248044 v1=36.000000 v2=29.000000 margin=7.000000
qwen35 debug logits position 1048: top1=248045 top2=248046 v1=26.000000 v2=25.250000 margin=0.750000
qwen35 debug logits position 1049: top1=248045 top2=248046 v1=24.125000 v2=23.250000 margin=0.875000
qwen35 debug logits position 1050: top1=248046 top2=248068 v1=21.625000 v2=18.875000 margin=2.750000
qwen35 debug logits position 1051: top1=198 top2=248045 v1=35.000000 v2=13.562500 margin=21.437500
qwen35 debug logits position 1052: top1=248045 top2=248044 v1=35.250000 v2=27.250000 margin=8.000000
qwen35 debug logits position 1053: top1=248045 top2=846 v1=24.125000 v2=20.875000 margin=3.250000
qwen35 debug logits position 1054: top1=248046 top2=198 v1=22.750000 v2=21.000000 margin=1.750000
qwen35 debug logits position 1055: top1=198 top2=248045 v1=34.250000 v2=13.062500 margin=21.187500
qwen35 debug logits position 1056: top1=248045 top2=248044 v1=28.625000 v2=24.125000 margin=4.500000
qwen35 debug logits position 1057: top1=248045 top2=846 v1=21.250000 v2=18.875000 margin=2.375000
qwen35 debug logits position 1058: top1=248046 top2=248068 v1=21.500000 v2=19.250000 margin=2.250000
qwen35 debug logits position 1059: top1=198 top2=248045 v1=35.000000 v2=13.187500 margin=21.812500
qwen35 debug logits position 1060: top1=248045 top2=248044 v1=28.125000 v2=23.750000 margin=4.375000
qwen35 debug logits position 1061: top1=248045 top2=248046 v1=21.750000 v2=17.500000 margin=4.250000
qwen35 debug logits position 1062: top1=248046 top2=198 v1=23.750000 v2=19.250000 margin=4.500000
qwen35 debug logits position 1063: top1=198 top2=248045 v1=35.750000 v2=14.937500 margin=20.812500
qwen35 debug logits position 1064: top1=248045 top2=248044 v1=27.625000 v2=23.125000 margin=4.500000
qwen35 debug logits position 1065: top1=248045 top2=248044 v1=21.750000 v2=17.625000 margin=4.125000
qwen35 debug logits position 1066: top1=248046 top2=198 v1=24.875000 v2=21.125000 margin=3.750000
qwen35 debug logits position 1067: top1=198 top2=248045 v1=36.000000 v2=14.875000 margin=21.125000
qwen35 debug logits position 1068: top1=248045 top2=248044 v1=27.125000 v2=23.000000 margin=4.125000
qwen35 debug logits position 1069: top1=248045 top2=198 v1=23.500000 v2=18.500000 margin=5.000000
qwen35 debug logits position 1070: top1=248046 top2=198 v1=24.375000 v2=20.500000 margin=3.875000
qwen35 debug logits position 1071: top1=198 top2=13 v1=35.000000 v2=14.937500 margin=20.062500
qwen35 debug logits position 1072: top1=248045 top2=248044 v1=28.750000 v2=23.250000 margin=5.500000
qwen35 debug logits position 1073: top1=248045 top2=248046 v1=23.000000 v2=19.750000 margin=3.250000
qwen35 debug logits position 1074: top1=248046 top2=198 v1=25.000000 v2=20.875000 margin=4.125000
qwen35 debug logits position 1075: top1=198 top2=248045 v1=35.750000 v2=14.750000 margin=21.000000
qwen35 debug logits position 1076: top1=248045 top2=248044 v1=29.625000 v2=23.500000 margin=6.125000
qwen35 debug logits position 1077: top1=248045 top2=198 v1=25.000000 v2=18.500000 margin=6.500000
qwen35 debug logits position 1078: top1=248046 top2=198 v1=25.500000 v2=20.750000 margin=4.750000
qwen35 debug logits position 1079: top1=198 top2=13 v1=35.000000 v2=14.437500 margin=20.562500
qwen35 debug logits position 1080: top1=248045 top2=248044 v1=28.625000 v2=22.500000 margin=6.125000
qwen35 debug logits position 1081: top1=248045 top2=248046 v1=21.375000 v2=20.125000 margin=1.250000
qwen35 debug logits position 1082: top1=248046 top2=198 v1=26.625000 v2=21.000000 margin=5.625000
qwen35 debug logits position 1083: top1=198 top2=248045 v1=35.250000 v2=14.437500 margin=20.812500
qwen35 debug logits position 1084: top1=248045 top2=248044 v1=28.875000 v2=23.000000 margin=5.875000
qwen35 debug logits position 1085: top1=248045 top2=248046 v1=21.875000 v2=17.875000 margin=4.000000
qwen35 debug logits position 1086: top1=248046 top2=198 v1=25.500000 v2=21.375000 margin=4.125000
qwen35 debug logits position 1087: top1=198 top2=248045 v1=35.750000 v2=14.812500 margin=20.937500
qwen35 debug logits position 1088: top1=248045 top2=248044 v1=26.750000 v2=21.875000 margin=4.875000
qwen35 debug logits position 1089: top1=248045 top2=248046 v1=22.500000 v2=19.625000 margin=2.875000
qwen35 debug logits position 1090: top1=248046 top2=198 v1=24.875000 v2=22.000000 margin=2.875000
qwen35 debug logits position 1091: top1=198 top2=248045 v1=36.000000 v2=14.812500 margin=21.187500
qwen35 debug logits position 1092: top1=248045 top2=248044 v1=28.750000 v2=22.750000 margin=6.000000
qwen35 debug logits position 1093: top1=248045 top2=198 v1=23.875000 v2=17.250000 margin=6.625000
qwen35 debug logits position 1094: top1=248046 top2=198 v1=24.750000 v2=21.000000 margin=3.750000
qwen35 debug logits position 1095: top1=198 top2=248045 v1=35.750000 v2=14.187500 margin=21.562500
qwen35 debug logits position 1096: top1=248045 top2=248044 v1=29.000000 v2=23.125000 margin=5.875000
qwen35 debug logits position 1097: top1=248045 top2=198 v1=23.000000 v2=18.500000 margin=4.500000
qwen35 debug logits position 1098: top1=248046 top2=198 v1=25.375000 v2=20.750000 margin=4.625000
qwen35 debug logits position 1099: top1=198 top2=13 v1=36.000000 v2=14.187500 margin=21.812500
qwen35 debug logits position 1100: top1=248045 top2=248044 v1=27.500000 v2=22.000000 margin=5.500000
qwen35 debug logits position 1101: top1=248045 top2=198 v1=19.625000 v2=16.250000 margin=3.375000
qwen35 debug logits position 1102: top1=248046 top2=198 v1=21.750000 v2=19.125000 margin=2.625000
qwen35 debug logits position 1103: top1=198 top2=248045 v1=34.750000 v2=14.187500 margin=20.562500
qwen35 debug logits position 1104: top1=248045 top2=248044 v1=25.750000 v2=20.125000 margin=5.625000
qwen35 debug logits position 1105: top1=248045 top2=198 v1=21.250000 v2=18.250000 margin=3.000000
qwen35 debug logits position 1106: top1=248046 top2=198 v1=24.500000 v2=21.375000 margin=3.125000
qwen35 debug logits position 1107: top1=198 top2=248045 v1=35.500000 v2=14.812500 margin=20.687500
qwen35 debug logits position 1108: top1=248045 top2=248044 v1=26.375000 v2=20.250000 margin=6.125000
qwen35 debug logits position 1109: top1=248045 top2=198 v1=20.375000 v2=16.625000 margin=3.750000
qwen35 debug logits position 1110: top1=248046 top2=198 v1=24.000000 v2=19.875000 margin=4.125000
qwen35 debug logits position 1111: top1=198 top2=248045 v1=35.500000 v2=14.437500 margin=21.062500
qwen35 debug logits position 1112: top1=248045 top2=248044 v1=25.500000 v2=19.875000 margin=5.625000
qwen35 debug logits position 1113: top1=248045 top2=198 v1=21.000000 v2=18.500000 margin=2.500000
qwen35 debug logits position 1114: top1=248046 top2=198 v1=24.875000 v2=20.250000 margin=4.625000
qwen35 debug logits position 1115: top1=198 top2=248045 v1=35.000000 v2=14.312500 margin=20.687500
qwen35 debug logits position 1116: top1=248045 top2=248044 v1=26.375000 v2=20.250000 margin=6.125000
qwen35 debug logits position 1117: top1=248045 top2=198 v1=22.875000 v2=18.750000 margin=4.125000
qwen35 debug logits position 1118: top1=248046 top2=198 v1=25.625000 v2=20.000000 margin=5.625000
qwen35 debug logits position 1119: top1=198 top2=13 v1=35.250000 v2=14.187500 margin=21.062500
qwen35 debug logits position 1120: top1=248045 top2=248044 v1=25.750000 v2=20.250000 margin=5.500000
qwen35 debug logits position 1121: top1=248045 top2=198 v1=23.000000 v2=19.375000 margin=3.625000
qwen35 debug logits position 1122: top1=248046 top2=198 v1=26.250000 v2=20.375000 margin=5.875000
qwen35 debug logits position 1123: top1=198 top2=248045 v1=35.000000 v2=13.937500 margin=21.062500
qwen35 debug logits position 1124: top1=248045 top2=248044 v1=26.000000 v2=21.125000 margin=4.875000
qwen35 debug logits position 1125: top1=248045 top2=198 v1=23.250000 v2=19.500000 margin=3.750000
qwen35 debug logits position 1126: top1=248046 top2=198 v1=25.750000 v2=20.250000 margin=5.500000
qwen35 debug logits position 1127: top1=198 top2=248045 v1=35.000000 v2=14.250000 margin=20.750000
qwen35 debug logits position 1128: top1=248045 top2=248044 v1=27.000000 v2=21.375000 margin=5.625000
qwen35 debug logits position 1129: top1=248045 top2=248046 v1=21.625000 v2=18.875000 margin=2.750000
qwen35 debug logits position 1130: top1=248046 top2=198 v1=26.125000 v2=19.500000 margin=6.625000
qwen35 debug logits position 1131: top1=198 top2=248045 v1=34.750000 v2=14.250000 margin=20.500000
qwen35 debug logits position 1132: top1=248045 top2=248044 v1=26.375000 v2=21.000000 margin=5.375000
qwen35 debug logits position 1133: top1=248045 top2=248046 v1=22.125000 v2=19.000000 margin=3.125000
qwen35 debug logits position 1134: top1=248046 top2=198 v1=26.375000 v2=19.750000 margin=6.625000
qwen35 debug logits position 1135: top1=198 top2=248045 v1=34.500000 v2=14.125000 margin=20.375000
qwen35 debug logits position 1136: top1=248045 top2=248044 v1=26.875000 v2=20.750000 margin=6.125000
qwen35 debug logits position 1137: top1=248045 top2=248046 v1=22.375000 v2=18.000000 margin=4.375000
qwen35 debug logits position 1138: top1=248046 top2=198 v1=23.000000 v2=19.500000 margin=3.500000
qwen35 debug logits position 1139: top1=198 top2=248045 v1=34.750000 v2=13.812500 margin=20.937500
qwen35 debug logits position 1140: top1=248045 top2=248044 v1=27.000000 v2=21.125000 margin=5.875000
qwen35 debug logits position 1141: top1=248045 top2=248046 v1=20.375000 v2=19.000000 margin=1.375000
qwen35 debug logits position 1142: top1=248046 top2=198 v1=25.125000 v2=19.750000 margin=5.375000
qwen35 debug logits position 1143: top1=198 top2=248045 v1=34.250000 v2=13.687500 margin=20.562500
qwen35 debug logits position 1144: top1=248045 top2=248044 v1=27.500000 v2=22.250000 margin=5.250000
qwen35 debug logits position 1145: top1=248045 top2=198 v1=21.125000 v2=17.625000 margin=3.500000
qwen35 debug logits position 1146: top1=248046 top2=198 v1=24.125000 v2=19.000000 margin=5.125000
qwen35 debug logits position 1147: top1=198 top2=248045 v1=34.500000 v2=14.437500 margin=20.062500
qwen35 debug logits position 1148: top1=248045 top2=248044 v1=27.750000 v2=20.875000 margin=6.875000
qwen35 debug logits position 1149: top1=248045 top2=198 v1=19.625000 v2=19.375000 margin=0.250000
qwen35 debug logits position 1150: top1=248046 top2=198 v1=26.250000 v2=19.500000 margin=6.750000
qwen35 debug logits position 1151: top1=198 top2=248045 v1=34.250000 v2=14.000000 margin=20.250000
qwen35 debug hidden embedding position 7: min=-0.0563965 max=0.0583496 mean_abs=0.0125982
qwen35 debug hidden embedding position 35: min=-0.0673828 max=0.0825195 mean_abs=0.0123046
qwen35 debug hidden layer-000 position 7: min=-0.5625000 max=16.7500000 mean_abs=0.0586561
qwen35 debug hidden layer-000 position 35: min=-0.2636719 max=15.7500000 mean_abs=0.0410972
qwen35 debug hidden layer-003 position 7: min=-2.5937500 max=32.0000000 mean_abs=0.1003231
qwen35 debug hidden layer-003 position 35: min=-1.4375000 max=25.1250000 mean_abs=0.0744644
qwen35 debug hidden layer-031 position 7: min=-17.5000000 max=69.0000000 mean_abs=0.4904949
qwen35 debug hidden layer-031 position 35: min=-13.8750000 max=63.0000000 mean_abs=0.6004722
qwen35 debug hidden layer-032 position 7: min=-17.7500000 max=62.2500000 mean_abs=0.4821762
qwen35 debug hidden layer-032 position 35: min=-13.6875000 max=58.2500000 mean_abs=0.5878087
qwen35 debug hidden layer-060 position 7: min=-35.5000000 max=164.0000000 mean_abs=2.3281907
qwen35 debug hidden layer-060 position 35: min=-28.2500000 max=148.0000000 mean_abs=2.2028520
qwen35 debug hidden layer-063 position 7: min=-81.0000000 max=67.5000000 mean_abs=3.3108679
qwen35 debug hidden layer-063 position 35: min=-60.0000000 max=178.0000000 mean_abs=3.7162607
qwen35 debug hidden embedding position 83: min=-0.0649414 max=0.0510254 mean_abs=0.0121268
qwen35 debug hidden layer-000 position 83: min=-0.4511719 max=20.5000000 mean_abs=0.0556616
qwen35 debug hidden layer-003 position 83: min=-2.0468750 max=29.0000000 mean_abs=0.1077484
qwen35 debug hidden layer-031 position 83: min=-13.5000000 max=73.5000000 mean_abs=0.6449020
qwen35 debug hidden layer-032 position 83: min=-13.1875000 max=69.0000000 mean_abs=0.6306094
qwen35 debug hidden layer-060 position 83: min=-28.6250000 max=130.0000000 mean_abs=2.2341771
qwen35 debug hidden layer-063 position 83: min=-76.5000000 max=100.5000000 mean_abs=3.6722555
qwen35 debug logits position 0: top1=2456 top2=40 v1=21.000000 v2=14.937500 margin=6.062500
qwen35 debug logits position 1025: top1=55 top2=48 v1=25.625000 v2=13.625000 margin=12.000000
qwen35 debug logits position 1026: top1=35205 top2=69046 v1=29.125000 v2=17.750000 margin=11.375000
qwen35 debug logits position 1027: top1=27325 top2=12 v1=23.750000 v2=14.125000 margin=9.625000
qwen35 debug logits position 1028: top1=54 top2=12100 v1=23.500000 v2=13.500000 margin=10.000000
qwen35 debug logits position 1029: top1=923 top2=12 v1=22.750000 v2=12.687500 margin=10.062500
qwen35 debug logits position 1030: top1=18 top2=19 v1=23.250000 v2=13.187500 margin=10.062500
qwen35 debug logits position 1031: top1=23 top2=12 v1=23.125000 v2=12.000000 margin=11.125000
qwen35 debug logits position 1032: top1=12 top2=19 v1=21.000000 v2=12.500000 margin=8.500000
qwen35 debug logits position 1033: top1=19 top2=17 v1=22.500000 v2=11.937500 margin=10.562500
qwen35 debug logits position 1034: top1=15 top2=248046 v1=21.875000 v2=10.812500 margin=11.062500
qwen35 debug logits position 1035: top1=24 top2=15 v1=22.125000 v2=10.562500 margin=11.562500
qwen35 debug logits position 1036: top1=15 top2=198 v1=23.500000 v2=14.187500 margin=9.312500
qwen35 debug logits position 1037: top1=198 top2=27502 v1=19.500000 v2=18.625000 margin=0.875000
qwen35 debug logits position 1038: top1=76471 top2=2456 v1=21.750000 v2=15.812500 margin=5.937500
qwen35 debug logits position 1039: top1=248046 top2=198 v1=21.250000 v2=19.625000 margin=1.625000
qwen35 debug logits position 1040: top1=198 top2=59 v1=28.250000 v2=9.937500 margin=18.312500
qwen35 debug logits position 1041: top1=248044 top2=248045 v1=31.375000 v2=22.625000 margin=8.750000
qwen35 debug logits position 1042: top1=248045 top2=248044 v1=26.375000 v2=17.875000 margin=8.500000
qwen35 debug logits position 1043: top1=248045 top2=248046 v1=31.875000 v2=22.875000 margin=9.000000
qwen35 debug logits position 1044: top1=248045 top2=248068 v1=28.875000 v2=21.875000 margin=7.000000
qwen35 debug logits position 1045: top1=248046 top2=248068 v1=25.250000 v2=22.625000 margin=2.625000
qwen35 debug logits position 1046: top1=198 top2=248045 v1=34.000000 v2=14.812500 margin=19.187500
qwen35 debug logits position 1047: top1=248045 top2=248044 v1=36.000000 v2=29.000000 margin=7.000000
qwen35 debug logits position 1048: top1=248045 top2=248046 v1=26.000000 v2=25.250000 margin=0.750000
qwen35 debug logits position 1049: top1=248045 top2=248046 v1=24.125000 v2=23.250000 margin=0.875000
qwen35 debug logits position 1050: top1=248046 top2=248068 v1=21.625000 v2=18.875000 margin=2.750000
qwen35 debug logits position 1051: top1=198 top2=248045 v1=35.000000 v2=13.562500 margin=21.437500
qwen35 debug logits position 1052: top1=248045 top2=248044 v1=35.250000 v2=27.250000 margin=8.000000
qwen35 debug logits position 1053: top1=248045 top2=846 v1=24.125000 v2=20.875000 margin=3.250000
qwen35 debug logits position 1054: top1=248046 top2=198 v1=22.750000 v2=21.000000 margin=1.750000
qwen35 debug logits position 1055: top1=198 top2=248045 v1=34.250000 v2=13.062500 margin=21.187500
qwen35 debug logits position 1056: top1=248045 top2=248044 v1=28.625000 v2=24.125000 margin=4.500000
qwen35 debug logits position 1057: top1=248045 top2=846 v1=21.250000 v2=18.875000 margin=2.375000
qwen35 debug logits position 1058: top1=248046 top2=248068 v1=21.500000 v2=19.250000 margin=2.250000
qwen35 debug logits position 1059: top1=198 top2=248045 v1=35.000000 v2=13.187500 margin=21.812500
qwen35 debug logits position 1060: top1=248045 top2=248044 v1=28.125000 v2=23.750000 margin=4.375000
qwen35 debug logits position 1061: top1=248045 top2=248046 v1=21.750000 v2=17.500000 margin=4.250000
qwen35 debug logits position 1062: top1=248046 top2=198 v1=23.750000 v2=19.250000 margin=4.500000
qwen35 debug logits position 1063: top1=198 top2=248045 v1=35.750000 v2=14.937500 margin=20.812500
qwen35 debug logits position 1064: top1=248045 top2=248044 v1=27.625000 v2=23.125000 margin=4.500000
qwen35 debug logits position 1065: top1=248045 top2=248044 v1=21.750000 v2=17.625000 margin=4.125000
qwen35 debug logits position 1066: top1=248046 top2=198 v1=24.875000 v2=21.125000 margin=3.750000
qwen35 debug logits position 1067: top1=198 top2=248045 v1=36.000000 v2=14.875000 margin=21.125000
qwen35 debug logits position 1068: top1=248045 top2=248044 v1=27.125000 v2=23.000000 margin=4.125000
qwen35 debug logits position 1069: top1=248045 top2=198 v1=23.500000 v2=18.500000 margin=5.000000
qwen35 debug logits position 1070: top1=248046 top2=198 v1=24.375000 v2=20.500000 margin=3.875000
qwen35 debug logits position 1071: top1=198 top2=13 v1=35.000000 v2=14.937500 margin=20.062500
qwen35 debug logits position 1072: top1=248045 top2=248044 v1=28.750000 v2=23.250000 margin=5.500000
qwen35 debug logits position 1073: top1=248045 top2=248046 v1=23.000000 v2=19.750000 margin=3.250000
qwen35 debug logits position 1074: top1=248046 top2=198 v1=25.000000 v2=20.875000 margin=4.125000
qwen35 debug logits position 1075: top1=198 top2=248045 v1=35.750000 v2=14.750000 margin=21.000000
qwen35 debug logits position 1076: top1=248045 top2=248044 v1=29.625000 v2=23.500000 margin=6.125000
qwen35 debug logits position 1077: top1=248045 top2=198 v1=25.000000 v2=18.500000 margin=6.500000
qwen35 debug logits position 1078: top1=248046 top2=198 v1=25.500000 v2=20.750000 margin=4.750000
qwen35 debug logits position 1079: top1=198 top2=13 v1=35.000000 v2=14.437500 margin=20.562500
qwen35 debug logits position 1080: top1=248045 top2=248044 v1=28.625000 v2=22.500000 margin=6.125000
qwen35 debug logits position 1081: top1=248045 top2=248046 v1=21.375000 v2=20.125000 margin=1.250000
qwen35 debug logits position 1082: top1=248046 top2=198 v1=26.625000 v2=21.000000 margin=5.625000
qwen35 debug logits position 1083: top1=198 top2=248045 v1=35.250000 v2=14.437500 margin=20.812500
qwen35 debug logits position 1084: top1=248045 top2=248044 v1=28.875000 v2=23.000000 margin=5.875000
qwen35 debug logits position 1085: top1=248045 top2=248046 v1=21.875000 v2=17.875000 margin=4.000000
qwen35 debug logits position 1086: top1=248046 top2=198 v1=25.500000 v2=21.375000 margin=4.125000
qwen35 debug logits position 1087: top1=198 top2=248045 v1=35.750000 v2=14.812500 margin=20.937500
qwen35 debug logits position 1088: top1=248045 top2=248044 v1=26.750000 v2=21.875000 margin=4.875000
qwen35 debug logits position 1089: top1=248045 top2=248046 v1=22.500000 v2=19.625000 margin=2.875000
qwen35 debug logits position 1090: top1=248046 top2=198 v1=24.875000 v2=22.000000 margin=2.875000
qwen35 debug logits position 1091: top1=198 top2=248045 v1=36.000000 v2=14.812500 margin=21.187500
qwen35 debug logits position 1092: top1=248045 top2=248044 v1=28.750000 v2=22.750000 margin=6.000000
qwen35 debug logits position 1093: top1=248045 top2=198 v1=23.875000 v2=17.250000 margin=6.625000
qwen35 debug logits position 1094: top1=248046 top2=198 v1=24.750000 v2=21.000000 margin=3.750000
qwen35 debug logits position 1095: top1=198 top2=248045 v1=35.750000 v2=14.187500 margin=21.562500
qwen35 debug logits position 1096: top1=248045 top2=248044 v1=29.000000 v2=23.125000 margin=5.875000
qwen35 debug logits position 1097: top1=248045 top2=198 v1=23.000000 v2=18.500000 margin=4.500000
qwen35 debug logits position 1098: top1=248046 top2=198 v1=25.375000 v2=20.750000 margin=4.625000
qwen35 debug logits position 1099: top1=198 top2=13 v1=36.000000 v2=14.187500 margin=21.812500
qwen35 debug logits position 1100: top1=248045 top2=248044 v1=27.500000 v2=22.000000 margin=5.500000
qwen35 debug logits position 1101: top1=248045 top2=198 v1=19.625000 v2=16.250000 margin=3.375000
qwen35 debug logits position 1102: top1=248046 top2=198 v1=21.750000 v2=19.125000 margin=2.625000
qwen35 debug logits position 1103: top1=198 top2=248045 v1=34.750000 v2=14.187500 margin=20.562500
qwen35 debug logits position 1104: top1=248045 top2=248044 v1=25.750000 v2=20.125000 margin=5.625000
qwen35 debug logits position 1105: top1=248045 top2=198 v1=21.250000 v2=18.250000 margin=3.000000
qwen35 debug logits position 1106: top1=248046 top2=198 v1=24.500000 v2=21.375000 margin=3.125000
qwen35 debug logits position 1107: top1=198 top2=248045 v1=35.500000 v2=14.812500 margin=20.687500
qwen35 debug logits position 1108: top1=248045 top2=248044 v1=26.375000 v2=20.250000 margin=6.125000
qwen35 debug logits position 1109: top1=248045 top2=198 v1=20.375000 v2=16.625000 margin=3.750000
qwen35 debug logits position 1110: top1=248046 top2=198 v1=24.000000 v2=19.875000 margin=4.125000
qwen35 debug logits position 1111: top1=198 top2=248045 v1=35.500000 v2=14.437500 margin=21.062500
qwen35 debug logits position 1112: top1=248045 top2=248044 v1=25.500000 v2=19.875000 margin=5.625000
qwen35 debug logits position 1113: top1=248045 top2=198 v1=21.000000 v2=18.500000 margin=2.500000
qwen35 debug logits position 1114: top1=248046 top2=198 v1=24.875000 v2=20.250000 margin=4.625000
qwen35 debug logits position 1115: top1=198 top2=248045 v1=35.000000 v2=14.312500 margin=20.687500
qwen35 debug logits position 1116: top1=248045 top2=248044 v1=26.375000 v2=20.250000 margin=6.125000
qwen35 debug logits position 1117: top1=248045 top2=198 v1=22.875000 v2=18.750000 margin=4.125000
qwen35 debug logits position 1118: top1=248046 top2=198 v1=25.625000 v2=20.000000 margin=5.625000
qwen35 debug logits position 1119: top1=198 top2=13 v1=35.250000 v2=14.187500 margin=21.062500
qwen35 debug logits position 1120: top1=248045 top2=248044 v1=25.750000 v2=20.250000 margin=5.500000
qwen35 debug logits position 1121: top1=248045 top2=198 v1=23.000000 v2=19.375000 margin=3.625000
qwen35 debug logits position 1122: top1=248046 top2=198 v1=26.250000 v2=20.375000 margin=5.875000
qwen35 debug logits position 1123: top1=198 top2=248045 v1=35.000000 v2=13.937500 margin=21.062500
qwen35 debug logits position 1124: top1=248045 top2=248044 v1=26.000000 v2=21.125000 margin=4.875000
qwen35 debug logits position 1125: top1=248045 top2=198 v1=23.250000 v2=19.500000 margin=3.750000
qwen35 debug logits position 1126: top1=248046 top2=198 v1=25.750000 v2=20.250000 margin=5.500000
qwen35 debug logits position 1127: top1=198 top2=248045 v1=35.000000 v2=14.250000 margin=20.750000
qwen35 debug logits position 1128: top1=248045 top2=248044 v1=27.000000 v2=21.375000 margin=5.625000
qwen35 debug logits position 1129: top1=248045 top2=248046 v1=21.625000 v2=18.875000 margin=2.750000
qwen35 debug logits position 1130: top1=248046 top2=198 v1=26.125000 v2=19.500000 margin=6.625000
qwen35 debug logits position 1131: top1=198 top2=248045 v1=34.750000 v2=14.250000 margin=20.500000
qwen35 debug logits position 1132: top1=248045 top2=248044 v1=26.375000 v2=21.000000 margin=5.375000
qwen35 debug logits position 1133: top1=248045 top2=248046 v1=22.125000 v2=19.000000 margin=3.125000
qwen35 debug logits position 1134: top1=248046 top2=198 v1=26.375000 v2=19.750000 margin=6.625000
qwen35 debug logits position 1135: top1=198 top2=248045 v1=34.500000 v2=14.125000 margin=20.375000
qwen35 debug logits position 1136: top1=248045 top2=248044 v1=26.875000 v2=20.750000 margin=6.125000
qwen35 debug logits position 1137: top1=248045 top2=248046 v1=22.375000 v2=18.000000 margin=4.375000
qwen35 debug logits position 1138: top1=248046 top2=198 v1=23.000000 v2=19.500000 margin=3.500000
qwen35 debug logits position 1139: top1=198 top2=248045 v1=34.750000 v2=13.812500 margin=20.937500
qwen35 debug logits position 1140: top1=248045 top2=248044 v1=27.000000 v2=21.125000 margin=5.875000
qwen35 debug logits position 1141: top1=248045 top2=248046 v1=20.375000 v2=19.000000 margin=1.375000
qwen35 debug logits position 1142: top1=248046 top2=198 v1=25.125000 v2=19.750000 margin=5.375000
qwen35 debug logits position 1143: top1=198 top2=248045 v1=34.250000 v2=13.687500 margin=20.562500
qwen35 debug logits position 1144: top1=248045 top2=248044 v1=27.500000 v2=22.250000 margin=5.250000
qwen35 debug logits position 1145: top1=248045 top2=198 v1=21.125000 v2=17.625000 margin=3.500000
qwen35 debug logits position 1146: top1=248046 top2=198 v1=24.125000 v2=19.000000 margin=5.125000
qwen35 debug logits position 1147: top1=198 top2=248045 v1=34.500000 v2=14.437500 margin=20.062500
qwen35 debug logits position 1148: top1=248045 top2=248044 v1=27.750000 v2=20.875000 margin=6.875000
qwen35 debug logits position 1149: top1=248045 top2=198 v1=19.625000 v2=19.375000 margin=0.250000
qwen35 debug logits position 1150: top1=248046 top2=198 v1=26.250000 v2=19.500000 margin=6.750000
qwen35 debug logits position 1151: top1=198 top2=248045 v1=34.250000 v2=14.000000 margin=20.250000
qwen35 debug hidden embedding position 7: min=-0.0563965 max=0.0583496 mean_abs=0.0125982
qwen35 debug hidden embedding position 35: min=-0.0673828 max=0.0825195 mean_abs=0.0123046
qwen35 debug hidden layer-000 position 7: min=-0.5625000 max=16.7500000 mean_abs=0.0586561
qwen35 debug hidden layer-000 position 35: min=-0.2636719 max=15.7500000 mean_abs=0.0410972
qwen35 debug hidden layer-003 position 7: min=-2.5937500 max=32.0000000 mean_abs=0.1003231
qwen35 debug hidden layer-003 position 35: min=-1.4375000 max=25.1250000 mean_abs=0.0744644
qwen35 debug hidden layer-031 position 7: min=-17.5000000 max=69.0000000 mean_abs=0.4904949
qwen35 debug hidden layer-031 position 35: min=-13.8750000 max=63.0000000 mean_abs=0.6004722
qwen35 debug hidden layer-032 position 7: min=-17.7500000 max=62.2500000 mean_abs=0.4821762
qwen35 debug hidden layer-032 position 35: min=-13.6875000 max=58.2500000 mean_abs=0.5878087
qwen35 debug hidden layer-060 position 7: min=-35.5000000 max=164.0000000 mean_abs=2.3281907
qwen35 debug hidden layer-060 position 35: min=-28.2500000 max=148.0000000 mean_abs=2.2028520
qwen35 debug hidden layer-063 position 7: min=-81.0000000 max=67.5000000 mean_abs=3.3108679
qwen35 debug hidden layer-063 position 35: min=-60.0000000 max=178.0000000 mean_abs=3.7162607
qwen35 debug hidden embedding position 83: min=-0.0649414 max=0.0510254 mean_abs=0.0121268
qwen35 debug hidden layer-000 position 83: min=-0.4511719 max=20.5000000 mean_abs=0.0556616
qwen35 debug hidden layer-003 position 83: min=-2.0468750 max=29.0000000 mean_abs=0.1077484
qwen35 debug hidden layer-031 position 83: min=-13.5000000 max=73.5000000 mean_abs=0.6449020
qwen35 debug hidden layer-032 position 83: min=-13.1875000 max=69.0000000 mean_abs=0.6306094
qwen35 debug hidden layer-060 position 83: min=-28.6250000 max=130.0000000 mean_abs=2.2341771
qwen35 debug hidden layer-063 position 83: min=-76.5000000 max=100.5000000 mean_abs=3.6722555
qwen35 debug logits position 0: top1=2456 top2=40 v1=21.000000 v2=14.937500 margin=6.062500
qwen35 debug logits position 1025: top1=55 top2=48 v1=25.625000 v2=13.625000 margin=12.000000
qwen35 debug logits position 1026: top1=35205 top2=69046 v1=29.125000 v2=17.750000 margin=11.375000
qwen35 debug logits position 1027: top1=27325 top2=12 v1=23.750000 v2=14.125000 margin=9.625000
qwen35 debug logits position 1028: top1=54 top2=12100 v1=23.500000 v2=13.500000 margin=10.000000
qwen35 debug logits position 1029: top1=923 top2=12 v1=22.750000 v2=12.687500 margin=10.062500
qwen35 debug logits position 1030: top1=18 top2=19 v1=23.250000 v2=13.187500 margin=10.062500
qwen35 debug logits position 1031: top1=23 top2=12 v1=23.125000 v2=12.000000 margin=11.125000
qwen35 debug logits position 1032: top1=12 top2=19 v1=21.000000 v2=12.500000 margin=8.500000
qwen35 debug logits position 1033: top1=19 top2=17 v1=22.500000 v2=11.937500 margin=10.562500
qwen35 debug logits position 1034: top1=15 top2=248046 v1=21.875000 v2=10.812500 margin=11.062500
qwen35 debug logits position 1035: top1=24 top2=15 v1=22.125000 v2=10.562500 margin=11.562500
qwen35 debug logits position 1036: top1=15 top2=198 v1=23.500000 v2=14.187500 margin=9.312500
qwen35 debug logits position 1037: top1=198 top2=27502 v1=19.500000 v2=18.625000 margin=0.875000
qwen35 debug logits position 1038: top1=76471 top2=2456 v1=21.750000 v2=15.812500 margin=5.937500
qwen35 debug logits position 1039: top1=248046 top2=198 v1=21.250000 v2=19.625000 margin=1.625000
qwen35 debug logits position 1040: top1=198 top2=59 v1=28.250000 v2=9.937500 margin=18.312500
qwen35 debug logits position 1041: top1=248044 top2=248045 v1=31.375000 v2=22.625000 margin=8.750000
qwen35 debug logits position 1042: top1=248045 top2=248044 v1=26.375000 v2=17.875000 margin=8.500000
qwen35 debug logits position 1043: top1=248045 top2=248046 v1=31.875000 v2=22.875000 margin=9.000000
qwen35 debug logits position 1044: top1=248045 top2=248068 v1=28.875000 v2=21.875000 margin=7.000000
qwen35 debug logits position 1045: top1=248046 top2=248068 v1=25.250000 v2=22.625000 margin=2.625000
qwen35 debug logits position 1046: top1=198 top2=248045 v1=34.000000 v2=14.812500 margin=19.187500
qwen35 debug logits position 1047: top1=248045 top2=248044 v1=36.000000 v2=29.000000 margin=7.000000
qwen35 debug logits position 1048: top1=248045 top2=248046 v1=26.000000 v2=25.250000 margin=0.750000
qwen35 debug logits position 1049: top1=248045 top2=248046 v1=24.125000 v2=23.250000 margin=0.875000
qwen35 debug logits position 1050: top1=248046 top2=248068 v1=21.625000 v2=18.875000 margin=2.750000
qwen35 debug logits position 1051: top1=198 top2=248045 v1=35.000000 v2=13.562500 margin=21.437500
qwen35 debug logits position 1052: top1=248045 top2=248044 v1=35.250000 v2=27.250000 margin=8.000000
qwen35 debug logits position 1053: top1=248045 top2=846 v1=24.125000 v2=20.875000 margin=3.250000
qwen35 debug logits position 1054: top1=248046 top2=198 v1=22.750000 v2=21.000000 margin=1.750000
qwen35 debug logits position 1055: top1=198 top2=248045 v1=34.250000 v2=13.062500 margin=21.187500
qwen35 debug logits position 1056: top1=248045 top2=248044 v1=28.625000 v2=24.125000 margin=4.500000
qwen35 debug logits position 1057: top1=248045 top2=846 v1=21.250000 v2=18.875000 margin=2.375000
qwen35 debug logits position 1058: top1=248046 top2=248068 v1=21.500000 v2=19.250000 margin=2.250000
qwen35 debug logits position 1059: top1=198 top2=248045 v1=35.000000 v2=13.187500 margin=21.812500
qwen35 debug logits position 1060: top1=248045 top2=248044 v1=28.125000 v2=23.750000 margin=4.375000
qwen35 debug logits position 1061: top1=248045 top2=248046 v1=21.750000 v2=17.500000 margin=4.250000
qwen35 debug logits position 1062: top1=248046 top2=198 v1=23.750000 v2=19.250000 margin=4.500000
qwen35 debug logits position 1063: top1=198 top2=248045 v1=35.750000 v2=14.937500 margin=20.812500
qwen35 debug logits position 1064: top1=248045 top2=248044 v1=27.625000 v2=23.125000 margin=4.500000
qwen35 debug logits position 1065: top1=248045 top2=248044 v1=21.750000 v2=17.625000 margin=4.125000
qwen35 debug logits position 1066: top1=248046 top2=198 v1=24.875000 v2=21.125000 margin=3.750000
qwen35 debug logits position 1067: top1=198 top2=248045 v1=36.000000 v2=14.875000 margin=21.125000
qwen35 debug logits position 1068: top1=248045 top2=248044 v1=27.125000 v2=23.000000 margin=4.125000
qwen35 debug logits position 1069: top1=248045 top2=198 v1=23.500000 v2=18.500000 margin=5.000000
qwen35 debug logits position 1070: top1=248046 top2=198 v1=24.375000 v2=20.500000 margin=3.875000
qwen35 debug logits position 1071: top1=198 top2=13 v1=35.000000 v2=14.937500 margin=20.062500
qwen35 debug logits position 1072: top1=248045 top2=248044 v1=28.750000 v2=23.250000 margin=5.500000
qwen35 debug logits position 1073: top1=248045 top2=248046 v1=23.000000 v2=19.750000 margin=3.250000
qwen35 debug logits position 1074: top1=248046 top2=198 v1=25.000000 v2=20.875000 margin=4.125000
qwen35 debug logits position 1075: top1=198 top2=248045 v1=35.750000 v2=14.750000 margin=21.000000
qwen35 debug logits position 1076: top1=248045 top2=248044 v1=29.625000 v2=23.500000 margin=6.125000
qwen35 debug logits position 1077: top1=248045 top2=198 v1=25.000000 v2=18.500000 margin=6.500000
qwen35 debug logits position 1078: top1=248046 top2=198 v1=25.500000 v2=20.750000 margin=4.750000
qwen35 debug logits position 1079: top1=198 top2=13 v1=35.000000 v2=14.437500 margin=20.562500
qwen35 debug logits position 1080: top1=248045 top2=248044 v1=28.625000 v2=22.500000 margin=6.125000
qwen35 debug logits position 1081: top1=248045 top2=248046 v1=21.375000 v2=20.125000 margin=1.250000
qwen35 debug logits position 1082: top1=248046 top2=198 v1=26.625000 v2=21.000000 margin=5.625000
qwen35 debug logits position 1083: top1=198 top2=248045 v1=35.250000 v2=14.437500 margin=20.812500
qwen35 debug logits position 1084: top1=248045 top2=248044 v1=28.875000 v2=23.000000 margin=5.875000
qwen35 debug logits position 1085: top1=248045 top2=248046 v1=21.875000 v2=17.875000 margin=4.000000
qwen35 debug logits position 1086: top1=248046 top2=198 v1=25.500000 v2=21.375000 margin=4.125000
qwen35 debug logits position 1087: top1=198 top2=248045 v1=35.750000 v2=14.812500 margin=20.937500
qwen35 debug logits position 1088: top1=248045 top2=248044 v1=26.750000 v2=21.875000 margin=4.875000
qwen35 debug logits position 1089: top1=248045 top2=248046 v1=22.500000 v2=19.625000 margin=2.875000
qwen35 debug logits position 1090: top1=248046 top2=198 v1=24.875000 v2=22.000000 margin=2.875000
qwen35 debug logits position 1091: top1=198 top2=248045 v1=36.000000 v2=14.812500 margin=21.187500
qwen35 debug logits position 1092: top1=248045 top2=248044 v1=28.750000 v2=22.750000 margin=6.000000
qwen35 debug logits position 1093: top1=248045 top2=198 v1=23.875000 v2=17.250000 margin=6.625000
qwen35 debug logits position 1094: top1=248046 top2=198 v1=24.750000 v2=21.000000 margin=3.750000
qwen35 debug logits position 1095: top1=198 top2=248045 v1=35.750000 v2=14.187500 margin=21.562500
qwen35 debug logits position 1096: top1=248045 top2=248044 v1=29.000000 v2=23.125000 margin=5.875000
qwen35 debug logits position 1097: top1=248045 top2=198 v1=23.000000 v2=18.500000 margin=4.500000
qwen35 debug logits position 1098: top1=248046 top2=198 v1=25.375000 v2=20.750000 margin=4.625000
qwen35 debug logits position 1099: top1=198 top2=13 v1=36.000000 v2=14.187500 margin=21.812500
qwen35 debug logits position 1100: top1=248045 top2=248044 v1=27.500000 v2=22.000000 margin=5.500000
qwen35 debug logits position 1101: top1=248045 top2=198 v1=19.625000 v2=16.250000 margin=3.375000
qwen35 debug logits position 1102: top1=248046 top2=198 v1=21.750000 v2=19.125000 margin=2.625000
qwen35 debug logits position 1103: top1=198 top2=248045 v1=34.750000 v2=14.187500 margin=20.562500
qwen35 debug logits position 1104: top1=248045 top2=248044 v1=25.750000 v2=20.125000 margin=5.625000
qwen35 debug logits position 1105: top1=248045 top2=198 v1=21.250000 v2=18.250000 margin=3.000000
qwen35 debug logits position 1106: top1=248046 top2=198 v1=24.500000 v2=21.375000 margin=3.125000
qwen35 debug logits position 1107: top1=198 top2=248045 v1=35.500000 v2=14.812500 margin=20.687500
qwen35 debug logits position 1108: top1=248045 top2=248044 v1=26.375000 v2=20.250000 margin=6.125000
qwen35 debug logits position 1109: top1=248045 top2=198 v1=20.375000 v2=16.625000 margin=3.750000
qwen35 debug logits position 1110: top1=248046 top2=198 v1=24.000000 v2=19.875000 margin=4.125000
qwen35 debug logits position 1111: top1=198 top2=248045 v1=35.500000 v2=14.437500 margin=21.062500
qwen35 debug logits position 1112: top1=248045 top2=248044 v1=25.500000 v2=19.875000 margin=5.625000
qwen35 debug logits position 1113: top1=248045 top2=198 v1=21.000000 v2=18.500000 margin=2.500000
qwen35 debug logits position 1114: top1=248046 top2=198 v1=24.875000 v2=20.250000 margin=4.625000
qwen35 debug logits position 1115: top1=198 top2=248045 v1=35.000000 v2=14.312500 margin=20.687500
qwen35 debug logits position 1116: top1=248045 top2=248044 v1=26.375000 v2=20.250000 margin=6.125000
qwen35 debug logits position 1117: top1=248045 top2=198 v1=22.875000 v2=18.750000 margin=4.125000
qwen35 debug logits position 1118: top1=248046 top2=198 v1=25.625000 v2=20.000000 margin=5.625000
qwen35 debug logits position 1119: top1=198 top2=13 v1=35.250000 v2=14.187500 margin=21.062500
qwen35 debug logits position 1120: top1=248045 top2=248044 v1=25.750000 v2=20.250000 margin=5.500000
qwen35 debug logits position 1121: top1=248045 top2=198 v1=23.000000 v2=19.375000 margin=3.625000
qwen35 debug logits position 1122: top1=248046 top2=198 v1=26.250000 v2=20.375000 margin=5.875000
qwen35 debug logits position 1123: top1=198 top2=248045 v1=35.000000 v2=13.937500 margin=21.062500
qwen35 debug logits position 1124: top1=248045 top2=248044 v1=26.000000 v2=21.125000 margin=4.875000
qwen35 debug logits position 1125: top1=248045 top2=198 v1=23.250000 v2=19.500000 margin=3.750000
qwen35 debug logits position 1126: top1=248046 top2=198 v1=25.750000 v2=20.250000 margin=5.500000
qwen35 debug logits position 1127: top1=198 top2=248045 v1=35.000000 v2=14.250000 margin=20.750000
qwen35 debug logits position 1128: top1=248045 top2=248044 v1=27.000000 v2=21.375000 margin=5.625000
qwen35 debug logits position 1129: top1=248045 top2=248046 v1=21.625000 v2=18.875000 margin=2.750000
qwen35 debug logits position 1130: top1=248046 top2=198 v1=26.125000 v2=19.500000 margin=6.625000
qwen35 debug logits position 1131: top1=198 top2=248045 v1=34.750000 v2=14.250000 margin=20.500000
qwen35 debug logits position 1132: top1=248045 top2=248044 v1=26.375000 v2=21.000000 margin=5.375000
qwen35 debug logits position 1133: top1=248045 top2=248046 v1=22.125000 v2=19.000000 margin=3.125000
qwen35 debug logits position 1134: top1=248046 top2=198 v1=26.375000 v2=19.750000 margin=6.625000
qwen35 debug logits position 1135: top1=198 top2=248045 v1=34.500000 v2=14.125000 margin=20.375000
qwen35 debug logits position 1136: top1=248045 top2=248044 v1=26.875000 v2=20.750000 margin=6.125000
qwen35 debug logits position 1137: top1=248045 top2=248046 v1=22.375000 v2=18.000000 margin=4.375000
qwen35 debug logits position 1138: top1=248046 top2=198 v1=23.000000 v2=19.500000 margin=3.500000
qwen35 debug logits position 1139: top1=198 top2=248045 v1=34.750000 v2=13.812500 margin=20.937500
qwen35 debug logits position 1140: top1=248045 top2=248044 v1=27.000000 v2=21.125000 margin=5.875000
qwen35 debug logits position 1141: top1=248045 top2=248046 v1=20.375000 v2=19.000000 margin=1.375000
qwen35 debug logits position 1142: top1=248046 top2=198 v1=25.125000 v2=19.750000 margin=5.375000
qwen35 debug logits position 1143: top1=198 top2=248045 v1=34.250000 v2=13.687500 margin=20.562500
qwen35 debug logits position 1144: top1=248045 top2=248044 v1=27.500000 v2=22.250000 margin=5.250000
qwen35 debug logits position 1145: top1=248045 top2=198 v1=21.125000 v2=17.625000 margin=3.500000
qwen35 debug logits position 1146: top1=248046 top2=198 v1=24.125000 v2=19.000000 margin=5.125000
qwen35 debug logits position 1147: top1=198 top2=248045 v1=34.500000 v2=14.437500 margin=20.062500
qwen35 debug logits position 1148: top1=248045 top2=248044 v1=27.750000 v2=20.875000 margin=6.875000
qwen35 debug logits position 1149: top1=248045 top2=198 v1=19.625000 v2=19.375000 margin=0.250000
qwen35 debug logits position 1150: top1=248046 top2=198 v1=26.250000 v2=19.500000 margin=6.750000
qwen35 debug logits position 1151: top1=198 top2=248045 v1=34.250000 v2=14.000000 margin=20.250000
qwen35 debug hidden embedding position 7: min=-0.0563965 max=0.0583496 mean_abs=0.0125982
qwen35 debug hidden embedding position 35: min=-0.0673828 max=0.0825195 mean_abs=0.0123046
qwen35 debug hidden layer-000 position 7: min=-0.5625000 max=16.7500000 mean_abs=0.0586561
qwen35 debug hidden layer-000 position 35: min=-0.2636719 max=15.7500000 mean_abs=0.0410972
qwen35 debug hidden layer-003 position 7: min=-2.5937500 max=32.0000000 mean_abs=0.1003231
qwen35 debug hidden layer-003 position 35: min=-1.4375000 max=25.1250000 mean_abs=0.0744644
qwen35 debug hidden layer-031 position 7: min=-17.5000000 max=69.0000000 mean_abs=0.4904949
qwen35 debug hidden layer-031 position 35: min=-13.8750000 max=63.0000000 mean_abs=0.6004722
qwen35 debug hidden layer-032 position 7: min=-17.7500000 max=62.2500000 mean_abs=0.4821762
qwen35 debug hidden layer-032 position 35: min=-13.6875000 max=58.2500000 mean_abs=0.5878087
qwen35 debug hidden layer-060 position 7: min=-35.5000000 max=164.0000000 mean_abs=2.3281907
qwen35 debug hidden layer-060 position 35: min=-28.2500000 max=148.0000000 mean_abs=2.2028520
qwen35 debug hidden layer-063 position 7: min=-81.0000000 max=67.5000000 mean_abs=3.3108679
qwen35 debug hidden layer-063 position 35: min=-60.0000000 max=178.0000000 mean_abs=3.7162607
qwen35 debug hidden embedding position 83: min=-0.0649414 max=0.0510254 mean_abs=0.0121268
qwen35 debug hidden layer-000 position 83: min=-0.4511719 max=20.5000000 mean_abs=0.0556616
qwen35 debug hidden layer-003 position 83: min=-2.0468750 max=29.0000000 mean_abs=0.1077484
qwen35 debug hidden layer-031 position 83: min=-13.5000000 max=73.5000000 mean_abs=0.6449020
qwen35 debug hidden layer-032 position 83: min=-13.1875000 max=69.0000000 mean_abs=0.6306094
qwen35 debug hidden layer-060 position 83: min=-28.6250000 max=130.0000000 mean_abs=2.2341771
qwen35 debug hidden layer-063 position 83: min=-76.5000000 max=100.5000000 mean_abs=3.6722555
qwen35 debug logits position 0: top1=2456 top2=40 v1=21.000000 v2=14.937500 margin=6.062500
qwen35 debug logits position 1025: top1=55 top2=48 v1=25.625000 v2=13.625000 margin=12.000000
qwen35 debug logits position 1026: top1=35205 top2=69046 v1=29.125000 v2=17.750000 margin=11.375000
qwen35 debug logits position 1027: top1=27325 top2=12 v1=23.750000 v2=14.125000 margin=9.625000
qwen35 debug logits position 1028: top1=54 top2=12100 v1=23.500000 v2=13.500000 margin=10.000000
qwen35 debug logits position 1029: top1=923 top2=12 v1=22.750000 v2=12.687500 margin=10.062500
qwen35 debug logits position 1030: top1=18 top2=19 v1=23.250000 v2=13.187500 margin=10.062500
qwen35 debug logits position 1031: top1=23 top2=12 v1=23.125000 v2=12.000000 margin=11.125000
qwen35 debug logits position 1032: top1=12 top2=19 v1=21.000000 v2=12.500000 margin=8.500000
qwen35 debug logits position 1033: top1=19 top2=17 v1=22.500000 v2=11.937500 margin=10.562500
qwen35 debug logits position 1034: top1=15 top2=248046 v1=21.875000 v2=10.812500 margin=11.062500
qwen35 debug logits position 1035: top1=24 top2=15 v1=22.125000 v2=10.562500 margin=11.562500
qwen35 debug logits position 1036: top1=15 top2=198 v1=23.500000 v2=14.187500 margin=9.312500
qwen35 debug logits position 1037: top1=198 top2=27502 v1=19.500000 v2=18.625000 margin=0.875000
qwen35 debug logits position 1038: top1=76471 top2=2456 v1=21.750000 v2=15.812500 margin=5.937500
qwen35 debug logits position 1039: top1=248046 top2=198 v1=21.250000 v2=19.625000 margin=1.625000
qwen35 debug logits position 1040: top1=198 top2=59 v1=28.250000 v2=9.937500 margin=18.312500
qwen35 debug logits position 1041: top1=248044 top2=248045 v1=31.375000 v2=22.625000 margin=8.750000
qwen35 debug logits position 1042: top1=248045 top2=248044 v1=26.375000 v2=17.875000 margin=8.500000
qwen35 debug logits position 1043: top1=248045 top2=248046 v1=31.875000 v2=22.875000 margin=9.000000
qwen35 debug logits position 1044: top1=248045 top2=248068 v1=28.875000 v2=21.875000 margin=7.000000
qwen35 debug logits position 1045: top1=248046 top2=248068 v1=25.250000 v2=22.625000 margin=2.625000
qwen35 debug logits position 1046: top1=198 top2=248045 v1=34.000000 v2=14.812500 margin=19.187500
qwen35 debug logits position 1047: top1=248045 top2=248044 v1=36.000000 v2=29.000000 margin=7.000000
qwen35 debug logits position 1048: top1=248045 top2=248046 v1=26.000000 v2=25.250000 margin=0.750000
qwen35 debug logits position 1049: top1=248045 top2=248046 v1=24.125000 v2=23.250000 margin=0.875000
qwen35 debug logits position 1050: top1=248046 top2=248068 v1=21.625000 v2=18.875000 margin=2.750000
qwen35 debug logits position 1051: top1=198 top2=248045 v1=35.000000 v2=13.562500 margin=21.437500
qwen35 debug logits position 1052: top1=248045 top2=248044 v1=35.250000 v2=27.250000 margin=8.000000
qwen35 debug logits position 1053: top1=248045 top2=846 v1=24.125000 v2=20.875000 margin=3.250000
qwen35 debug logits position 1054: top1=248046 top2=198 v1=22.750000 v2=21.000000 margin=1.750000
qwen35 debug logits position 1055: top1=198 top2=248045 v1=34.250000 v2=13.062500 margin=21.187500
qwen35 debug logits position 1056: top1=248045 top2=248044 v1=28.625000 v2=24.125000 margin=4.500000
qwen35 debug logits position 1057: top1=248045 top2=846 v1=21.250000 v2=18.875000 margin=2.375000
qwen35 debug logits position 1058: top1=248046 top2=248068 v1=21.500000 v2=19.250000 margin=2.250000
qwen35 debug logits position 1059: top1=198 top2=248045 v1=35.000000 v2=13.187500 margin=21.812500
qwen35 debug logits position 1060: top1=248045 top2=248044 v1=28.125000 v2=23.750000 margin=4.375000
qwen35 debug logits position 1061: top1=248045 top2=248046 v1=21.750000 v2=17.500000 margin=4.250000
qwen35 debug logits position 1062: top1=248046 top2=198 v1=23.750000 v2=19.250000 margin=4.500000
qwen35 debug logits position 1063: top1=198 top2=248045 v1=35.750000 v2=14.937500 margin=20.812500
qwen35 debug logits position 1064: top1=248045 top2=248044 v1=27.625000 v2=23.125000 margin=4.500000
qwen35 debug logits position 1065: top1=248045 top2=248044 v1=21.750000 v2=17.625000 margin=4.125000
qwen35 debug logits position 1066: top1=248046 top2=198 v1=24.875000 v2=21.125000 margin=3.750000
qwen35 debug logits position 1067: top1=198 top2=248045 v1=36.000000 v2=14.875000 margin=21.125000
qwen35 debug logits position 1068: top1=248045 top2=248044 v1=27.125000 v2=23.000000 margin=4.125000
qwen35 debug logits position 1069: top1=248045 top2=198 v1=23.500000 v2=18.500000 margin=5.000000
qwen35 debug logits position 1070: top1=248046 top2=198 v1=24.375000 v2=20.500000 margin=3.875000
qwen35 debug logits position 1071: top1=198 top2=13 v1=35.000000 v2=14.937500 margin=20.062500
qwen35 debug logits position 1072: top1=248045 top2=248044 v1=28.750000 v2=23.250000 margin=5.500000
qwen35 debug logits position 1073: top1=248045 top2=248046 v1=23.000000 v2=19.750000 margin=3.250000
qwen35 debug logits position 1074: top1=248046 top2=198 v1=25.000000 v2=20.875000 margin=4.125000
qwen35 debug logits position 1075: top1=198 top2=248045 v1=35.750000 v2=14.750000 margin=21.000000
qwen35 debug logits position 1076: top1=248045 top2=248044 v1=29.625000 v2=23.500000 margin=6.125000
qwen35 debug logits position 1077: top1=248045 top2=198 v1=25.000000 v2=18.500000 margin=6.500000
qwen35 debug logits position 1078: top1=248046 top2=198 v1=25.500000 v2=20.750000 margin=4.750000
qwen35 debug logits position 1079: top1=198 top2=13 v1=35.000000 v2=14.437500 margin=20.562500
qwen35 debug logits position 1080: top1=248045 top2=248044 v1=28.625000 v2=22.500000 margin=6.125000
qwen35 debug logits position 1081: top1=248045 top2=248046 v1=21.375000 v2=20.125000 margin=1.250000
qwen35 debug logits position 1082: top1=248046 top2=198 v1=26.625000 v2=21.000000 margin=5.625000
qwen35 debug logits position 1083: top1=198 top2=248045 v1=35.250000 v2=14.437500 margin=20.812500
qwen35 debug logits position 1084: top1=248045 top2=248044 v1=28.875000 v2=23.000000 margin=5.875000
qwen35 debug logits position 1085: top1=248045 top2=248046 v1=21.875000 v2=17.875000 margin=4.000000
qwen35 debug logits position 1086: top1=248046 top2=198 v1=25.500000 v2=21.375000 margin=4.125000
qwen35 debug logits position 1087: top1=198 top2=248045 v1=35.750000 v2=14.812500 margin=20.937500
qwen35 debug logits position 1088: top1=248045 top2=248044 v1=26.750000 v2=21.875000 margin=4.875000
qwen35 debug logits position 1089: top1=248045 top2=248046 v1=22.500000 v2=19.625000 margin=2.875000
qwen35 debug logits position 1090: top1=248046 top2=198 v1=24.875000 v2=22.000000 margin=2.875000
qwen35 debug logits position 1091: top1=198 top2=248045 v1=36.000000 v2=14.812500 margin=21.187500
qwen35 debug logits position 1092: top1=248045 top2=248044 v1=28.750000 v2=22.750000 margin=6.000000
qwen35 debug logits position 1093: top1=248045 top2=198 v1=23.875000 v2=17.250000 margin=6.625000
qwen35 debug logits position 1094: top1=248046 top2=198 v1=24.750000 v2=21.000000 margin=3.750000
qwen35 debug logits position 1095: top1=198 top2=248045 v1=35.750000 v2=14.187500 margin=21.562500
qwen35 debug logits position 1096: top1=248045 top2=248044 v1=29.000000 v2=23.125000 margin=5.875000
qwen35 debug logits position 1097: top1=248045 top2=198 v1=23.000000 v2=18.500000 margin=4.500000
qwen35 debug logits position 1098: top1=248046 top2=198 v1=25.375000 v2=20.750000 margin=4.625000
qwen35 debug logits position 1099: top1=198 top2=13 v1=36.000000 v2=14.187500 margin=21.812500
qwen35 debug logits position 1100: top1=248045 top2=248044 v1=27.500000 v2=22.000000 margin=5.500000
qwen35 debug logits position 1101: top1=248045 top2=198 v1=19.625000 v2=16.250000 margin=3.375000
qwen35 debug logits position 1102: top1=248046 top2=198 v1=21.750000 v2=19.125000 margin=2.625000
qwen35 debug logits position 1103: top1=198 top2=248045 v1=34.750000 v2=14.187500 margin=20.562500
qwen35 debug logits position 1104: top1=248045 top2=248044 v1=25.750000 v2=20.125000 margin=5.625000
qwen35 debug logits position 1105: top1=248045 top2=198 v1=21.250000 v2=18.250000 margin=3.000000
qwen35 debug logits position 1106: top1=248046 top2=198 v1=24.500000 v2=21.375000 margin=3.125000
qwen35 debug logits position 1107: top1=198 top2=248045 v1=35.500000 v2=14.812500 margin=20.687500
qwen35 debug logits position 1108: top1=248045 top2=248044 v1=26.375000 v2=20.250000 margin=6.125000
qwen35 debug logits position 1109: top1=248045 top2=198 v1=20.375000 v2=16.625000 margin=3.750000
qwen35 debug logits position 1110: top1=248046 top2=198 v1=24.000000 v2=19.875000 margin=4.125000
qwen35 debug logits position 1111: top1=198 top2=248045 v1=35.500000 v2=14.437500 margin=21.062500
qwen35 debug logits position 1112: top1=248045 top2=248044 v1=25.500000 v2=19.875000 margin=5.625000
qwen35 debug logits position 1113: top1=248045 top2=198 v1=21.000000 v2=18.500000 margin=2.500000
qwen35 debug logits position 1114: top1=248046 top2=198 v1=24.875000 v2=20.250000 margin=4.625000
qwen35 debug logits position 1115: top1=198 top2=248045 v1=35.000000 v2=14.312500 margin=20.687500
qwen35 debug logits position 1116: top1=248045 top2=248044 v1=26.375000 v2=20.250000 margin=6.125000
qwen35 debug logits position 1117: top1=248045 top2=198 v1=22.875000 v2=18.750000 margin=4.125000
qwen35 debug logits position 1118: top1=248046 top2=198 v1=25.625000 v2=20.000000 margin=5.625000
qwen35 debug logits position 1119: top1=198 top2=13 v1=35.250000 v2=14.187500 margin=21.062500
qwen35 debug logits position 1120: top1=248045 top2=248044 v1=25.750000 v2=20.250000 margin=5.500000
qwen35 debug logits position 1121: top1=248045 top2=198 v1=23.000000 v2=19.375000 margin=3.625000
qwen35 debug logits position 1122: top1=248046 top2=198 v1=26.250000 v2=20.375000 margin=5.875000
qwen35 debug logits position 1123: top1=198 top2=248045 v1=35.000000 v2=13.937500 margin=21.062500
qwen35 debug logits position 1124: top1=248045 top2=248044 v1=26.000000 v2=21.125000 margin=4.875000
qwen35 debug logits position 1125: top1=248045 top2=198 v1=23.250000 v2=19.500000 margin=3.750000
qwen35 debug logits position 1126: top1=248046 top2=198 v1=25.750000 v2=20.250000 margin=5.500000
qwen35 debug logits position 1127: top1=198 top2=248045 v1=35.000000 v2=14.250000 margin=20.750000
qwen35 debug logits position 1128: top1=248045 top2=248044 v1=27.000000 v2=21.375000 margin=5.625000
qwen35 debug logits position 1129: top1=248045 top2=248046 v1=21.625000 v2=18.875000 margin=2.750000
qwen35 debug logits position 1130: top1=248046 top2=198 v1=26.125000 v2=19.500000 margin=6.625000
qwen35 debug logits position 1131: top1=198 top2=248045 v1=34.750000 v2=14.250000 margin=20.500000
qwen35 debug logits position 1132: top1=248045 top2=248044 v1=26.375000 v2=21.000000 margin=5.375000
qwen35 debug logits position 1133: top1=248045 top2=248046 v1=22.125000 v2=19.000000 margin=3.125000
qwen35 debug logits position 1134: top1=248046 top2=198 v1=26.375000 v2=19.750000 margin=6.625000
qwen35 debug logits position 1135: top1=198 top2=248045 v1=34.500000 v2=14.125000 margin=20.375000
qwen35 debug logits position 1136: top1=248045 top2=248044 v1=26.875000 v2=20.750000 margin=6.125000
qwen35 debug logits position 1137: top1=248045 top2=248046 v1=22.375000 v2=18.000000 margin=4.375000
qwen35 debug logits position 1138: top1=248046 top2=198 v1=23.000000 v2=19.500000 margin=3.500000
qwen35 debug logits position 1139: top1=198 top2=248045 v1=34.750000 v2=13.812500 margin=20.937500
qwen35 debug logits position 1140: top1=248045 top2=248044 v1=27.000000 v2=21.125000 margin=5.875000
qwen35 debug logits position 1141: top1=248045 top2=248046 v1=20.375000 v2=19.000000 margin=1.375000
qwen35 debug logits position 1142: top1=248046 top2=198 v1=25.125000 v2=19.750000 margin=5.375000
qwen35 debug logits position 1143: top1=198 top2=248045 v1=34.250000 v2=13.687500 margin=20.562500
qwen35 debug logits position 1144: top1=248045 top2=248044 v1=27.500000 v2=22.250000 margin=5.250000
qwen35 debug logits position 1145: top1=248045 top2=198 v1=21.125000 v2=17.625000 margin=3.500000
qwen35 debug logits position 1146: top1=248046 top2=198 v1=24.125000 v2=19.000000 margin=5.125000
qwen35 debug logits position 1147: top1=198 top2=248045 v1=34.500000 v2=14.437500 margin=20.062500
qwen35 debug logits position 1148: top1=248045 top2=248044 v1=27.750000 v2=20.875000 margin=6.875000
qwen35 debug logits position 1149: top1=248045 top2=198 v1=19.625000 v2=19.375000 margin=0.250000
qwen35 debug logits position 1150: top1=248046 top2=198 v1=26.250000 v2=19.500000 margin=6.750000
qwen35 debug logits position 1151: top1=198 top2=248045 v1=34.250000 v2=14.000000 margin=20.250000
qwen35 debug hidden embedding position 7: min=-0.0563965 max=0.0583496 mean_abs=0.0125982
qwen35 debug hidden embedding position 35: min=-0.1289062 max=0.1054688 mean_abs=0.0117574
qwen35 debug hidden layer-000 position 7: min=-0.5625000 max=16.7500000 mean_abs=0.0586561
qwen35 debug hidden layer-000 position 35: min=-0.4707031 max=15.5000000 mean_abs=0.0385498
qwen35 debug hidden layer-003 position 7: min=-2.5937500 max=32.0000000 mean_abs=0.1003231
qwen35 debug hidden layer-003 position 35: min=-1.7500000 max=26.6250000 mean_abs=0.0718240
qwen35 debug hidden layer-031 position 7: min=-17.5000000 max=69.0000000 mean_abs=0.4904949
qwen35 debug hidden layer-031 position 35: min=-12.9375000 max=65.5000000 mean_abs=0.4786619
qwen35 debug hidden layer-032 position 7: min=-17.7500000 max=62.2500000 mean_abs=0.4821762
qwen35 debug hidden layer-032 position 35: min=-12.8125000 max=63.2500000 mean_abs=0.4753920
qwen35 debug hidden layer-060 position 7: min=-35.5000000 max=164.0000000 mean_abs=2.3281907
qwen35 debug hidden layer-060 position 35: min=-32.0000000 max=208.0000000 mean_abs=1.9094834
qwen35 debug hidden layer-063 position 7: min=-81.0000000 max=67.5000000 mean_abs=3.3108679
qwen35 debug hidden layer-063 position 35: min=-63.2500000 max=132.0000000 mean_abs=3.6961290
qwen35 debug hidden embedding position 83: min=-0.0593262 max=0.0595703 mean_abs=0.0116621
qwen35 debug hidden layer-000 position 83: min=-0.3203125 max=16.7500000 mean_abs=0.0495676
qwen35 debug hidden layer-003 position 83: min=-1.4921875 max=27.3750000 mean_abs=0.0822911
qwen35 debug hidden layer-031 position 83: min=-11.0000000 max=65.0000000 mean_abs=0.4612303
qwen35 debug hidden layer-032 position 83: min=-11.5625000 max=60.7500000 mean_abs=0.4769390
qwen35 debug hidden layer-060 position 83: min=-23.2500000 max=171.0000000 mean_abs=2.0438626
qwen35 debug hidden layer-063 position 83: min=-71.0000000 max=113.5000000 mean_abs=3.4609423
qwen35 debug logits position 0: top1=2456 top2=76471 v1=21.000000 v2=15.437500 margin=5.562500
qwen35 debug logits position 2049: top1=55 top2=48 v1=25.375000 v2=13.562500 margin=11.812500
qwen35 debug logits position 2050: top1=35205 top2=69046 v1=28.875000 v2=17.500000 margin=11.375000
qwen35 debug logits position 2051: top1=27325 top2=12 v1=23.875000 v2=14.062500 margin=9.812500
qwen35 debug logits position 2052: top1=54 top2=12100 v1=23.625000 v2=13.750000 margin=9.875000
qwen35 debug logits position 2053: top1=923 top2=2629 v1=25.000000 v2=13.000000 margin=12.000000
qwen35 debug logits position 2054: top1=18 top2=12 v1=23.875000 v2=13.750000 margin=10.125000
qwen35 debug logits position 2055: top1=23 top2=12 v1=23.250000 v2=16.375000 margin=6.875000
qwen35 debug logits position 2056: top1=12 top2=19 v1=21.375000 v2=11.937500 margin=9.437500
qwen35 debug logits position 2057: top1=19 top2=15 v1=23.125000 v2=13.625000 margin=9.500000
qwen35 debug logits position 2058: top1=15 top2=248046 v1=22.250000 v2=11.562500 margin=10.687500
qwen35 debug logits position 2059: top1=24 top2=19 v1=23.625000 v2=12.875000 margin=10.750000
qwen35 debug logits position 2060: top1=15 top2=198 v1=23.625000 v2=14.375000 margin=9.250000
qwen35 debug logits position 2061: top1=198 top2=27502 v1=19.875000 v2=18.625000 margin=1.250000
qwen35 debug logits position 2062: top1=76471 top2=2456 v1=21.625000 v2=15.375000 margin=6.250000
qwen35 debug logits position 2063: top1=248046 top2=198 v1=20.625000 v2=19.875000 margin=0.750000
qwen35 debug logits position 2064: top1=198 top2=248044 v1=28.250000 v2=10.187500 margin=18.062500
qwen35 debug logits position 2065: top1=248044 top2=248045 v1=31.375000 v2=21.250000 margin=10.125000
qwen35 debug logits position 2066: top1=248045 top2=248044 v1=26.250000 v2=16.750000 margin=9.500000
qwen35 debug logits position 2067: top1=248045 top2=248046 v1=29.750000 v2=21.625000 margin=8.125000
qwen35 debug logits position 2068: top1=248045 top2=248068 v1=28.500000 v2=19.000000 margin=9.500000
qwen35 debug logits position 2069: top1=248068 top2=248046 v1=22.000000 v2=21.750000 margin=0.250000
qwen35 debug logits position 2070: top1=198 top2=271 v1=28.375000 v2=28.250000 margin=0.125000
qwen35 debug logits position 2071: top1=760 top2=97237 v1=25.625000 v2=21.000000 margin=4.625000
qwen35 debug logits position 2072: top1=1156 top2=97237 v1=32.250000 v2=17.625000 margin=14.625000
qwen35 debug logits position 2073: top1=369 top2=682 v1=28.750000 v2=23.750000 margin=5.000000
qwen35 debug logits position 2074: top1=9859 top2=4313 v1=30.000000 v2=25.375000 margin=4.625000
qwen35 debug logits position 2075: top1=728 top2=264 v1=31.875000 v2=17.625000 margin=14.250000
qwen35 debug logits position 2076: top1=310 top2=1118 v1=31.500000 v2=18.000000 margin=13.500000
qwen35 debug logits position 2077: top1=2468 top2=1118 v1=27.000000 v2=26.625000 margin=0.375000
qwen35 debug logits position 2078: top1=328 top2=264 v1=29.500000 v2=27.125000 margin=2.375000
qwen35 debug logits position 2079: top1=2456 top2=76471 v1=31.125000 v2=22.625000 margin=8.500000
qwen35 debug logits position 2080: top1=55 top2=48 v1=30.000000 v2=16.875000 margin=13.125000
qwen35 debug logits position 2081: top1=35205 top2=69046 v1=33.500000 v2=22.250000 margin=11.250000
qwen35 debug logits position 2082: top1=27325 top2=12 v1=27.625000 v2=16.000000 margin=11.625000
qwen35 debug logits position 2083: top1=54 top2=48 v1=29.000000 v2=15.812500 margin=13.187500
qwen35 debug logits position 2084: top1=923 top2=2629 v1=28.250000 v2=17.250000 margin=11.000000
qwen35 debug logits position 2085: top1=18 top2=17 v1=25.750000 v2=13.812500 margin=11.937500
qwen35 debug logits position 2086: top1=23 top2=12 v1=27.375000 v2=17.750000 margin=9.625000
qwen35 debug logits position 2087: top1=12 top2=19 v1=24.125000 v2=12.000000 margin=12.125000
qwen35 debug logits position 2088: top1=19 top2=18 v1=28.750000 v2=17.250000 margin=11.500000
qwen35 debug logits position 2089: top1=15 top2=17 v1=25.250000 v2=12.312500 margin=12.937500
qwen35 debug logits position 2090: top1=24 top2=19 v1=28.000000 v2=14.937500 margin=13.062500
qwen35 debug logits position 2091: top1=15 top2=21 v1=28.375000 v2=15.125000 margin=13.250000
qwen35 debug logits position 2092: top1=1 top2=11 v1=28.625000 v2=14.500000 margin=14.125000
qwen35 debug logits position 2093: top1=7854 top2=321 v1=32.000000 v2=30.250000 margin=1.750000
qwen35 debug logits position 2094: top1=539 top2=29865 v1=35.750000 v2=24.750000 margin=11.000000
qwen35 debug logits position 2095: top1=279 top2=29865 v1=28.375000 v2=27.500000 margin=0.875000
qwen35 debug logits position 2096: top1=3299 top2=4105 v1=31.500000 v2=21.500000 margin=10.000000
qwen35 debug logits position 2097: top1=328 top2=27502 v1=35.000000 v2=18.375000 margin=16.625000
qwen35 debug logits position 2098: top1=76471 top2=27502 v1=33.000000 v2=20.500000 margin=12.500000
qwen35 debug logits position 2099: top1=1 top2=3158 v1=30.875000 v2=25.625000 margin=5.250000
qwen35 debug logits position 2100: top1=29865 top2=18253 v1=28.750000 v2=27.625000 margin=1.125000
qwen35 debug logits position 2101: top1=13 top2=1238 v1=29.250000 v2=24.375000 margin=4.875000
qwen35 debug logits position 2102: top1=1061 top2=271 v1=27.625000 v2=26.875000 margin=0.750000
qwen35 debug logits position 2103: top1=7701 top2=369 v1=30.500000 v2=26.750000 margin=3.750000
qwen35 debug logits position 2104: top1=310 top2=303 v1=31.125000 v2=23.000000 margin=8.125000
qwen35 debug logits position 2105: top1=381 top2=1323 v1=34.000000 v2=17.625000 margin=16.375000
qwen35 debug logits position 2106: top1=264 top2=449 v1=27.625000 v2=22.750000 margin=4.875000
qwen35 debug logits position 2107: top1=9640 top2=3471 v1=24.750000 v2=22.250000 margin=2.500000
qwen35 debug logits position 2108: top1=24277 top2=39328 v1=33.250000 v2=19.125000 margin=14.125000
qwen35 debug logits position 2109: top1=4621 top2=1228 v1=28.000000 v2=22.250000 margin=5.750000
qwen35 debug logits position 2110: top1=22151 top2=1332 v1=30.750000 v2=24.000000 margin=6.750000
qwen35 debug logits position 2111: top1=2785 top2=303 v1=32.000000 v2=31.125000 margin=0.875000
qwen35 debug logits position 2112: top1=264 top2=1092 v1=29.125000 v2=25.750000 margin=3.375000
qwen35 debug logits position 2113: top1=20438 top2=1414 v1=20.500000 v2=19.875000 margin=0.625000
qwen35 debug logits position 2114: top1=494 top2=314 v1=28.875000 v2=25.375000 margin=3.500000
qwen35 debug logits position 2115: top1=328 top2=17297 v1=25.000000 v2=20.750000 margin=4.250000
qwen35 debug logits position 2116: top1=62182 top2=760 v1=29.125000 v2=19.750000 margin=9.375000
qwen35 debug logits position 2117: top1=314 top2=3456 v1=35.250000 v2=17.375000 margin=17.875000
qwen35 debug logits position 2118: top1=279 top2=1719 v1=35.750000 v2=21.625000 margin=14.125000
qwen35 debug logits position 2119: top1=3605 top2=5844 v1=30.375000 v2=20.750000 margin=9.625000
qwen35 debug logits position 2120: top1=30347 top2=62009 v1=30.250000 v2=17.500000 margin=12.750000
qwen35 debug logits position 2121: top1=1 top2=1149 v1=33.000000 v2=22.250000 margin=10.750000
qwen35 debug logits position 2122: top1=318 top2=9616 v1=33.250000 v2=16.750000 margin=16.500000
qwen35 debug logits position 2123: top1=118981 top2=26076 v1=28.375000 v2=24.375000 margin=4.000000
qwen35 debug logits position 2124: top1=553 top2=681 v1=29.875000 v2=24.000000 margin=5.875000
qwen35 debug logits position 2125: top1=561 top2=4558 v1=29.500000 v2=26.125000 margin=3.375000
qwen35 debug logits position 2126: top1=1414 top2=328 v1=27.000000 v2=25.375000 margin=1.625000
qwen35 debug logits position 2127: top1=5435 top2=5469 v1=27.875000 v2=24.625000 margin=3.250000
qwen35 debug logits position 2128: top1=264 top2=1092 v1=29.375000 v2=25.750000 margin=3.625000
qwen35 debug logits position 2129: top1=7920 top2=12062 v1=26.625000 v2=24.250000 margin=2.375000
qwen35 debug logits position 2130: top1=7359 top2=328 v1=29.875000 v2=25.875000 margin=4.000000
qwen35 debug logits position 2131: top1=12495 top2=28853 v1=24.875000 v2=23.750000 margin=1.125000
qwen35 debug logits position 2132: top1=430 top2=328 v1=33.500000 v2=25.625000 margin=7.875000
qwen35 debug logits position 2133: top1=328 top2=32464 v1=31.500000 v2=30.500000 margin=1.000000
qwen35 debug logits position 2134: top1=10586 top2=97805 v1=31.000000 v2=25.250000 margin=5.750000
qwen35 debug logits position 2135: top1=97805 top2=22615 v1=32.250000 v2=19.750000 margin=12.500000
qwen35 debug logits position 2136: top1=117176 top2=63073 v1=28.750000 v2=16.750000 margin=12.000000
qwen35 debug logits position 2137: top1=101761 top2=110127 v1=29.750000 v2=15.875000 margin=13.875000
qwen35 debug logits position 2138: top1=10638 top2=24273 v1=35.000000 v2=24.250000 margin=10.750000
qwen35 debug logits position 2139: top1=99454 top2=1 v1=33.250000 v2=24.375000 margin=8.875000
qwen35 debug logits position 2140: top1=110127 top2=96149 v1=29.375000 v2=16.625000 margin=12.750000
qwen35 debug logits position 2141: top1=9806 top2=1 v1=30.250000 v2=24.625000 margin=5.625000
qwen35 debug logits position 2142: top1=55 top2=48 v1=30.125000 v2=17.625000 margin=12.500000
qwen35 debug logits position 2143: top1=35205 top2=69046 v1=32.250000 v2=22.375000 margin=9.875000
qwen35 debug logits position 2144: top1=27325 top2=12 v1=29.875000 v2=20.250000 margin=9.625000
qwen35 debug logits position 2145: top1=54 top2=35695 v1=27.625000 v2=18.250000 margin=9.375000
qwen35 debug logits position 2146: top1=923 top2=18 v1=26.250000 v2=14.750000 margin=11.500000
qwen35 debug logits position 2147: top1=18 top2=17 v1=28.250000 v2=16.875000 margin=11.375000
qwen35 debug logits position 2148: top1=23 top2=12 v1=27.125000 v2=18.000000 margin=9.125000
qwen35 debug logits position 2149: top1=12 top2=19 v1=25.125000 v2=13.187500 margin=11.937500
qwen35 debug logits position 2150: top1=19 top2=15 v1=27.875000 v2=16.750000 margin=11.125000
qwen35 debug logits position 2151: top1=15 top2=19 v1=25.375000 v2=12.250000 margin=13.125000
qwen35 debug logits position 2152: top1=24 top2=19 v1=26.500000 v2=15.750000 margin=10.750000
qwen35 debug logits position 2153: top1=15 top2=21 v1=33.750000 v2=21.500000 margin=12.250000
qwen35 debug logits position 2154: top1=1 top2=1710 v1=29.000000 v2=25.000000 margin=4.000000
qwen35 debug logits position 2155: top1=321 top2=864 v1=28.125000 v2=26.500000 margin=1.625000
qwen35 debug logits position 2156: top1=1179 top2=506 v1=27.625000 v2=27.500000 margin=0.125000
qwen35 debug logits position 2157: top1=506 top2=264 v1=28.125000 v2=25.625000 margin=2.500000
qwen35 debug logits position 2158: top1=279 top2=264 v1=33.500000 v2=15.625000 margin=17.875000
qwen35 debug logits position 2159: top1=809 top2=1546 v1=33.500000 v2=28.750000 margin=4.750000
qwen35 debug logits position 2160: top1=16561 top2=1017 v1=27.250000 v2=25.375000 margin=1.875000
qwen35 debug logits position 2161: top1=728 top2=328 v1=34.250000 v2=23.625000 margin=10.625000
qwen35 debug logits position 2162: top1=310 top2=2468 v1=33.250000 v2=17.625000 margin=15.625000
qwen35 debug logits position 2163: top1=328 top2=2468 v1=30.375000 v2=29.500000 margin=0.875000
qwen35 debug logits position 2164: top1=96218 top2=2911 v1=33.500000 v2=27.625000 margin=5.875000
qwen35 debug logits position 2165: top1=100627 top2=128796 v1=36.250000 v2=21.250000 margin=15.000000
qwen35 debug logits position 2166: top1=9806 top2=2456 v1=33.500000 v2=19.125000 margin=14.375000
qwen35 debug logits position 2167: top1=55 top2=56 v1=30.500000 v2=18.500000 margin=12.000000
qwen35 debug logits position 2168: top1=35205 top2=69046 v1=32.750000 v2=21.125000 margin=11.625000
qwen35 debug logits position 2169: top1=27325 top2=12 v1=32.500000 v2=19.000000 margin=13.500000
qwen35 debug logits position 2170: top1=54 top2=44 v1=29.625000 v2=17.125000 margin=12.500000
qwen35 debug logits position 2171: top1=923 top2=3811 v1=26.250000 v2=14.000000 margin=12.250000
qwen35 debug logits position 2172: top1=18 top2=12 v1=28.375000 v2=16.750000 margin=11.625000
qwen35 debug logits position 2173: top1=23 top2=12 v1=28.250000 v2=16.625000 margin=11.625000
qwen35 debug logits position 2174: top1=12 top2=19 v1=25.250000 v2=11.875000 margin=13.375000
qwen35 debug logits position 2175: top1=19 top2=18 v1=27.625000 v2=16.125000 margin=11.500000
qwen35 debug hidden embedding position 7: min=-0.0563965 max=0.0583496 mean_abs=0.0125982
qwen35 debug hidden embedding position 35: min=-0.1289062 max=0.1054688 mean_abs=0.0117574
qwen35 debug hidden layer-000 position 7: min=-0.5625000 max=16.7500000 mean_abs=0.0586561
qwen35 debug hidden layer-000 position 35: min=-0.4707031 max=15.5000000 mean_abs=0.0385498
qwen35 debug hidden layer-003 position 7: min=-2.5937500 max=32.0000000 mean_abs=0.1003231
qwen35 debug hidden layer-003 position 35: min=-1.7500000 max=26.6250000 mean_abs=0.0718240
qwen35 debug hidden layer-031 position 7: min=-17.5000000 max=69.0000000 mean_abs=0.4904949
qwen35 debug hidden layer-031 position 35: min=-12.9375000 max=65.5000000 mean_abs=0.4786619
qwen35 debug hidden layer-032 position 7: min=-17.7500000 max=62.2500000 mean_abs=0.4821762
qwen35 debug hidden layer-032 position 35: min=-12.8125000 max=63.2500000 mean_abs=0.4753920
qwen35 debug hidden layer-060 position 7: min=-35.5000000 max=164.0000000 mean_abs=2.3281907
qwen35 debug hidden layer-060 position 35: min=-32.0000000 max=208.0000000 mean_abs=1.9094834
qwen35 debug hidden layer-063 position 7: min=-81.0000000 max=67.5000000 mean_abs=3.3108679
qwen35 debug hidden layer-063 position 35: min=-63.2500000 max=132.0000000 mean_abs=3.6961290
qwen35 debug hidden embedding position 83: min=-0.0593262 max=0.0595703 mean_abs=0.0116621
qwen35 debug hidden layer-000 position 83: min=-0.3203125 max=16.7500000 mean_abs=0.0495676
qwen35 debug hidden layer-003 position 83: min=-1.4921875 max=27.3750000 mean_abs=0.0822911
qwen35 debug hidden layer-031 position 83: min=-11.0000000 max=65.0000000 mean_abs=0.4612303
qwen35 debug hidden layer-032 position 83: min=-11.5625000 max=60.7500000 mean_abs=0.4769390
qwen35 debug hidden layer-060 position 83: min=-23.2500000 max=171.0000000 mean_abs=2.0438626
qwen35 debug hidden layer-063 position 83: min=-71.0000000 max=113.5000000 mean_abs=3.4609423
qwen35 debug logits position 0: top1=2456 top2=76471 v1=21.000000 v2=15.437500 margin=5.562500
qwen35 debug logits position 2049: top1=55 top2=48 v1=25.375000 v2=13.562500 margin=11.812500
qwen35 debug logits position 2050: top1=35205 top2=69046 v1=28.875000 v2=17.500000 margin=11.375000
qwen35 debug logits position 2051: top1=27325 top2=12 v1=23.875000 v2=14.062500 margin=9.812500
qwen35 debug logits position 2052: top1=54 top2=12100 v1=23.625000 v2=13.750000 margin=9.875000
qwen35 debug logits position 2053: top1=923 top2=2629 v1=25.000000 v2=13.000000 margin=12.000000
qwen35 debug logits position 2054: top1=18 top2=12 v1=23.875000 v2=13.750000 margin=10.125000
qwen35 debug logits position 2055: top1=23 top2=12 v1=23.250000 v2=16.375000 margin=6.875000
qwen35 debug logits position 2056: top1=12 top2=19 v1=21.375000 v2=11.937500 margin=9.437500
qwen35 debug logits position 2057: top1=19 top2=15 v1=23.125000 v2=13.625000 margin=9.500000
qwen35 debug logits position 2058: top1=15 top2=248046 v1=22.250000 v2=11.562500 margin=10.687500
qwen35 debug logits position 2059: top1=24 top2=19 v1=23.625000 v2=12.875000 margin=10.750000
qwen35 debug logits position 2060: top1=15 top2=198 v1=23.625000 v2=14.375000 margin=9.250000
qwen35 debug logits position 2061: top1=198 top2=27502 v1=19.875000 v2=18.625000 margin=1.250000
qwen35 debug logits position 2062: top1=76471 top2=2456 v1=21.625000 v2=15.375000 margin=6.250000
qwen35 debug logits position 2063: top1=248046 top2=198 v1=20.625000 v2=19.875000 margin=0.750000
qwen35 debug logits position 2064: top1=198 top2=248044 v1=28.250000 v2=10.187500 margin=18.062500
qwen35 debug logits position 2065: top1=248044 top2=248045 v1=31.375000 v2=21.250000 margin=10.125000
qwen35 debug logits position 2066: top1=248045 top2=248044 v1=26.250000 v2=16.750000 margin=9.500000
qwen35 debug logits position 2067: top1=248045 top2=248046 v1=29.750000 v2=21.625000 margin=8.125000
qwen35 debug logits position 2068: top1=248045 top2=248068 v1=28.500000 v2=19.000000 margin=9.500000
qwen35 debug logits position 2069: top1=248068 top2=248046 v1=22.000000 v2=21.750000 margin=0.250000
qwen35 debug logits position 2070: top1=198 top2=271 v1=28.375000 v2=28.250000 margin=0.125000
qwen35 debug logits position 2071: top1=760 top2=97237 v1=25.625000 v2=21.000000 margin=4.625000
qwen35 debug logits position 2072: top1=1156 top2=97237 v1=32.250000 v2=17.625000 margin=14.625000
qwen35 debug logits position 2073: top1=369 top2=682 v1=28.750000 v2=23.750000 margin=5.000000
qwen35 debug logits position 2074: top1=9859 top2=4313 v1=30.000000 v2=25.375000 margin=4.625000
qwen35 debug logits position 2075: top1=728 top2=264 v1=31.875000 v2=17.625000 margin=14.250000
qwen35 debug logits position 2076: top1=310 top2=1118 v1=31.500000 v2=18.000000 margin=13.500000
qwen35 debug logits position 2077: top1=2468 top2=1118 v1=27.000000 v2=26.625000 margin=0.375000
qwen35 debug logits position 2078: top1=328 top2=264 v1=29.500000 v2=27.125000 margin=2.375000
qwen35 debug logits position 2079: top1=2456 top2=76471 v1=31.125000 v2=22.625000 margin=8.500000
qwen35 debug logits position 2080: top1=55 top2=48 v1=30.000000 v2=16.875000 margin=13.125000
qwen35 debug logits position 2081: top1=35205 top2=69046 v1=33.500000 v2=22.250000 margin=11.250000
qwen35 debug logits position 2082: top1=27325 top2=12 v1=27.625000 v2=16.000000 margin=11.625000
qwen35 debug logits position 2083: top1=54 top2=48 v1=29.000000 v2=15.812500 margin=13.187500
qwen35 debug logits position 2084: top1=923 top2=2629 v1=28.250000 v2=17.250000 margin=11.000000
qwen35 debug logits position 2085: top1=18 top2=17 v1=25.750000 v2=13.812500 margin=11.937500
qwen35 debug logits position 2086: top1=23 top2=12 v1=27.375000 v2=17.750000 margin=9.625000
qwen35 debug logits position 2087: top1=12 top2=19 v1=24.125000 v2=12.000000 margin=12.125000
qwen35 debug logits position 2088: top1=19 top2=18 v1=28.750000 v2=17.250000 margin=11.500000
qwen35 debug logits position 2089: top1=15 top2=17 v1=25.250000 v2=12.312500 margin=12.937500
qwen35 debug logits position 2090: top1=24 top2=19 v1=28.000000 v2=14.937500 margin=13.062500
qwen35 debug logits position 2091: top1=15 top2=21 v1=28.375000 v2=15.125000 margin=13.250000
qwen35 debug logits position 2092: top1=1 top2=11 v1=28.625000 v2=14.500000 margin=14.125000
qwen35 debug logits position 2093: top1=7854 top2=321 v1=32.000000 v2=30.250000 margin=1.750000
qwen35 debug logits position 2094: top1=539 top2=29865 v1=35.750000 v2=24.750000 margin=11.000000
qwen35 debug logits position 2095: top1=279 top2=29865 v1=28.375000 v2=27.500000 margin=0.875000
qwen35 debug logits position 2096: top1=3299 top2=4105 v1=31.500000 v2=21.500000 margin=10.000000
qwen35 debug logits position 2097: top1=328 top2=27502 v1=35.000000 v2=18.375000 margin=16.625000
qwen35 debug logits position 2098: top1=76471 top2=27502 v1=33.000000 v2=20.500000 margin=12.500000
qwen35 debug logits position 2099: top1=1 top2=3158 v1=30.875000 v2=25.625000 margin=5.250000
qwen35 debug logits position 2100: top1=29865 top2=18253 v1=28.750000 v2=27.625000 margin=1.125000
qwen35 debug logits position 2101: top1=13 top2=1238 v1=29.250000 v2=24.375000 margin=4.875000
qwen35 debug logits position 2102: top1=1061 top2=271 v1=27.625000 v2=26.875000 margin=0.750000
qwen35 debug logits position 2103: top1=7701 top2=369 v1=30.500000 v2=26.750000 margin=3.750000
qwen35 debug logits position 2104: top1=310 top2=303 v1=31.125000 v2=23.000000 margin=8.125000
qwen35 debug logits position 2105: top1=381 top2=1323 v1=34.000000 v2=17.625000 margin=16.375000
qwen35 debug logits position 2106: top1=264 top2=449 v1=27.625000 v2=22.750000 margin=4.875000
qwen35 debug logits position 2107: top1=9640 top2=3471 v1=24.750000 v2=22.250000 margin=2.500000
qwen35 debug logits position 2108: top1=24277 top2=39328 v1=33.250000 v2=19.125000 margin=14.125000
qwen35 debug logits position 2109: top1=4621 top2=1228 v1=28.000000 v2=22.250000 margin=5.750000
qwen35 debug logits position 2110: top1=22151 top2=1332 v1=30.750000 v2=24.000000 margin=6.750000
qwen35 debug logits position 2111: top1=2785 top2=303 v1=32.000000 v2=31.125000 margin=0.875000
qwen35 debug logits position 2112: top1=264 top2=1092 v1=29.125000 v2=25.750000 margin=3.375000
qwen35 debug logits position 2113: top1=20438 top2=1414 v1=20.500000 v2=19.875000 margin=0.625000
qwen35 debug logits position 2114: top1=494 top2=314 v1=28.875000 v2=25.375000 margin=3.500000
qwen35 debug logits position 2115: top1=328 top2=17297 v1=25.000000 v2=20.750000 margin=4.250000
qwen35 debug logits position 2116: top1=62182 top2=760 v1=29.125000 v2=19.750000 margin=9.375000
qwen35 debug logits position 2117: top1=314 top2=3456 v1=35.250000 v2=17.375000 margin=17.875000
qwen35 debug logits position 2118: top1=279 top2=1719 v1=35.750000 v2=21.625000 margin=14.125000
qwen35 debug logits position 2119: top1=3605 top2=5844 v1=30.375000 v2=20.750000 margin=9.625000
qwen35 debug logits position 2120: top1=30347 top2=62009 v1=30.250000 v2=17.500000 margin=12.750000
qwen35 debug logits position 2121: top1=1 top2=1149 v1=33.000000 v2=22.250000 margin=10.750000
qwen35 debug logits position 2122: top1=318 top2=9616 v1=33.250000 v2=16.750000 margin=16.500000
qwen35 debug logits position 2123: top1=118981 top2=26076 v1=28.375000 v2=24.375000 margin=4.000000
qwen35 debug logits position 2124: top1=553 top2=681 v1=29.875000 v2=24.000000 margin=5.875000
qwen35 debug logits position 2125: top1=561 top2=4558 v1=29.500000 v2=26.125000 margin=3.375000
qwen35 debug logits position 2126: top1=1414 top2=328 v1=27.000000 v2=25.375000 margin=1.625000
qwen35 debug logits position 2127: top1=5435 top2=5469 v1=27.875000 v2=24.625000 margin=3.250000
qwen35 debug logits position 2128: top1=264 top2=1092 v1=29.375000 v2=25.750000 margin=3.625000
qwen35 debug logits position 2129: top1=7920 top2=12062 v1=26.625000 v2=24.250000 margin=2.375000
qwen35 debug logits position 2130: top1=7359 top2=328 v1=29.875000 v2=25.875000 margin=4.000000
qwen35 debug logits position 2131: top1=12495 top2=28853 v1=24.875000 v2=23.750000 margin=1.125000
qwen35 debug logits position 2132: top1=430 top2=328 v1=33.500000 v2=25.625000 margin=7.875000
qwen35 debug logits position 2133: top1=328 top2=32464 v1=31.500000 v2=30.500000 margin=1.000000
qwen35 debug logits position 2134: top1=10586 top2=97805 v1=31.000000 v2=25.250000 margin=5.750000
qwen35 debug logits position 2135: top1=97805 top2=22615 v1=32.250000 v2=19.750000 margin=12.500000
qwen35 debug logits position 2136: top1=117176 top2=63073 v1=28.750000 v2=16.750000 margin=12.000000
qwen35 debug logits position 2137: top1=101761 top2=110127 v1=29.750000 v2=15.875000 margin=13.875000
qwen35 debug logits position 2138: top1=10638 top2=24273 v1=35.000000 v2=24.250000 margin=10.750000
qwen35 debug logits position 2139: top1=99454 top2=1 v1=33.250000 v2=24.375000 margin=8.875000
qwen35 debug logits position 2140: top1=110127 top2=96149 v1=29.375000 v2=16.625000 margin=12.750000
qwen35 debug logits position 2141: top1=9806 top2=1 v1=30.250000 v2=24.625000 margin=5.625000
qwen35 debug logits position 2142: top1=55 top2=48 v1=30.125000 v2=17.625000 margin=12.500000
qwen35 debug logits position 2143: top1=35205 top2=69046 v1=32.250000 v2=22.375000 margin=9.875000
qwen35 debug logits position 2144: top1=27325 top2=12 v1=29.875000 v2=20.250000 margin=9.625000
qwen35 debug logits position 2145: top1=54 top2=35695 v1=27.625000 v2=18.250000 margin=9.375000
qwen35 debug logits position 2146: top1=923 top2=18 v1=26.250000 v2=14.750000 margin=11.500000
qwen35 debug logits position 2147: top1=18 top2=17 v1=28.250000 v2=16.875000 margin=11.375000
qwen35 debug logits position 2148: top1=23 top2=12 v1=27.125000 v2=18.000000 margin=9.125000
qwen35 debug logits position 2149: top1=12 top2=19 v1=25.125000 v2=13.187500 margin=11.937500
qwen35 debug logits position 2150: top1=19 top2=15 v1=27.875000 v2=16.750000 margin=11.125000
qwen35 debug logits position 2151: top1=15 top2=19 v1=25.375000 v2=12.250000 margin=13.125000
qwen35 debug logits position 2152: top1=24 top2=19 v1=26.500000 v2=15.750000 margin=10.750000
qwen35 debug logits position 2153: top1=15 top2=21 v1=33.750000 v2=21.500000 margin=12.250000
qwen35 debug logits position 2154: top1=1 top2=1710 v1=29.000000 v2=25.000000 margin=4.000000
qwen35 debug logits position 2155: top1=321 top2=864 v1=28.125000 v2=26.500000 margin=1.625000
qwen35 debug logits position 2156: top1=1179 top2=506 v1=27.625000 v2=27.500000 margin=0.125000
qwen35 debug logits position 2157: top1=506 top2=264 v1=28.125000 v2=25.625000 margin=2.500000
qwen35 debug logits position 2158: top1=279 top2=264 v1=33.500000 v2=15.625000 margin=17.875000
qwen35 debug logits position 2159: top1=809 top2=1546 v1=33.500000 v2=28.750000 margin=4.750000
qwen35 debug logits position 2160: top1=16561 top2=1017 v1=27.250000 v2=25.375000 margin=1.875000
qwen35 debug logits position 2161: top1=728 top2=328 v1=34.250000 v2=23.625000 margin=10.625000
qwen35 debug logits position 2162: top1=310 top2=2468 v1=33.250000 v2=17.625000 margin=15.625000
qwen35 debug logits position 2163: top1=328 top2=2468 v1=30.375000 v2=29.500000 margin=0.875000
qwen35 debug logits position 2164: top1=96218 top2=2911 v1=33.500000 v2=27.625000 margin=5.875000
qwen35 debug logits position 2165: top1=100627 top2=128796 v1=36.250000 v2=21.250000 margin=15.000000
qwen35 debug logits position 2166: top1=9806 top2=2456 v1=33.500000 v2=19.125000 margin=14.375000
qwen35 debug logits position 2167: top1=55 top2=56 v1=30.500000 v2=18.500000 margin=12.000000
qwen35 debug logits position 2168: top1=35205 top2=69046 v1=32.750000 v2=21.125000 margin=11.625000
qwen35 debug logits position 2169: top1=27325 top2=12 v1=32.500000 v2=19.000000 margin=13.500000
qwen35 debug logits position 2170: top1=54 top2=44 v1=29.625000 v2=17.125000 margin=12.500000
qwen35 debug logits position 2171: top1=923 top2=3811 v1=26.250000 v2=14.000000 margin=12.250000
qwen35 debug logits position 2172: top1=18 top2=12 v1=28.375000 v2=16.750000 margin=11.625000
qwen35 debug logits position 2173: top1=23 top2=12 v1=28.250000 v2=16.625000 margin=11.625000
qwen35 debug logits position 2174: top1=12 top2=19 v1=25.250000 v2=11.875000 margin=13.375000
qwen35 debug logits position 2175: top1=19 top2=18 v1=27.625000 v2=16.125000 margin=11.500000
qwen35 debug hidden embedding position 7: min=-0.0563965 max=0.0583496 mean_abs=0.0125982
qwen35 debug hidden embedding position 35: min=-0.1289062 max=0.1054688 mean_abs=0.0117574
qwen35 debug hidden layer-000 position 7: min=-0.5625000 max=16.7500000 mean_abs=0.0586561
qwen35 debug hidden layer-000 position 35: min=-0.4707031 max=15.5000000 mean_abs=0.0385498
qwen35 debug hidden layer-003 position 7: min=-2.5937500 max=32.0000000 mean_abs=0.1003231
qwen35 debug hidden layer-003 position 35: min=-1.7500000 max=26.6250000 mean_abs=0.0718240
qwen35 debug hidden layer-031 position 7: min=-17.5000000 max=69.0000000 mean_abs=0.4904949
qwen35 debug hidden layer-031 position 35: min=-12.9375000 max=65.5000000 mean_abs=0.4786619
qwen35 debug hidden layer-032 position 7: min=-17.7500000 max=62.2500000 mean_abs=0.4821762
qwen35 debug hidden layer-032 position 35: min=-12.8125000 max=63.2500000 mean_abs=0.4753920
qwen35 debug hidden layer-060 position 7: min=-35.5000000 max=164.0000000 mean_abs=2.3281907
qwen35 debug hidden layer-060 position 35: min=-32.0000000 max=208.0000000 mean_abs=1.9094834
qwen35 debug hidden layer-063 position 7: min=-81.0000000 max=67.5000000 mean_abs=3.3108679
qwen35 debug hidden layer-063 position 35: min=-63.2500000 max=132.0000000 mean_abs=3.6961290
qwen35 debug hidden embedding position 83: min=-0.0593262 max=0.0595703 mean_abs=0.0116621
qwen35 debug hidden layer-000 position 83: min=-0.3203125 max=16.7500000 mean_abs=0.0495676
qwen35 debug hidden layer-003 position 83: min=-1.4921875 max=27.3750000 mean_abs=0.0822911
qwen35 debug hidden layer-031 position 83: min=-11.0000000 max=65.0000000 mean_abs=0.4612303
qwen35 debug hidden layer-032 position 83: min=-11.5625000 max=60.7500000 mean_abs=0.4769390
qwen35 debug hidden layer-060 position 83: min=-23.2500000 max=171.0000000 mean_abs=2.0438626
qwen35 debug hidden layer-063 position 83: min=-71.0000000 max=113.5000000 mean_abs=3.4609423
qwen35 debug logits position 0: top1=2456 top2=76471 v1=21.000000 v2=15.437500 margin=5.562500
qwen35 debug logits position 2049: top1=55 top2=48 v1=25.375000 v2=13.562500 margin=11.812500
qwen35 debug logits position 2050: top1=35205 top2=69046 v1=28.875000 v2=17.500000 margin=11.375000
qwen35 debug logits position 2051: top1=27325 top2=12 v1=23.875000 v2=14.062500 margin=9.812500
qwen35 debug logits position 2052: top1=54 top2=12100 v1=23.625000 v2=13.750000 margin=9.875000
qwen35 debug logits position 2053: top1=923 top2=2629 v1=25.000000 v2=13.000000 margin=12.000000
qwen35 debug logits position 2054: top1=18 top2=12 v1=23.875000 v2=13.750000 margin=10.125000
qwen35 debug logits position 2055: top1=23 top2=12 v1=23.250000 v2=16.375000 margin=6.875000
qwen35 debug logits position 2056: top1=12 top2=19 v1=21.375000 v2=11.937500 margin=9.437500
qwen35 debug logits position 2057: top1=19 top2=15 v1=23.125000 v2=13.625000 margin=9.500000
qwen35 debug logits position 2058: top1=15 top2=248046 v1=22.250000 v2=11.562500 margin=10.687500
qwen35 debug logits position 2059: top1=24 top2=19 v1=23.625000 v2=12.875000 margin=10.750000
qwen35 debug logits position 2060: top1=15 top2=198 v1=23.625000 v2=14.375000 margin=9.250000
qwen35 debug logits position 2061: top1=198 top2=27502 v1=19.875000 v2=18.625000 margin=1.250000
qwen35 debug logits position 2062: top1=76471 top2=2456 v1=21.625000 v2=15.375000 margin=6.250000
qwen35 debug logits position 2063: top1=248046 top2=198 v1=20.625000 v2=19.875000 margin=0.750000
qwen35 debug logits position 2064: top1=198 top2=248044 v1=28.250000 v2=10.187500 margin=18.062500
qwen35 debug logits position 2065: top1=248044 top2=248045 v1=31.375000 v2=21.250000 margin=10.125000
qwen35 debug logits position 2066: top1=248045 top2=248044 v1=26.250000 v2=16.750000 margin=9.500000
qwen35 debug logits position 2067: top1=248045 top2=248046 v1=29.750000 v2=21.625000 margin=8.125000
qwen35 debug logits position 2068: top1=248045 top2=248068 v1=28.500000 v2=19.000000 margin=9.500000
qwen35 debug logits position 2069: top1=248068 top2=248046 v1=22.000000 v2=21.750000 margin=0.250000
qwen35 debug logits position 2070: top1=198 top2=271 v1=28.375000 v2=28.250000 margin=0.125000
qwen35 debug logits position 2071: top1=760 top2=97237 v1=25.625000 v2=21.000000 margin=4.625000
qwen35 debug logits position 2072: top1=1156 top2=97237 v1=32.250000 v2=17.625000 margin=14.625000
qwen35 debug logits position 2073: top1=369 top2=682 v1=28.750000 v2=23.750000 margin=5.000000
qwen35 debug logits position 2074: top1=9859 top2=4313 v1=30.000000 v2=25.375000 margin=4.625000
qwen35 debug logits position 2075: top1=728 top2=264 v1=31.875000 v2=17.625000 margin=14.250000
qwen35 debug logits position 2076: top1=310 top2=1118 v1=31.500000 v2=18.000000 margin=13.500000
qwen35 debug logits position 2077: top1=2468 top2=1118 v1=27.000000 v2=26.625000 margin=0.375000
qwen35 debug logits position 2078: top1=328 top2=264 v1=29.500000 v2=27.125000 margin=2.375000
qwen35 debug logits position 2079: top1=2456 top2=76471 v1=31.125000 v2=22.625000 margin=8.500000
qwen35 debug logits position 2080: top1=55 top2=48 v1=30.000000 v2=16.875000 margin=13.125000
qwen35 debug logits position 2081: top1=35205 top2=69046 v1=33.500000 v2=22.250000 margin=11.250000
qwen35 debug logits position 2082: top1=27325 top2=12 v1=27.625000 v2=16.000000 margin=11.625000
qwen35 debug logits position 2083: top1=54 top2=48 v1=29.000000 v2=15.812500 margin=13.187500
qwen35 debug logits position 2084: top1=923 top2=2629 v1=28.250000 v2=17.250000 margin=11.000000
qwen35 debug logits position 2085: top1=18 top2=17 v1=25.750000 v2=13.812500 margin=11.937500
qwen35 debug logits position 2086: top1=23 top2=12 v1=27.375000 v2=17.750000 margin=9.625000
qwen35 debug logits position 2087: top1=12 top2=19 v1=24.125000 v2=12.000000 margin=12.125000
qwen35 debug logits position 2088: top1=19 top2=18 v1=28.750000 v2=17.250000 margin=11.500000
qwen35 debug logits position 2089: top1=15 top2=17 v1=25.250000 v2=12.312500 margin=12.937500
qwen35 debug logits position 2090: top1=24 top2=19 v1=28.000000 v2=14.937500 margin=13.062500
qwen35 debug logits position 2091: top1=15 top2=21 v1=28.375000 v2=15.125000 margin=13.250000
qwen35 debug logits position 2092: top1=1 top2=11 v1=28.625000 v2=14.500000 margin=14.125000
qwen35 debug logits position 2093: top1=7854 top2=321 v1=32.000000 v2=30.250000 margin=1.750000
qwen35 debug logits position 2094: top1=539 top2=29865 v1=35.750000 v2=24.750000 margin=11.000000
qwen35 debug logits position 2095: top1=279 top2=29865 v1=28.375000 v2=27.500000 margin=0.875000
qwen35 debug logits position 2096: top1=3299 top2=4105 v1=31.500000 v2=21.500000 margin=10.000000
qwen35 debug logits position 2097: top1=328 top2=27502 v1=35.000000 v2=18.375000 margin=16.625000
qwen35 debug logits position 2098: top1=76471 top2=27502 v1=33.000000 v2=20.500000 margin=12.500000
qwen35 debug logits position 2099: top1=1 top2=3158 v1=30.875000 v2=25.625000 margin=5.250000
qwen35 debug logits position 2100: top1=29865 top2=18253 v1=28.750000 v2=27.625000 margin=1.125000
qwen35 debug logits position 2101: top1=13 top2=1238 v1=29.250000 v2=24.375000 margin=4.875000
qwen35 debug logits position 2102: top1=1061 top2=271 v1=27.625000 v2=26.875000 margin=0.750000
qwen35 debug logits position 2103: top1=7701 top2=369 v1=30.500000 v2=26.750000 margin=3.750000
qwen35 debug logits position 2104: top1=310 top2=303 v1=31.125000 v2=23.000000 margin=8.125000
qwen35 debug logits position 2105: top1=381 top2=1323 v1=34.000000 v2=17.625000 margin=16.375000
qwen35 debug logits position 2106: top1=264 top2=449 v1=27.625000 v2=22.750000 margin=4.875000
qwen35 debug logits position 2107: top1=9640 top2=3471 v1=24.750000 v2=22.250000 margin=2.500000
qwen35 debug logits position 2108: top1=24277 top2=39328 v1=33.250000 v2=19.125000 margin=14.125000
qwen35 debug logits position 2109: top1=4621 top2=1228 v1=28.000000 v2=22.250000 margin=5.750000
qwen35 debug logits position 2110: top1=22151 top2=1332 v1=30.750000 v2=24.000000 margin=6.750000
qwen35 debug logits position 2111: top1=2785 top2=303 v1=32.000000 v2=31.125000 margin=0.875000
qwen35 debug logits position 2112: top1=264 top2=1092 v1=29.125000 v2=25.750000 margin=3.375000
qwen35 debug logits position 2113: top1=20438 top2=1414 v1=20.500000 v2=19.875000 margin=0.625000
qwen35 debug logits position 2114: top1=494 top2=314 v1=28.875000 v2=25.375000 margin=3.500000
qwen35 debug logits position 2115: top1=328 top2=17297 v1=25.000000 v2=20.750000 margin=4.250000
qwen35 debug logits position 2116: top1=62182 top2=760 v1=29.125000 v2=19.750000 margin=9.375000
qwen35 debug logits position 2117: top1=314 top2=3456 v1=35.250000 v2=17.375000 margin=17.875000
qwen35 debug logits position 2118: top1=279 top2=1719 v1=35.750000 v2=21.625000 margin=14.125000
qwen35 debug logits position 2119: top1=3605 top2=5844 v1=30.375000 v2=20.750000 margin=9.625000
qwen35 debug logits position 2120: top1=30347 top2=62009 v1=30.250000 v2=17.500000 margin=12.750000
qwen35 debug logits position 2121: top1=1 top2=1149 v1=33.000000 v2=22.250000 margin=10.750000
qwen35 debug logits position 2122: top1=318 top2=9616 v1=33.250000 v2=16.750000 margin=16.500000
qwen35 debug logits position 2123: top1=118981 top2=26076 v1=28.375000 v2=24.375000 margin=4.000000
qwen35 debug logits position 2124: top1=553 top2=681 v1=29.875000 v2=24.000000 margin=5.875000
qwen35 debug logits position 2125: top1=561 top2=4558 v1=29.500000 v2=26.125000 margin=3.375000
qwen35 debug logits position 2126: top1=1414 top2=328 v1=27.000000 v2=25.375000 margin=1.625000
qwen35 debug logits position 2127: top1=5435 top2=5469 v1=27.875000 v2=24.625000 margin=3.250000
qwen35 debug logits position 2128: top1=264 top2=1092 v1=29.375000 v2=25.750000 margin=3.625000
qwen35 debug logits position 2129: top1=7920 top2=12062 v1=26.625000 v2=24.250000 margin=2.375000
qwen35 debug logits position 2130: top1=7359 top2=328 v1=29.875000 v2=25.875000 margin=4.000000
qwen35 debug logits position 2131: top1=12495 top2=28853 v1=24.875000 v2=23.750000 margin=1.125000
qwen35 debug logits position 2132: top1=430 top2=328 v1=33.500000 v2=25.625000 margin=7.875000
qwen35 debug logits position 2133: top1=328 top2=32464 v1=31.500000 v2=30.500000 margin=1.000000
qwen35 debug logits position 2134: top1=10586 top2=97805 v1=31.000000 v2=25.250000 margin=5.750000
qwen35 debug logits position 2135: top1=97805 top2=22615 v1=32.250000 v2=19.750000 margin=12.500000
qwen35 debug logits position 2136: top1=117176 top2=63073 v1=28.750000 v2=16.750000 margin=12.000000
qwen35 debug logits position 2137: top1=101761 top2=110127 v1=29.750000 v2=15.875000 margin=13.875000
qwen35 debug logits position 2138: top1=10638 top2=24273 v1=35.000000 v2=24.250000 margin=10.750000
qwen35 debug logits position 2139: top1=99454 top2=1 v1=33.250000 v2=24.375000 margin=8.875000
qwen35 debug logits position 2140: top1=110127 top2=96149 v1=29.375000 v2=16.625000 margin=12.750000
qwen35 debug logits position 2141: top1=9806 top2=1 v1=30.250000 v2=24.625000 margin=5.625000
qwen35 debug logits position 2142: top1=55 top2=48 v1=30.125000 v2=17.625000 margin=12.500000
qwen35 debug logits position 2143: top1=35205 top2=69046 v1=32.250000 v2=22.375000 margin=9.875000
qwen35 debug logits position 2144: top1=27325 top2=12 v1=29.875000 v2=20.250000 margin=9.625000
qwen35 debug logits position 2145: top1=54 top2=35695 v1=27.625000 v2=18.250000 margin=9.375000
qwen35 debug logits position 2146: top1=923 top2=18 v1=26.250000 v2=14.750000 margin=11.500000
qwen35 debug logits position 2147: top1=18 top2=17 v1=28.250000 v2=16.875000 margin=11.375000
qwen35 debug logits position 2148: top1=23 top2=12 v1=27.125000 v2=18.000000 margin=9.125000
qwen35 debug logits position 2149: top1=12 top2=19 v1=25.125000 v2=13.187500 margin=11.937500
qwen35 debug logits position 2150: top1=19 top2=15 v1=27.875000 v2=16.750000 margin=11.125000
qwen35 debug logits position 2151: top1=15 top2=19 v1=25.375000 v2=12.250000 margin=13.125000
qwen35 debug logits position 2152: top1=24 top2=19 v1=26.500000 v2=15.750000 margin=10.750000
qwen35 debug logits position 2153: top1=15 top2=21 v1=33.750000 v2=21.500000 margin=12.250000
qwen35 debug logits position 2154: top1=1 top2=1710 v1=29.000000 v2=25.000000 margin=4.000000
qwen35 debug logits position 2155: top1=321 top2=864 v1=28.125000 v2=26.500000 margin=1.625000
qwen35 debug logits position 2156: top1=1179 top2=506 v1=27.625000 v2=27.500000 margin=0.125000
qwen35 debug logits position 2157: top1=506 top2=264 v1=28.125000 v2=25.625000 margin=2.500000
qwen35 debug logits position 2158: top1=279 top2=264 v1=33.500000 v2=15.625000 margin=17.875000
qwen35 debug logits position 2159: top1=809 top2=1546 v1=33.500000 v2=28.750000 margin=4.750000
qwen35 debug logits position 2160: top1=16561 top2=1017 v1=27.250000 v2=25.375000 margin=1.875000
qwen35 debug logits position 2161: top1=728 top2=328 v1=34.250000 v2=23.625000 margin=10.625000
qwen35 debug logits position 2162: top1=310 top2=2468 v1=33.250000 v2=17.625000 margin=15.625000
qwen35 debug logits position 2163: top1=328 top2=2468 v1=30.375000 v2=29.500000 margin=0.875000
qwen35 debug logits position 2164: top1=96218 top2=2911 v1=33.500000 v2=27.625000 margin=5.875000
qwen35 debug logits position 2165: top1=100627 top2=128796 v1=36.250000 v2=21.250000 margin=15.000000
qwen35 debug logits position 2166: top1=9806 top2=2456 v1=33.500000 v2=19.125000 margin=14.375000
qwen35 debug logits position 2167: top1=55 top2=56 v1=30.500000 v2=18.500000 margin=12.000000
qwen35 debug logits position 2168: top1=35205 top2=69046 v1=32.750000 v2=21.125000 margin=11.625000
qwen35 debug logits position 2169: top1=27325 top2=12 v1=32.500000 v2=19.000000 margin=13.500000
qwen35 debug logits position 2170: top1=54 top2=44 v1=29.625000 v2=17.125000 margin=12.500000
qwen35 debug logits position 2171: top1=923 top2=3811 v1=26.250000 v2=14.000000 margin=12.250000
qwen35 debug logits position 2172: top1=18 top2=12 v1=28.375000 v2=16.750000 margin=11.625000
qwen35 debug logits position 2173: top1=23 top2=12 v1=28.250000 v2=16.625000 margin=11.625000
qwen35 debug logits position 2174: top1=12 top2=19 v1=25.250000 v2=11.875000 margin=13.375000
qwen35 debug logits position 2175: top1=19 top2=18 v1=27.625000 v2=16.125000 margin=11.500000
qwen35 debug hidden embedding position 7: min=-0.0563965 max=0.0583496 mean_abs=0.0125982
qwen35 debug hidden embedding position 35: min=-0.1289062 max=0.1054688 mean_abs=0.0117574
qwen35 debug hidden layer-000 position 7: min=-0.5625000 max=16.7500000 mean_abs=0.0586561
qwen35 debug hidden layer-000 position 35: min=-0.4707031 max=15.5000000 mean_abs=0.0385498
qwen35 debug hidden layer-003 position 7: min=-2.5937500 max=32.0000000 mean_abs=0.1003231
qwen35 debug hidden layer-003 position 35: min=-1.7500000 max=26.6250000 mean_abs=0.0718240
qwen35 debug hidden layer-031 position 7: min=-17.5000000 max=69.0000000 mean_abs=0.4904949
qwen35 debug hidden layer-031 position 35: min=-12.9375000 max=65.5000000 mean_abs=0.4786619
qwen35 debug hidden layer-032 position 7: min=-17.7500000 max=62.2500000 mean_abs=0.4821762
qwen35 debug hidden layer-032 position 35: min=-12.8125000 max=63.2500000 mean_abs=0.4753920
qwen35 debug hidden layer-060 position 7: min=-35.5000000 max=164.0000000 mean_abs=2.3281907
qwen35 debug hidden layer-060 position 35: min=-32.0000000 max=208.0000000 mean_abs=1.9094834
qwen35 debug hidden layer-063 position 7: min=-81.0000000 max=67.5000000 mean_abs=3.3108679
qwen35 debug hidden layer-063 position 35: min=-63.2500000 max=132.0000000 mean_abs=3.6961290
qwen35 debug hidden embedding position 83: min=-0.0593262 max=0.0595703 mean_abs=0.0116621
qwen35 debug hidden layer-000 position 83: min=-0.3203125 max=16.7500000 mean_abs=0.0495676
qwen35 debug hidden layer-003 position 83: min=-1.4921875 max=27.3750000 mean_abs=0.0822911
qwen35 debug hidden layer-031 position 83: min=-11.0000000 max=65.0000000 mean_abs=0.4612303
qwen35 debug hidden layer-032 position 83: min=-11.5625000 max=60.7500000 mean_abs=0.4769390
qwen35 debug hidden layer-060 position 83: min=-23.2500000 max=171.0000000 mean_abs=2.0438626
qwen35 debug hidden layer-063 position 83: min=-71.0000000 max=113.5000000 mean_abs=3.4609423
qwen35 debug logits position 0: top1=2456 top2=76471 v1=21.000000 v2=15.437500 margin=5.562500
qwen35 debug logits position 2049: top1=55 top2=48 v1=25.375000 v2=13.562500 margin=11.812500
qwen35 debug logits position 2050: top1=35205 top2=69046 v1=28.875000 v2=17.500000 margin=11.375000
qwen35 debug logits position 2051: top1=27325 top2=12 v1=23.875000 v2=14.062500 margin=9.812500
qwen35 debug logits position 2052: top1=54 top2=12100 v1=23.625000 v2=13.750000 margin=9.875000
qwen35 debug logits position 2053: top1=923 top2=2629 v1=25.000000 v2=13.000000 margin=12.000000
qwen35 debug logits position 2054: top1=18 top2=12 v1=23.875000 v2=13.750000 margin=10.125000
qwen35 debug logits position 2055: top1=23 top2=12 v1=23.250000 v2=16.375000 margin=6.875000
qwen35 debug logits position 2056: top1=12 top2=19 v1=21.375000 v2=11.937500 margin=9.437500
qwen35 debug logits position 2057: top1=19 top2=15 v1=23.125000 v2=13.625000 margin=9.500000
qwen35 debug logits position 2058: top1=15 top2=248046 v1=22.250000 v2=11.562500 margin=10.687500
qwen35 debug logits position 2059: top1=24 top2=19 v1=23.625000 v2=12.875000 margin=10.750000
qwen35 debug logits position 2060: top1=15 top2=198 v1=23.625000 v2=14.375000 margin=9.250000
qwen35 debug logits position 2061: top1=198 top2=27502 v1=19.875000 v2=18.625000 margin=1.250000
qwen35 debug logits position 2062: top1=76471 top2=2456 v1=21.625000 v2=15.375000 margin=6.250000
qwen35 debug logits position 2063: top1=248046 top2=198 v1=20.625000 v2=19.875000 margin=0.750000
qwen35 debug logits position 2064: top1=198 top2=248044 v1=28.250000 v2=10.187500 margin=18.062500
qwen35 debug logits position 2065: top1=248044 top2=248045 v1=31.375000 v2=21.250000 margin=10.125000
qwen35 debug logits position 2066: top1=248045 top2=248044 v1=26.250000 v2=16.750000 margin=9.500000
qwen35 debug logits position 2067: top1=248045 top2=248046 v1=29.750000 v2=21.625000 margin=8.125000
qwen35 debug logits position 2068: top1=248045 top2=248068 v1=28.500000 v2=19.000000 margin=9.500000
qwen35 debug logits position 2069: top1=248068 top2=248046 v1=22.000000 v2=21.750000 margin=0.250000
qwen35 debug logits position 2070: top1=198 top2=271 v1=28.375000 v2=28.250000 margin=0.125000
qwen35 debug logits position 2071: top1=760 top2=97237 v1=25.625000 v2=21.000000 margin=4.625000
qwen35 debug logits position 2072: top1=1156 top2=97237 v1=32.250000 v2=17.625000 margin=14.625000
qwen35 debug logits position 2073: top1=369 top2=682 v1=28.750000 v2=23.750000 margin=5.000000
qwen35 debug logits position 2074: top1=9859 top2=4313 v1=30.000000 v2=25.375000 margin=4.625000
qwen35 debug logits position 2075: top1=728 top2=264 v1=31.875000 v2=17.625000 margin=14.250000
qwen35 debug logits position 2076: top1=310 top2=1118 v1=31.500000 v2=18.000000 margin=13.500000
qwen35 debug logits position 2077: top1=2468 top2=1118 v1=27.000000 v2=26.625000 margin=0.375000
qwen35 debug logits position 2078: top1=328 top2=264 v1=29.500000 v2=27.125000 margin=2.375000
qwen35 debug logits position 2079: top1=2456 top2=76471 v1=31.125000 v2=22.625000 margin=8.500000
qwen35 debug logits position 2080: top1=55 top2=48 v1=30.000000 v2=16.875000 margin=13.125000
qwen35 debug logits position 2081: top1=35205 top2=69046 v1=33.500000 v2=22.250000 margin=11.250000
qwen35 debug logits position 2082: top1=27325 top2=12 v1=27.625000 v2=16.000000 margin=11.625000
qwen35 debug logits position 2083: top1=54 top2=48 v1=29.000000 v2=15.812500 margin=13.187500
qwen35 debug logits position 2084: top1=923 top2=2629 v1=28.250000 v2=17.250000 margin=11.000000
qwen35 debug logits position 2085: top1=18 top2=17 v1=25.750000 v2=13.812500 margin=11.937500
qwen35 debug logits position 2086: top1=23 top2=12 v1=27.375000 v2=17.750000 margin=9.625000
qwen35 debug logits position 2087: top1=12 top2=19 v1=24.125000 v2=12.000000 margin=12.125000
qwen35 debug logits position 2088: top1=19 top2=18 v1=28.750000 v2=17.250000 margin=11.500000
qwen35 debug logits position 2089: top1=15 top2=17 v1=25.250000 v2=12.312500 margin=12.937500
qwen35 debug logits position 2090: top1=24 top2=19 v1=28.000000 v2=14.937500 margin=13.062500
qwen35 debug logits position 2091: top1=15 top2=21 v1=28.375000 v2=15.125000 margin=13.250000
qwen35 debug logits position 2092: top1=1 top2=11 v1=28.625000 v2=14.500000 margin=14.125000
qwen35 debug logits position 2093: top1=7854 top2=321 v1=32.000000 v2=30.250000 margin=1.750000
qwen35 debug logits position 2094: top1=539 top2=29865 v1=35.750000 v2=24.750000 margin=11.000000
qwen35 debug logits position 2095: top1=279 top2=29865 v1=28.375000 v2=27.500000 margin=0.875000
qwen35 debug logits position 2096: top1=3299 top2=4105 v1=31.500000 v2=21.500000 margin=10.000000
qwen35 debug logits position 2097: top1=328 top2=27502 v1=35.000000 v2=18.375000 margin=16.625000
qwen35 debug logits position 2098: top1=76471 top2=27502 v1=33.000000 v2=20.500000 margin=12.500000
qwen35 debug logits position 2099: top1=1 top2=3158 v1=30.875000 v2=25.625000 margin=5.250000
qwen35 debug logits position 2100: top1=29865 top2=18253 v1=28.750000 v2=27.625000 margin=1.125000
qwen35 debug logits position 2101: top1=13 top2=1238 v1=29.250000 v2=24.375000 margin=4.875000
qwen35 debug logits position 2102: top1=1061 top2=271 v1=27.625000 v2=26.875000 margin=0.750000
qwen35 debug logits position 2103: top1=7701 top2=369 v1=30.500000 v2=26.750000 margin=3.750000
qwen35 debug logits position 2104: top1=310 top2=303 v1=31.125000 v2=23.000000 margin=8.125000
qwen35 debug logits position 2105: top1=381 top2=1323 v1=34.000000 v2=17.625000 margin=16.375000
qwen35 debug logits position 2106: top1=264 top2=449 v1=27.625000 v2=22.750000 margin=4.875000
qwen35 debug logits position 2107: top1=9640 top2=3471 v1=24.750000 v2=22.250000 margin=2.500000
qwen35 debug logits position 2108: top1=24277 top2=39328 v1=33.250000 v2=19.125000 margin=14.125000
qwen35 debug logits position 2109: top1=4621 top2=1228 v1=28.000000 v2=22.250000 margin=5.750000
qwen35 debug logits position 2110: top1=22151 top2=1332 v1=30.750000 v2=24.000000 margin=6.750000
qwen35 debug logits position 2111: top1=2785 top2=303 v1=32.000000 v2=31.125000 margin=0.875000
qwen35 debug logits position 2112: top1=264 top2=1092 v1=29.125000 v2=25.750000 margin=3.375000
qwen35 debug logits position 2113: top1=20438 top2=1414 v1=20.500000 v2=19.875000 margin=0.625000
qwen35 debug logits position 2114: top1=494 top2=314 v1=28.875000 v2=25.375000 margin=3.500000
qwen35 debug logits position 2115: top1=328 top2=17297 v1=25.000000 v2=20.750000 margin=4.250000
qwen35 debug logits position 2116: top1=62182 top2=760 v1=29.125000 v2=19.750000 margin=9.375000
qwen35 debug logits position 2117: top1=314 top2=3456 v1=35.250000 v2=17.375000 margin=17.875000
qwen35 debug logits position 2118: top1=279 top2=1719 v1=35.750000 v2=21.625000 margin=14.125000
qwen35 debug logits position 2119: top1=3605 top2=5844 v1=30.375000 v2=20.750000 margin=9.625000
qwen35 debug logits position 2120: top1=30347 top2=62009 v1=30.250000 v2=17.500000 margin=12.750000
qwen35 debug logits position 2121: top1=1 top2=1149 v1=33.000000 v2=22.250000 margin=10.750000
qwen35 debug logits position 2122: top1=318 top2=9616 v1=33.250000 v2=16.750000 margin=16.500000
qwen35 debug logits position 2123: top1=118981 top2=26076 v1=28.375000 v2=24.375000 margin=4.000000
qwen35 debug logits position 2124: top1=553 top2=681 v1=29.875000 v2=24.000000 margin=5.875000
qwen35 debug logits position 2125: top1=561 top2=4558 v1=29.500000 v2=26.125000 margin=3.375000
qwen35 debug logits position 2126: top1=1414 top2=328 v1=27.000000 v2=25.375000 margin=1.625000
qwen35 debug logits position 2127: top1=5435 top2=5469 v1=27.875000 v2=24.625000 margin=3.250000
qwen35 debug logits position 2128: top1=264 top2=1092 v1=29.375000 v2=25.750000 margin=3.625000
qwen35 debug logits position 2129: top1=7920 top2=12062 v1=26.625000 v2=24.250000 margin=2.375000
qwen35 debug logits position 2130: top1=7359 top2=328 v1=29.875000 v2=25.875000 margin=4.000000
qwen35 debug logits position 2131: top1=12495 top2=28853 v1=24.875000 v2=23.750000 margin=1.125000
qwen35 debug logits position 2132: top1=430 top2=328 v1=33.500000 v2=25.625000 margin=7.875000
qwen35 debug logits position 2133: top1=328 top2=32464 v1=31.500000 v2=30.500000 margin=1.000000
qwen35 debug logits position 2134: top1=10586 top2=97805 v1=31.000000 v2=25.250000 margin=5.750000
qwen35 debug logits position 2135: top1=97805 top2=22615 v1=32.250000 v2=19.750000 margin=12.500000
qwen35 debug logits position 2136: top1=117176 top2=63073 v1=28.750000 v2=16.750000 margin=12.000000
qwen35 debug logits position 2137: top1=101761 top2=110127 v1=29.750000 v2=15.875000 margin=13.875000
qwen35 debug logits position 2138: top1=10638 top2=24273 v1=35.000000 v2=24.250000 margin=10.750000
qwen35 debug logits position 2139: top1=99454 top2=1 v1=33.250000 v2=24.375000 margin=8.875000
qwen35 debug logits position 2140: top1=110127 top2=96149 v1=29.375000 v2=16.625000 margin=12.750000
qwen35 debug logits position 2141: top1=9806 top2=1 v1=30.250000 v2=24.625000 margin=5.625000
qwen35 debug logits position 2142: top1=55 top2=48 v1=30.125000 v2=17.625000 margin=12.500000
qwen35 debug logits position 2143: top1=35205 top2=69046 v1=32.250000 v2=22.375000 margin=9.875000
qwen35 debug logits position 2144: top1=27325 top2=12 v1=29.875000 v2=20.250000 margin=9.625000
qwen35 debug logits position 2145: top1=54 top2=35695 v1=27.625000 v2=18.250000 margin=9.375000
qwen35 debug logits position 2146: top1=923 top2=18 v1=26.250000 v2=14.750000 margin=11.500000
qwen35 debug logits position 2147: top1=18 top2=17 v1=28.250000 v2=16.875000 margin=11.375000
qwen35 debug logits position 2148: top1=23 top2=12 v1=27.125000 v2=18.000000 margin=9.125000
qwen35 debug logits position 2149: top1=12 top2=19 v1=25.125000 v2=13.187500 margin=11.937500
qwen35 debug logits position 2150: top1=19 top2=15 v1=27.875000 v2=16.750000 margin=11.125000
qwen35 debug logits position 2151: top1=15 top2=19 v1=25.375000 v2=12.250000 margin=13.125000
qwen35 debug logits position 2152: top1=24 top2=19 v1=26.500000 v2=15.750000 margin=10.750000
qwen35 debug logits position 2153: top1=15 top2=21 v1=33.750000 v2=21.500000 margin=12.250000
qwen35 debug logits position 2154: top1=1 top2=1710 v1=29.000000 v2=25.000000 margin=4.000000
qwen35 debug logits position 2155: top1=321 top2=864 v1=28.125000 v2=26.500000 margin=1.625000
qwen35 debug logits position 2156: top1=1179 top2=506 v1=27.625000 v2=27.500000 margin=0.125000
qwen35 debug logits position 2157: top1=506 top2=264 v1=28.125000 v2=25.625000 margin=2.500000
qwen35 debug logits position 2158: top1=279 top2=264 v1=33.500000 v2=15.625000 margin=17.875000
qwen35 debug logits position 2159: top1=809 top2=1546 v1=33.500000 v2=28.750000 margin=4.750000
qwen35 debug logits position 2160: top1=16561 top2=1017 v1=27.250000 v2=25.375000 margin=1.875000
qwen35 debug logits position 2161: top1=728 top2=328 v1=34.250000 v2=23.625000 margin=10.625000
qwen35 debug logits position 2162: top1=310 top2=2468 v1=33.250000 v2=17.625000 margin=15.625000
qwen35 debug logits position 2163: top1=328 top2=2468 v1=30.375000 v2=29.500000 margin=0.875000
qwen35 debug logits position 2164: top1=96218 top2=2911 v1=33.500000 v2=27.625000 margin=5.875000
qwen35 debug logits position 2165: top1=100627 top2=128796 v1=36.250000 v2=21.250000 margin=15.000000
qwen35 debug logits position 2166: top1=9806 top2=2456 v1=33.500000 v2=19.125000 margin=14.375000
qwen35 debug logits position 2167: top1=55 top2=56 v1=30.500000 v2=18.500000 margin=12.000000
qwen35 debug logits position 2168: top1=35205 top2=69046 v1=32.750000 v2=21.125000 margin=11.625000
qwen35 debug logits position 2169: top1=27325 top2=12 v1=32.500000 v2=19.000000 margin=13.500000
qwen35 debug logits position 2170: top1=54 top2=44 v1=29.625000 v2=17.125000 margin=12.500000
qwen35 debug logits position 2171: top1=923 top2=3811 v1=26.250000 v2=14.000000 margin=12.250000
qwen35 debug logits position 2172: top1=18 top2=12 v1=28.375000 v2=16.750000 margin=11.625000
qwen35 debug logits position 2173: top1=23 top2=12 v1=28.250000 v2=16.625000 margin=11.625000
qwen35 debug logits position 2174: top1=12 top2=19 v1=25.250000 v2=11.875000 margin=13.375000
qwen35 debug logits position 2175: top1=19 top2=18 v1=27.625000 v2=16.125000 margin=11.500000
qwen35 debug hidden embedding position 7: min=-0.0563965 max=0.0583496 mean_abs=0.0125982
qwen35 debug hidden embedding position 35: min=-0.1289062 max=0.1054688 mean_abs=0.0117574
qwen35 debug hidden layer-000 position 7: min=-0.5625000 max=16.7500000 mean_abs=0.0586561
qwen35 debug hidden layer-000 position 35: min=-0.4707031 max=15.5000000 mean_abs=0.0385498
qwen35 debug hidden layer-003 position 7: min=-2.5937500 max=32.0000000 mean_abs=0.1003231
qwen35 debug hidden layer-003 position 35: min=-1.7500000 max=26.6250000 mean_abs=0.0718240
qwen35 debug hidden layer-031 position 7: min=-17.5000000 max=69.0000000 mean_abs=0.4904949
qwen35 debug hidden layer-031 position 35: min=-12.9375000 max=65.5000000 mean_abs=0.4786619
qwen35 debug hidden layer-032 position 7: min=-17.7500000 max=62.2500000 mean_abs=0.4821762
qwen35 debug hidden layer-032 position 35: min=-12.8125000 max=63.2500000 mean_abs=0.4753920
qwen35 debug hidden layer-060 position 7: min=-35.5000000 max=164.0000000 mean_abs=2.3281907
qwen35 debug hidden layer-060 position 35: min=-32.0000000 max=208.0000000 mean_abs=1.9094834
qwen35 debug hidden layer-063 position 7: min=-81.0000000 max=67.5000000 mean_abs=3.3108679
qwen35 debug hidden layer-063 position 35: min=-63.2500000 max=132.0000000 mean_abs=3.6961290
qwen35 debug hidden embedding position 83: min=-0.0593262 max=0.0595703 mean_abs=0.0116621
qwen35 debug hidden layer-000 position 83: min=-0.3203125 max=16.7500000 mean_abs=0.0495676
qwen35 debug hidden layer-003 position 83: min=-1.4921875 max=27.3750000 mean_abs=0.0822911
qwen35 debug hidden layer-031 position 83: min=-11.0000000 max=65.0000000 mean_abs=0.4612303
qwen35 debug hidden layer-032 position 83: min=-11.5625000 max=60.7500000 mean_abs=0.4769390
qwen35 debug hidden layer-060 position 83: min=-23.2500000 max=171.0000000 mean_abs=2.0438626
qwen35 debug hidden layer-063 position 83: min=-71.0000000 max=113.5000000 mean_abs=3.4609423
qwen35 debug logits position 0: top1=2456 top2=76471 v1=21.000000 v2=15.437500 margin=5.562500
qwen35 debug logits position 2049: top1=55 top2=48 v1=25.375000 v2=13.562500 margin=11.812500
qwen35 debug logits position 2050: top1=35205 top2=69046 v1=28.875000 v2=17.500000 margin=11.375000
qwen35 debug logits position 2051: top1=27325 top2=12 v1=23.875000 v2=14.062500 margin=9.812500
qwen35 debug logits position 2052: top1=54 top2=12100 v1=23.625000 v2=13.750000 margin=9.875000
qwen35 debug logits position 2053: top1=923 top2=2629 v1=25.000000 v2=13.000000 margin=12.000000
qwen35 debug logits position 2054: top1=18 top2=12 v1=23.875000 v2=13.750000 margin=10.125000
qwen35 debug logits position 2055: top1=23 top2=12 v1=23.250000 v2=16.375000 margin=6.875000
qwen35 debug logits position 2056: top1=12 top2=19 v1=21.375000 v2=11.937500 margin=9.437500
qwen35 debug logits position 2057: top1=19 top2=15 v1=23.125000 v2=13.625000 margin=9.500000
qwen35 debug logits position 2058: top1=15 top2=248046 v1=22.250000 v2=11.562500 margin=10.687500
qwen35 debug logits position 2059: top1=24 top2=19 v1=23.625000 v2=12.875000 margin=10.750000
qwen35 debug logits position 2060: top1=15 top2=198 v1=23.625000 v2=14.375000 margin=9.250000
qwen35 debug logits position 2061: top1=198 top2=27502 v1=19.875000 v2=18.625000 margin=1.250000
qwen35 debug logits position 2062: top1=76471 top2=2456 v1=21.625000 v2=15.375000 margin=6.250000
qwen35 debug logits position 2063: top1=248046 top2=198 v1=20.625000 v2=19.875000 margin=0.750000
qwen35 debug logits position 2064: top1=198 top2=248044 v1=28.250000 v2=10.187500 margin=18.062500
qwen35 debug logits position 2065: top1=248044 top2=248045 v1=31.375000 v2=21.250000 margin=10.125000
qwen35 debug logits position 2066: top1=248045 top2=248044 v1=26.250000 v2=16.750000 margin=9.500000
qwen35 debug logits position 2067: top1=248045 top2=248046 v1=29.750000 v2=21.625000 margin=8.125000
qwen35 debug logits position 2068: top1=248045 top2=248068 v1=28.500000 v2=19.000000 margin=9.500000
qwen35 debug logits position 2069: top1=248068 top2=248046 v1=22.000000 v2=21.750000 margin=0.250000
qwen35 debug logits position 2070: top1=198 top2=271 v1=28.375000 v2=28.250000 margin=0.125000
qwen35 debug logits position 2071: top1=760 top2=97237 v1=25.625000 v2=21.000000 margin=4.625000
qwen35 debug logits position 2072: top1=1156 top2=97237 v1=32.250000 v2=17.625000 margin=14.625000
qwen35 debug logits position 2073: top1=369 top2=682 v1=28.750000 v2=23.750000 margin=5.000000
qwen35 debug logits position 2074: top1=9859 top2=4313 v1=30.000000 v2=25.375000 margin=4.625000
qwen35 debug logits position 2075: top1=728 top2=264 v1=31.875000 v2=17.625000 margin=14.250000
qwen35 debug logits position 2076: top1=310 top2=1118 v1=31.500000 v2=18.000000 margin=13.500000
qwen35 debug logits position 2077: top1=2468 top2=1118 v1=27.000000 v2=26.625000 margin=0.375000
qwen35 debug logits position 2078: top1=328 top2=264 v1=29.500000 v2=27.125000 margin=2.375000
qwen35 debug logits position 2079: top1=2456 top2=76471 v1=31.125000 v2=22.625000 margin=8.500000
qwen35 debug logits position 2080: top1=55 top2=48 v1=30.000000 v2=16.875000 margin=13.125000
qwen35 debug logits position 2081: top1=35205 top2=69046 v1=33.500000 v2=22.250000 margin=11.250000
qwen35 debug logits position 2082: top1=27325 top2=12 v1=27.625000 v2=16.000000 margin=11.625000
qwen35 debug logits position 2083: top1=54 top2=48 v1=29.000000 v2=15.812500 margin=13.187500
qwen35 debug logits position 2084: top1=923 top2=2629 v1=28.250000 v2=17.250000 margin=11.000000
qwen35 debug logits position 2085: top1=18 top2=17 v1=25.750000 v2=13.812500 margin=11.937500
qwen35 debug logits position 2086: top1=23 top2=12 v1=27.375000 v2=17.750000 margin=9.625000
qwen35 debug logits position 2087: top1=12 top2=19 v1=24.125000 v2=12.000000 margin=12.125000
qwen35 debug logits position 2088: top1=19 top2=18 v1=28.750000 v2=17.250000 margin=11.500000
qwen35 debug logits position 2089: top1=15 top2=17 v1=25.250000 v2=12.312500 margin=12.937500
qwen35 debug logits position 2090: top1=24 top2=19 v1=28.000000 v2=14.937500 margin=13.062500
qwen35 debug logits position 2091: top1=15 top2=21 v1=28.375000 v2=15.125000 margin=13.250000
qwen35 debug logits position 2092: top1=1 top2=11 v1=28.625000 v2=14.500000 margin=14.125000
qwen35 debug logits position 2093: top1=7854 top2=321 v1=32.000000 v2=30.250000 margin=1.750000
qwen35 debug logits position 2094: top1=539 top2=29865 v1=35.750000 v2=24.750000 margin=11.000000
qwen35 debug logits position 2095: top1=279 top2=29865 v1=28.375000 v2=27.500000 margin=0.875000
qwen35 debug logits position 2096: top1=3299 top2=4105 v1=31.500000 v2=21.500000 margin=10.000000
qwen35 debug logits position 2097: top1=328 top2=27502 v1=35.000000 v2=18.375000 margin=16.625000
qwen35 debug logits position 2098: top1=76471 top2=27502 v1=33.000000 v2=20.500000 margin=12.500000
qwen35 debug logits position 2099: top1=1 top2=3158 v1=30.875000 v2=25.625000 margin=5.250000
qwen35 debug logits position 2100: top1=29865 top2=18253 v1=28.750000 v2=27.625000 margin=1.125000
qwen35 debug logits position 2101: top1=13 top2=1238 v1=29.250000 v2=24.375000 margin=4.875000
qwen35 debug logits position 2102: top1=1061 top2=271 v1=27.625000 v2=26.875000 margin=0.750000
qwen35 debug logits position 2103: top1=7701 top2=369 v1=30.500000 v2=26.750000 margin=3.750000
qwen35 debug logits position 2104: top1=310 top2=303 v1=31.125000 v2=23.000000 margin=8.125000
qwen35 debug logits position 2105: top1=381 top2=1323 v1=34.000000 v2=17.625000 margin=16.375000
qwen35 debug logits position 2106: top1=264 top2=449 v1=27.625000 v2=22.750000 margin=4.875000
qwen35 debug logits position 2107: top1=9640 top2=3471 v1=24.750000 v2=22.250000 margin=2.500000
qwen35 debug logits position 2108: top1=24277 top2=39328 v1=33.250000 v2=19.125000 margin=14.125000
qwen35 debug logits position 2109: top1=4621 top2=1228 v1=28.000000 v2=22.250000 margin=5.750000
qwen35 debug logits position 2110: top1=22151 top2=1332 v1=30.750000 v2=24.000000 margin=6.750000
qwen35 debug logits position 2111: top1=2785 top2=303 v1=32.000000 v2=31.125000 margin=0.875000
qwen35 debug logits position 2112: top1=264 top2=1092 v1=29.125000 v2=25.750000 margin=3.375000
qwen35 debug logits position 2113: top1=20438 top2=1414 v1=20.500000 v2=19.875000 margin=0.625000
qwen35 debug logits position 2114: top1=494 top2=314 v1=28.875000 v2=25.375000 margin=3.500000
qwen35 debug logits position 2115: top1=328 top2=17297 v1=25.000000 v2=20.750000 margin=4.250000
qwen35 debug logits position 2116: top1=62182 top2=760 v1=29.125000 v2=19.750000 margin=9.375000
qwen35 debug logits position 2117: top1=314 top2=3456 v1=35.250000 v2=17.375000 margin=17.875000
qwen35 debug logits position 2118: top1=279 top2=1719 v1=35.750000 v2=21.625000 margin=14.125000
qwen35 debug logits position 2119: top1=3605 top2=5844 v1=30.375000 v2=20.750000 margin=9.625000
qwen35 debug logits position 2120: top1=30347 top2=62009 v1=30.250000 v2=17.500000 margin=12.750000
qwen35 debug logits position 2121: top1=1 top2=1149 v1=33.000000 v2=22.250000 margin=10.750000
qwen35 debug logits position 2122: top1=318 top2=9616 v1=33.250000 v2=16.750000 margin=16.500000
qwen35 debug logits position 2123: top1=118981 top2=26076 v1=28.375000 v2=24.375000 margin=4.000000
qwen35 debug logits position 2124: top1=553 top2=681 v1=29.875000 v2=24.000000 margin=5.875000
qwen35 debug logits position 2125: top1=561 top2=4558 v1=29.500000 v2=26.125000 margin=3.375000
qwen35 debug logits position 2126: top1=1414 top2=328 v1=27.000000 v2=25.375000 margin=1.625000
qwen35 debug logits position 2127: top1=5435 top2=5469 v1=27.875000 v2=24.625000 margin=3.250000
qwen35 debug logits position 2128: top1=264 top2=1092 v1=29.375000 v2=25.750000 margin=3.625000
qwen35 debug logits position 2129: top1=7920 top2=12062 v1=26.625000 v2=24.250000 margin=2.375000
qwen35 debug logits position 2130: top1=7359 top2=328 v1=29.875000 v2=25.875000 margin=4.000000
qwen35 debug logits position 2131: top1=12495 top2=28853 v1=24.875000 v2=23.750000 margin=1.125000
qwen35 debug logits position 2132: top1=430 top2=328 v1=33.500000 v2=25.625000 margin=7.875000
qwen35 debug logits position 2133: top1=328 top2=32464 v1=31.500000 v2=30.500000 margin=1.000000
qwen35 debug logits position 2134: top1=10586 top2=97805 v1=31.000000 v2=25.250000 margin=5.750000
qwen35 debug logits position 2135: top1=97805 top2=22615 v1=32.250000 v2=19.750000 margin=12.500000
qwen35 debug logits position 2136: top1=117176 top2=63073 v1=28.750000 v2=16.750000 margin=12.000000
qwen35 debug logits position 2137: top1=101761 top2=110127 v1=29.750000 v2=15.875000 margin=13.875000
qwen35 debug logits position 2138: top1=10638 top2=24273 v1=35.000000 v2=24.250000 margin=10.750000
qwen35 debug logits position 2139: top1=99454 top2=1 v1=33.250000 v2=24.375000 margin=8.875000
qwen35 debug logits position 2140: top1=110127 top2=96149 v1=29.375000 v2=16.625000 margin=12.750000
qwen35 debug logits position 2141: top1=9806 top2=1 v1=30.250000 v2=24.625000 margin=5.625000
qwen35 debug logits position 2142: top1=55 top2=48 v1=30.125000 v2=17.625000 margin=12.500000
qwen35 debug logits position 2143: top1=35205 top2=69046 v1=32.250000 v2=22.375000 margin=9.875000
qwen35 debug logits position 2144: top1=27325 top2=12 v1=29.875000 v2=20.250000 margin=9.625000
qwen35 debug logits position 2145: top1=54 top2=35695 v1=27.625000 v2=18.250000 margin=9.375000
qwen35 debug logits position 2146: top1=923 top2=18 v1=26.250000 v2=14.750000 margin=11.500000
qwen35 debug logits position 2147: top1=18 top2=17 v1=28.250000 v2=16.875000 margin=11.375000
qwen35 debug logits position 2148: top1=23 top2=12 v1=27.125000 v2=18.000000 margin=9.125000
qwen35 debug logits position 2149: top1=12 top2=19 v1=25.125000 v2=13.187500 margin=11.937500
qwen35 debug logits position 2150: top1=19 top2=15 v1=27.875000 v2=16.750000 margin=11.125000
qwen35 debug logits position 2151: top1=15 top2=19 v1=25.375000 v2=12.250000 margin=13.125000
qwen35 debug logits position 2152: top1=24 top2=19 v1=26.500000 v2=15.750000 margin=10.750000
qwen35 debug logits position 2153: top1=15 top2=21 v1=33.750000 v2=21.500000 margin=12.250000
qwen35 debug logits position 2154: top1=1 top2=1710 v1=29.000000 v2=25.000000 margin=4.000000
qwen35 debug logits position 2155: top1=321 top2=864 v1=28.125000 v2=26.500000 margin=1.625000
qwen35 debug logits position 2156: top1=1179 top2=506 v1=27.625000 v2=27.500000 margin=0.125000
qwen35 debug logits position 2157: top1=506 top2=264 v1=28.125000 v2=25.625000 margin=2.500000
qwen35 debug logits position 2158: top1=279 top2=264 v1=33.500000 v2=15.625000 margin=17.875000
qwen35 debug logits position 2159: top1=809 top2=1546 v1=33.500000 v2=28.750000 margin=4.750000
qwen35 debug logits position 2160: top1=16561 top2=1017 v1=27.250000 v2=25.375000 margin=1.875000
qwen35 debug logits position 2161: top1=728 top2=328 v1=34.250000 v2=23.625000 margin=10.625000
qwen35 debug logits position 2162: top1=310 top2=2468 v1=33.250000 v2=17.625000 margin=15.625000
qwen35 debug logits position 2163: top1=328 top2=2468 v1=30.375000 v2=29.500000 margin=0.875000
qwen35 debug logits position 2164: top1=96218 top2=2911 v1=33.500000 v2=27.625000 margin=5.875000
qwen35 debug logits position 2165: top1=100627 top2=128796 v1=36.250000 v2=21.250000 margin=15.000000
qwen35 debug logits position 2166: top1=9806 top2=2456 v1=33.500000 v2=19.125000 margin=14.375000
qwen35 debug logits position 2167: top1=55 top2=56 v1=30.500000 v2=18.500000 margin=12.000000
qwen35 debug logits position 2168: top1=35205 top2=69046 v1=32.750000 v2=21.125000 margin=11.625000
qwen35 debug logits position 2169: top1=27325 top2=12 v1=32.500000 v2=19.000000 margin=13.500000
qwen35 debug logits position 2170: top1=54 top2=44 v1=29.625000 v2=17.125000 margin=12.500000
qwen35 debug logits position 2171: top1=923 top2=3811 v1=26.250000 v2=14.000000 margin=12.250000
qwen35 debug logits position 2172: top1=18 top2=12 v1=28.375000 v2=16.750000 margin=11.625000
qwen35 debug logits position 2173: top1=23 top2=12 v1=28.250000 v2=16.625000 margin=11.625000
qwen35 debug logits position 2174: top1=12 top2=19 v1=25.250000 v2=11.875000 margin=13.375000
qwen35 debug logits position 2175: top1=19 top2=18 v1=27.625000 v2=16.125000 margin=11.500000
qwen35 debug hidden embedding position 7: min=-0.0563965 max=0.0583496 mean_abs=0.0125982
qwen35 debug hidden embedding position 35: min=-0.1289062 max=0.1054688 mean_abs=0.0117574
qwen35 debug hidden layer-000 position 7: min=-0.5625000 max=16.7500000 mean_abs=0.0586561
qwen35 debug hidden layer-000 position 35: min=-0.4707031 max=15.5000000 mean_abs=0.0385498
qwen35 debug hidden layer-003 position 7: min=-2.5937500 max=32.0000000 mean_abs=0.1003231
qwen35 debug hidden layer-003 position 35: min=-1.7500000 max=26.6250000 mean_abs=0.0718240
qwen35 debug hidden layer-031 position 7: min=-17.5000000 max=69.0000000 mean_abs=0.4904949
qwen35 debug hidden layer-031 position 35: min=-12.9375000 max=65.5000000 mean_abs=0.4786619
qwen35 debug hidden layer-032 position 7: min=-17.7500000 max=62.2500000 mean_abs=0.4821762
qwen35 debug hidden layer-032 position 35: min=-12.8125000 max=63.2500000 mean_abs=0.4753920
qwen35 debug hidden layer-060 position 7: min=-35.5000000 max=164.0000000 mean_abs=2.3281907
qwen35 debug hidden layer-060 position 35: min=-32.0000000 max=208.0000000 mean_abs=1.9094834
qwen35 debug hidden layer-063 position 7: min=-81.0000000 max=67.5000000 mean_abs=3.3108679
qwen35 debug hidden layer-063 position 35: min=-63.2500000 max=132.0000000 mean_abs=3.6961290
qwen35 debug hidden embedding position 83: min=-0.0593262 max=0.0595703 mean_abs=0.0116621
qwen35 debug hidden layer-000 position 83: min=-0.3203125 max=16.7500000 mean_abs=0.0495676
qwen35 debug hidden layer-003 position 83: min=-1.4921875 max=27.3750000 mean_abs=0.0822911
qwen35 debug hidden layer-031 position 83: min=-11.0000000 max=65.0000000 mean_abs=0.4612303
qwen35 debug hidden layer-032 position 83: min=-11.5625000 max=60.7500000 mean_abs=0.4769390
qwen35 debug hidden layer-060 position 83: min=-23.2500000 max=171.0000000 mean_abs=2.0438626
qwen35 debug hidden layer-063 position 83: min=-71.0000000 max=113.5000000 mean_abs=3.4609423
qwen35 debug logits position 0: top1=2456 top2=76471 v1=21.000000 v2=15.437500 margin=5.562500
qwen35 debug logits position 2049: top1=55 top2=48 v1=25.375000 v2=13.562500 margin=11.812500
qwen35 debug logits position 2050: top1=35205 top2=69046 v1=28.875000 v2=17.500000 margin=11.375000
qwen35 debug logits position 2051: top1=27325 top2=12 v1=23.875000 v2=14.062500 margin=9.812500
qwen35 debug logits position 2052: top1=54 top2=12100 v1=23.625000 v2=13.750000 margin=9.875000
qwen35 debug logits position 2053: top1=923 top2=2629 v1=25.000000 v2=13.000000 margin=12.000000
qwen35 debug logits position 2054: top1=18 top2=12 v1=23.875000 v2=13.750000 margin=10.125000
qwen35 debug logits position 2055: top1=23 top2=12 v1=23.250000 v2=16.375000 margin=6.875000
qwen35 debug logits position 2056: top1=12 top2=19 v1=21.375000 v2=11.937500 margin=9.437500
qwen35 debug logits position 2057: top1=19 top2=15 v1=23.125000 v2=13.625000 margin=9.500000
qwen35 debug logits position 2058: top1=15 top2=248046 v1=22.250000 v2=11.562500 margin=10.687500
qwen35 debug logits position 2059: top1=24 top2=19 v1=23.625000 v2=12.875000 margin=10.750000
qwen35 debug logits position 2060: top1=15 top2=198 v1=23.625000 v2=14.375000 margin=9.250000
qwen35 debug logits position 2061: top1=198 top2=27502 v1=19.875000 v2=18.625000 margin=1.250000
qwen35 debug logits position 2062: top1=76471 top2=2456 v1=21.625000 v2=15.375000 margin=6.250000
qwen35 debug logits position 2063: top1=248046 top2=198 v1=20.625000 v2=19.875000 margin=0.750000
qwen35 debug logits position 2064: top1=198 top2=248044 v1=28.250000 v2=10.187500 margin=18.062500
qwen35 debug logits position 2065: top1=248044 top2=248045 v1=31.375000 v2=21.250000 margin=10.125000
qwen35 debug logits position 2066: top1=248045 top2=248044 v1=26.250000 v2=16.750000 margin=9.500000
qwen35 debug logits position 2067: top1=248045 top2=248046 v1=29.750000 v2=21.625000 margin=8.125000
qwen35 debug logits position 2068: top1=248045 top2=248068 v1=28.500000 v2=19.000000 margin=9.500000
qwen35 debug logits position 2069: top1=248068 top2=248046 v1=22.000000 v2=21.750000 margin=0.250000
qwen35 debug logits position 2070: top1=198 top2=271 v1=28.375000 v2=28.250000 margin=0.125000
qwen35 debug logits position 2071: top1=760 top2=97237 v1=25.625000 v2=21.000000 margin=4.625000
qwen35 debug logits position 2072: top1=1156 top2=97237 v1=32.250000 v2=17.625000 margin=14.625000
qwen35 debug logits position 2073: top1=369 top2=682 v1=28.750000 v2=23.750000 margin=5.000000
qwen35 debug logits position 2074: top1=9859 top2=4313 v1=30.000000 v2=25.375000 margin=4.625000
qwen35 debug logits position 2075: top1=728 top2=264 v1=31.875000 v2=17.625000 margin=14.250000
qwen35 debug logits position 2076: top1=310 top2=1118 v1=31.500000 v2=18.000000 margin=13.500000
qwen35 debug logits position 2077: top1=2468 top2=1118 v1=27.000000 v2=26.625000 margin=0.375000
qwen35 debug logits position 2078: top1=328 top2=264 v1=29.500000 v2=27.125000 margin=2.375000
qwen35 debug logits position 2079: top1=2456 top2=76471 v1=31.125000 v2=22.625000 margin=8.500000
qwen35 debug logits position 2080: top1=55 top2=48 v1=30.000000 v2=16.875000 margin=13.125000
qwen35 debug logits position 2081: top1=35205 top2=69046 v1=33.500000 v2=22.250000 margin=11.250000
qwen35 debug logits position 2082: top1=27325 top2=12 v1=27.625000 v2=16.000000 margin=11.625000
qwen35 debug logits position 2083: top1=54 top2=48 v1=29.000000 v2=15.812500 margin=13.187500
qwen35 debug logits position 2084: top1=923 top2=2629 v1=28.250000 v2=17.250000 margin=11.000000
qwen35 debug logits position 2085: top1=18 top2=17 v1=25.750000 v2=13.812500 margin=11.937500
qwen35 debug logits position 2086: top1=23 top2=12 v1=27.375000 v2=17.750000 margin=9.625000
qwen35 debug logits position 2087: top1=12 top2=19 v1=24.125000 v2=12.000000 margin=12.125000
qwen35 debug logits position 2088: top1=19 top2=18 v1=28.750000 v2=17.250000 margin=11.500000
qwen35 debug logits position 2089: top1=15 top2=17 v1=25.250000 v2=12.312500 margin=12.937500
qwen35 debug logits position 2090: top1=24 top2=19 v1=28.000000 v2=14.937500 margin=13.062500
qwen35 debug logits position 2091: top1=15 top2=21 v1=28.375000 v2=15.125000 margin=13.250000
qwen35 debug logits position 2092: top1=1 top2=11 v1=28.625000 v2=14.500000 margin=14.125000
qwen35 debug logits position 2093: top1=7854 top2=321 v1=32.000000 v2=30.250000 margin=1.750000
qwen35 debug logits position 2094: top1=539 top2=29865 v1=35.750000 v2=24.750000 margin=11.000000
qwen35 debug logits position 2095: top1=279 top2=29865 v1=28.375000 v2=27.500000 margin=0.875000
qwen35 debug logits position 2096: top1=3299 top2=4105 v1=31.500000 v2=21.500000 margin=10.000000
qwen35 debug logits position 2097: top1=328 top2=27502 v1=35.000000 v2=18.375000 margin=16.625000
qwen35 debug logits position 2098: top1=76471 top2=27502 v1=33.000000 v2=20.500000 margin=12.500000
qwen35 debug logits position 2099: top1=1 top2=3158 v1=30.875000 v2=25.625000 margin=5.250000
qwen35 debug logits position 2100: top1=29865 top2=18253 v1=28.750000 v2=27.625000 margin=1.125000
qwen35 debug logits position 2101: top1=13 top2=1238 v1=29.250000 v2=24.375000 margin=4.875000
qwen35 debug logits position 2102: top1=1061 top2=271 v1=27.625000 v2=26.875000 margin=0.750000
qwen35 debug logits position 2103: top1=7701 top2=369 v1=30.500000 v2=26.750000 margin=3.750000
qwen35 debug logits position 2104: top1=310 top2=303 v1=31.125000 v2=23.000000 margin=8.125000
qwen35 debug logits position 2105: top1=381 top2=1323 v1=34.000000 v2=17.625000 margin=16.375000
qwen35 debug logits position 2106: top1=264 top2=449 v1=27.625000 v2=22.750000 margin=4.875000
qwen35 debug logits position 2107: top1=9640 top2=3471 v1=24.750000 v2=22.250000 margin=2.500000
qwen35 debug logits position 2108: top1=24277 top2=39328 v1=33.250000 v2=19.125000 margin=14.125000
qwen35 debug logits position 2109: top1=4621 top2=1228 v1=28.000000 v2=22.250000 margin=5.750000
qwen35 debug logits position 2110: top1=22151 top2=1332 v1=30.750000 v2=24.000000 margin=6.750000
qwen35 debug logits position 2111: top1=2785 top2=303 v1=32.000000 v2=31.125000 margin=0.875000
qwen35 debug logits position 2112: top1=264 top2=1092 v1=29.125000 v2=25.750000 margin=3.375000
qwen35 debug logits position 2113: top1=20438 top2=1414 v1=20.500000 v2=19.875000 margin=0.625000
qwen35 debug logits position 2114: top1=494 top2=314 v1=28.875000 v2=25.375000 margin=3.500000
qwen35 debug logits position 2115: top1=328 top2=17297 v1=25.000000 v2=20.750000 margin=4.250000
qwen35 debug logits position 2116: top1=62182 top2=760 v1=29.125000 v2=19.750000 margin=9.375000
qwen35 debug logits position 2117: top1=314 top2=3456 v1=35.250000 v2=17.375000 margin=17.875000
qwen35 debug logits position 2118: top1=279 top2=1719 v1=35.750000 v2=21.625000 margin=14.125000
qwen35 debug logits position 2119: top1=3605 top2=5844 v1=30.375000 v2=20.750000 margin=9.625000
qwen35 debug logits position 2120: top1=30347 top2=62009 v1=30.250000 v2=17.500000 margin=12.750000
qwen35 debug logits position 2121: top1=1 top2=1149 v1=33.000000 v2=22.250000 margin=10.750000
qwen35 debug logits position 2122: top1=318 top2=9616 v1=33.250000 v2=16.750000 margin=16.500000
qwen35 debug logits position 2123: top1=118981 top2=26076 v1=28.375000 v2=24.375000 margin=4.000000
qwen35 debug logits position 2124: top1=553 top2=681 v1=29.875000 v2=24.000000 margin=5.875000
qwen35 debug logits position 2125: top1=561 top2=4558 v1=29.500000 v2=26.125000 margin=3.375000
qwen35 debug logits position 2126: top1=1414 top2=328 v1=27.000000 v2=25.375000 margin=1.625000
qwen35 debug logits position 2127: top1=5435 top2=5469 v1=27.875000 v2=24.625000 margin=3.250000
qwen35 debug logits position 2128: top1=264 top2=1092 v1=29.375000 v2=25.750000 margin=3.625000
qwen35 debug logits position 2129: top1=7920 top2=12062 v1=26.625000 v2=24.250000 margin=2.375000
qwen35 debug logits position 2130: top1=7359 top2=328 v1=29.875000 v2=25.875000 margin=4.000000
qwen35 debug logits position 2131: top1=12495 top2=28853 v1=24.875000 v2=23.750000 margin=1.125000
qwen35 debug logits position 2132: top1=430 top2=328 v1=33.500000 v2=25.625000 margin=7.875000
qwen35 debug logits position 2133: top1=328 top2=32464 v1=31.500000 v2=30.500000 margin=1.000000
qwen35 debug logits position 2134: top1=10586 top2=97805 v1=31.000000 v2=25.250000 margin=5.750000
qwen35 debug logits position 2135: top1=97805 top2=22615 v1=32.250000 v2=19.750000 margin=12.500000
qwen35 debug logits position 2136: top1=117176 top2=63073 v1=28.750000 v2=16.750000 margin=12.000000
qwen35 debug logits position 2137: top1=101761 top2=110127 v1=29.750000 v2=15.875000 margin=13.875000
qwen35 debug logits position 2138: top1=10638 top2=24273 v1=35.000000 v2=24.250000 margin=10.750000
qwen35 debug logits position 2139: top1=99454 top2=1 v1=33.250000 v2=24.375000 margin=8.875000
qwen35 debug logits position 2140: top1=110127 top2=96149 v1=29.375000 v2=16.625000 margin=12.750000
qwen35 debug logits position 2141: top1=9806 top2=1 v1=30.250000 v2=24.625000 margin=5.625000
qwen35 debug logits position 2142: top1=55 top2=48 v1=30.125000 v2=17.625000 margin=12.500000
qwen35 debug logits position 2143: top1=35205 top2=69046 v1=32.250000 v2=22.375000 margin=9.875000
qwen35 debug logits position 2144: top1=27325 top2=12 v1=29.875000 v2=20.250000 margin=9.625000
qwen35 debug logits position 2145: top1=54 top2=35695 v1=27.625000 v2=18.250000 margin=9.375000
qwen35 debug logits position 2146: top1=923 top2=18 v1=26.250000 v2=14.750000 margin=11.500000
qwen35 debug logits position 2147: top1=18 top2=17 v1=28.250000 v2=16.875000 margin=11.375000
qwen35 debug logits position 2148: top1=23 top2=12 v1=27.125000 v2=18.000000 margin=9.125000
qwen35 debug logits position 2149: top1=12 top2=19 v1=25.125000 v2=13.187500 margin=11.937500
qwen35 debug logits position 2150: top1=19 top2=15 v1=27.875000 v2=16.750000 margin=11.125000
qwen35 debug logits position 2151: top1=15 top2=19 v1=25.375000 v2=12.250000 margin=13.125000
qwen35 debug logits position 2152: top1=24 top2=19 v1=26.500000 v2=15.750000 margin=10.750000
qwen35 debug logits position 2153: top1=15 top2=21 v1=33.750000 v2=21.500000 margin=12.250000
qwen35 debug logits position 2154: top1=1 top2=1710 v1=29.000000 v2=25.000000 margin=4.000000
qwen35 debug logits position 2155: top1=321 top2=864 v1=28.125000 v2=26.500000 margin=1.625000
qwen35 debug logits position 2156: top1=1179 top2=506 v1=27.625000 v2=27.500000 margin=0.125000
qwen35 debug logits position 2157: top1=506 top2=264 v1=28.125000 v2=25.625000 margin=2.500000
qwen35 debug logits position 2158: top1=279 top2=264 v1=33.500000 v2=15.625000 margin=17.875000
qwen35 debug logits position 2159: top1=809 top2=1546 v1=33.500000 v2=28.750000 margin=4.750000
qwen35 debug logits position 2160: top1=16561 top2=1017 v1=27.250000 v2=25.375000 margin=1.875000
qwen35 debug logits position 2161: top1=728 top2=328 v1=34.250000 v2=23.625000 margin=10.625000
qwen35 debug logits position 2162: top1=310 top2=2468 v1=33.250000 v2=17.625000 margin=15.625000
qwen35 debug logits position 2163: top1=328 top2=2468 v1=30.375000 v2=29.500000 margin=0.875000
qwen35 debug logits position 2164: top1=96218 top2=2911 v1=33.500000 v2=27.625000 margin=5.875000
qwen35 debug logits position 2165: top1=100627 top2=128796 v1=36.250000 v2=21.250000 margin=15.000000
qwen35 debug logits position 2166: top1=9806 top2=2456 v1=33.500000 v2=19.125000 margin=14.375000
qwen35 debug logits position 2167: top1=55 top2=56 v1=30.500000 v2=18.500000 margin=12.000000
qwen35 debug logits position 2168: top1=35205 top2=69046 v1=32.750000 v2=21.125000 margin=11.625000
qwen35 debug logits position 2169: top1=27325 top2=12 v1=32.500000 v2=19.000000 margin=13.500000
qwen35 debug logits position 2170: top1=54 top2=44 v1=29.625000 v2=17.125000 margin=12.500000
qwen35 debug logits position 2171: top1=923 top2=3811 v1=26.250000 v2=14.000000 margin=12.250000
qwen35 debug logits position 2172: top1=18 top2=12 v1=28.375000 v2=16.750000 margin=11.625000
qwen35 debug logits position 2173: top1=23 top2=12 v1=28.250000 v2=16.625000 margin=11.625000
qwen35 debug logits position 2174: top1=12 top2=19 v1=25.250000 v2=11.875000 margin=13.375000
qwen35 debug logits position 2175: top1=19 top2=18 v1=27.625000 v2=16.125000 margin=11.500000
qwen35 debug hidden embedding position 7: min=-0.0563965 max=0.0583496 mean_abs=0.0125982
qwen35 debug hidden embedding position 35: min=-0.0380859 max=0.0361328 mean_abs=0.0085539
qwen35 debug hidden layer-000 position 7: min=-0.5625000 max=16.7500000 mean_abs=0.0586561
qwen35 debug hidden layer-000 position 35: min=-0.3886719 max=15.9375000 mean_abs=0.0587410
qwen35 debug hidden layer-003 position 7: min=-2.5937500 max=32.0000000 mean_abs=0.1003231
qwen35 debug hidden layer-003 position 35: min=-1.8593750 max=28.6250000 mean_abs=0.0923511
qwen35 debug hidden layer-031 position 7: min=-17.5000000 max=69.0000000 mean_abs=0.4904949
qwen35 debug hidden layer-031 position 35: min=-15.1875000 max=67.0000000 mean_abs=0.5353224
qwen35 debug hidden layer-032 position 7: min=-17.7500000 max=62.2500000 mean_abs=0.4821762
qwen35 debug hidden layer-032 position 35: min=-14.9375000 max=63.0000000 mean_abs=0.5218437
qwen35 debug hidden layer-060 position 7: min=-35.5000000 max=164.0000000 mean_abs=2.3281907
qwen35 debug hidden layer-060 position 35: min=-36.0000000 max=115.5000000 mean_abs=2.3746286
qwen35 debug hidden layer-063 position 7: min=-81.0000000 max=67.5000000 mean_abs=3.3108679
qwen35 debug hidden layer-063 position 35: min=-69.0000000 max=100.5000000 mean_abs=3.7541654
qwen35 debug hidden embedding position 83: min=-0.0556641 max=0.0507812 mean_abs=0.0121255
qwen35 debug hidden layer-000 position 83: min=-0.5507812 max=20.5000000 mean_abs=0.0830700
qwen35 debug hidden layer-003 position 83: min=-2.0781250 max=35.2500000 mean_abs=0.1156546
qwen35 debug hidden layer-031 position 83: min=-14.0625000 max=68.0000000 mean_abs=0.5361672
qwen35 debug hidden layer-032 position 83: min=-14.3125000 max=63.5000000 mean_abs=0.5280244
qwen35 debug hidden layer-060 position 83: min=-35.7500000 max=114.5000000 mean_abs=2.3858466
qwen35 debug hidden layer-063 position 83: min=-58.5000000 max=101.0000000 mean_abs=3.6969532
qwen35 debug logits position 0: top1=2456 top2=76471 v1=22.125000 v2=15.125000 margin=7.000000
qwen35 debug logits position 4097: top1=55 top2=48 v1=25.750000 v2=13.500000 margin=12.250000
qwen35 debug logits position 4098: top1=35205 top2=33815 v1=30.500000 v2=17.750000 margin=12.750000
qwen35 debug logits position 4099: top1=27325 top2=12 v1=24.000000 v2=14.187500 margin=9.812500
qwen35 debug logits position 4100: top1=54 top2=12100 v1=23.375000 v2=13.125000 margin=10.250000
qwen35 debug logits position 4101: top1=923 top2=2629 v1=24.500000 v2=12.250000 margin=12.250000
qwen35 debug logits position 4102: top1=18 top2=12 v1=22.875000 v2=12.000000 margin=10.875000
qwen35 debug logits position 4103: top1=23 top2=12 v1=23.500000 v2=12.687500 margin=10.812500
qwen35 debug logits position 4104: top1=12 top2=19 v1=21.125000 v2=12.187500 margin=8.937500
qwen35 debug logits position 4105: top1=19 top2=17 v1=22.625000 v2=11.312500 margin=11.312500
qwen35 debug logits position 4106: top1=15 top2=248046 v1=22.625000 v2=11.062500 margin=11.562500
qwen35 debug logits position 4107: top1=24 top2=248046 v1=22.000000 v2=10.562500 margin=11.437500
qwen35 debug logits position 4108: top1=15 top2=198 v1=23.250000 v2=14.000000 margin=9.250000
qwen35 debug logits position 4109: top1=198 top2=27502 v1=19.125000 v2=18.750000 margin=0.375000
qwen35 debug logits position 4110: top1=76471 top2=2456 v1=21.125000 v2=15.687500 margin=5.437500
qwen35 debug logits position 4111: top1=248046 top2=198 v1=20.500000 v2=19.500000 margin=1.000000
qwen35 debug logits position 4112: top1=198 top2=59 v1=27.625000 v2=10.187500 margin=17.437500
qwen35 debug logits position 4113: top1=248044 top2=248045 v1=30.375000 v2=19.250000 margin=11.125000
qwen35 debug logits position 4114: top1=248045 top2=248044 v1=26.625000 v2=17.375000 margin=9.250000
qwen35 debug logits position 4115: top1=248045 top2=248046 v1=29.625000 v2=21.375000 margin=8.250000
qwen35 debug logits position 4116: top1=248045 top2=248068 v1=24.875000 v2=17.875000 margin=7.000000
qwen35 debug logits position 4117: top1=248068 top2=248046 v1=21.250000 v2=20.875000 margin=0.375000
qwen35 debug logits position 4118: top1=198 top2=271 v1=28.375000 v2=27.750000 margin=0.625000
qwen35 debug logits position 4119: top1=760 top2=97237 v1=26.375000 v2=21.125000 margin=5.250000
qwen35 debug logits position 4120: top1=1156 top2=97237 v1=32.500000 v2=17.500000 margin=15.000000
qwen35 debug logits position 4121: top1=369 top2=682 v1=28.875000 v2=23.625000 margin=5.250000
qwen35 debug logits position 4122: top1=9859 top2=4313 v1=31.500000 v2=23.625000 margin=7.875000
qwen35 debug logits position 4123: top1=728 top2=264 v1=30.750000 v2=17.625000 margin=13.125000
qwen35 debug logits position 4124: top1=310 top2=1118 v1=30.750000 v2=17.250000 margin=13.500000
qwen35 debug logits position 4125: top1=1118 top2=2468 v1=27.500000 v2=27.250000 margin=0.250000
qwen35 debug logits position 4126: top1=2468 top2=1301 v1=30.500000 v2=23.875000 margin=6.625000
qwen35 debug logits position 4127: top1=328 top2=279 v1=31.000000 v2=25.125000 margin=5.875000
qwen35 debug logits position 4128: top1=2456 top2=76471 v1=29.625000 v2=16.250000 margin=13.375000
qwen35 debug logits position 4129: top1=55 top2=5955 v1=29.375000 v2=16.250000 margin=13.125000
qwen35 debug logits position 4130: top1=35205 top2=37163 v1=34.250000 v2=21.750000 margin=12.500000
qwen35 debug logits position 4131: top1=27325 top2=12 v1=28.125000 v2=16.375000 margin=11.750000
qwen35 debug logits position 4132: top1=54 top2=32 v1=28.625000 v2=15.875000 margin=12.750000
qwen35 debug logits position 4133: top1=923 top2=2629 v1=30.500000 v2=15.437500 margin=15.062500
qwen35 debug logits position 4134: top1=18 top2=19 v1=28.000000 v2=17.000000 margin=11.000000
qwen35 debug logits position 4135: top1=23 top2=24 v1=30.125000 v2=16.875000 margin=13.250000
qwen35 debug logits position 4136: top1=12 top2=19 v1=24.500000 v2=12.625000 margin=11.875000
qwen35 debug logits position 4137: top1=19 top2=18 v1=28.500000 v2=17.000000 margin=11.500000
qwen35 debug logits position 4138: top1=15 top2=19 v1=28.750000 v2=14.875000 margin=13.875000
qwen35 debug logits position 4139: top1=24 top2=19 v1=28.125000 v2=14.687500 margin=13.437500
qwen35 debug logits position 4140: top1=15 top2=21 v1=28.000000 v2=17.500000 margin=10.500000
qwen35 debug logits position 4141: top1=1 top2=487 v1=29.125000 v2=24.250000 margin=4.875000
qwen35 debug logits position 4142: top1=321 top2=1179 v1=32.750000 v2=25.125000 margin=7.625000
qwen35 debug logits position 4143: top1=1179 top2=98118 v1=40.750000 v2=22.875000 margin=17.875000
qwen35 debug logits position 4144: top1=29865 top2=2962 v1=32.000000 v2=29.625000 margin=2.375000
qwen35 debug logits position 4145: top1=2468 top2=100627 v1=36.000000 v2=23.250000 margin=12.750000
qwen35 debug logits position 4146: top1=279 top2=328 v1=33.750000 v2=24.375000 margin=9.375000
qwen35 debug logits position 4147: top1=3299 top2=4105 v1=36.500000 v2=23.375000 margin=13.125000
qwen35 debug logits position 4148: top1=328 top2=27502 v1=37.500000 v2=18.750000 margin=18.750000
qwen35 debug logits position 4149: top1=76471 top2=27502 v1=33.750000 v2=21.875000 margin=11.875000
qwen35 debug logits position 4150: top1=3158 top2=1 v1=30.250000 v2=24.875000 margin=5.375000
qwen35 debug logits position 4151: top1=271 top2=1061 v1=26.500000 v2=26.250000 margin=0.250000
qwen35 debug logits position 4152: top1=9764 top2=1919 v1=30.625000 v2=29.125000 margin=1.500000
qwen35 debug logits position 4153: top1=728 top2=311 v1=35.250000 v2=20.250000 margin=15.000000
qwen35 debug logits position 4154: top1=1732 top2=1353 v1=27.750000 v2=27.500000 margin=0.250000
qwen35 debug logits position 4155: top1=279 top2=411 v1=32.500000 v2=30.375000 margin=2.125000
qwen35 debug logits position 4156: top1=10895 top2=7359 v1=34.750000 v2=32.250000 margin=2.500000
qwen35 debug logits position 4157: top1=25 top2=6681 v1=29.125000 v2=29.125000 margin=0.000000
qwen35 debug logits position 4158: top1=25 top2=430 v1=31.875000 v2=30.875000 margin=1.000000
qwen35 debug logits position 4159: top1=198 top2=1118 v1=28.875000 v2=24.750000 margin=4.125000
qwen35 debug logits position 4160: top1=16 top2=12 v1=35.750000 v2=22.500000 margin=13.250000
qwen35 debug logits position 4161: top1=13 top2=5339 v1=34.000000 v2=15.812500 margin=18.187500
qwen35 debug logits position 4162: top1=5339 top2=8984 v1=32.000000 v2=30.125000 margin=1.875000
qwen35 debug logits position 4163: top1=2468 top2=11 v1=37.250000 v2=26.875000 margin=10.375000
qwen35 debug logits position 4164: top1=25 top2=328 v1=26.625000 v2=24.625000 margin=2.000000
qwen35 debug logits position 4165: top1=9806 top2=328 v1=31.125000 v2=22.500000 margin=8.625000
qwen35 debug logits position 4166: top1=55 top2=48 v1=30.500000 v2=15.687500 margin=14.812500
qwen35 debug logits position 4167: top1=35205 top2=37163 v1=34.250000 v2=22.125000 margin=12.125000
qwen35 debug logits position 4168: top1=27325 top2=10846 v1=34.250000 v2=19.250000 margin=15.000000
qwen35 debug logits position 4169: top1=54 top2=48 v1=31.000000 v2=17.500000 margin=13.500000
qwen35 debug logits position 4170: top1=923 top2=1762 v1=31.250000 v2=16.500000 margin=14.750000
qwen35 debug logits position 4171: top1=18 top2=17 v1=28.375000 v2=15.312500 margin=13.062500
qwen35 debug logits position 4172: top1=23 top2=15 v1=33.500000 v2=19.625000 margin=13.875000
qwen35 debug logits position 4173: top1=12 top2=198 v1=31.625000 v2=14.875000 margin=16.750000
qwen35 debug logits position 4174: top1=19 top2=17 v1=30.250000 v2=16.500000 margin=13.750000
qwen35 debug logits position 4175: top1=15 top2=16 v1=26.500000 v2=12.062500 margin=14.437500
qwen35 debug logits position 4176: top1=24 top2=19 v1=25.750000 v2=12.562500 margin=13.187500
qwen35 debug logits position 4177: top1=15 top2=19 v1=28.375000 v2=14.125000 margin=14.250000
qwen35 debug logits position 4178: top1=198 top2=318 v1=29.500000 v2=14.625000 margin=14.875000
qwen35 debug logits position 4179: top1=17 top2=248069 v1=32.250000 v2=19.125000 margin=13.125000
qwen35 debug logits position 4180: top1=13 top2=4844 v1=38.000000 v2=22.000000 margin=16.000000
qwen35 debug logits position 4181: top1=4844 top2=11861 v1=38.250000 v2=24.625000 margin=13.625000
qwen35 debug logits position 4182: top1=29865 top2=2962 v1=33.000000 v2=27.125000 margin=5.875000
qwen35 debug logits position 4183: top1=2468 top2=100627 v1=38.000000 v2=23.125000 margin=14.875000
qwen35 debug logits position 4184: top1=279 top2=25 v1=33.000000 v2=32.750000 margin=0.250000
qwen35 debug logits position 4185: top1=3299 top2=4105 v1=36.750000 v2=23.000000 margin=13.750000
qwen35 debug logits position 4186: top1=328 top2=25 v1=31.625000 v2=29.250000 margin=2.375000
qwen35 debug logits position 4187: top1=76471 top2=27502 v1=36.500000 v2=23.125000 margin=13.375000
qwen35 debug logits position 4188: top1=1 top2=3158 v1=32.000000 v2=22.750000 margin=9.250000
qwen35 debug logits position 4189: top1=271 top2=198 v1=29.375000 v2=22.000000 margin=7.375000
qwen35 debug logits position 4190: top1=760 top2=40 v1=30.000000 v2=29.000000 margin=1.000000
qwen35 debug logits position 4191: top1=7359 top2=1156 v1=26.625000 v2=25.875000 margin=0.750000
qwen35 debug logits position 4192: top1=2640 top2=369 v1=32.250000 v2=24.875000 margin=7.375000
qwen35 debug logits position 4193: top1=328 top2=310 v1=31.625000 v2=24.250000 margin=7.375000
qwen35 debug logits position 4194: top1=97709 top2=96218 v1=27.875000 v2=22.500000 margin=5.375000
qwen35 debug logits position 4195: top1=100627 top2=96854 v1=36.500000 v2=22.375000 margin=14.125000
qwen35 debug logits position 4196: top1=110211 top2=1 v1=27.000000 v2=23.000000 margin=4.000000
qwen35 debug logits position 4197: top1=27502 top2=76471 v1=31.125000 v2=22.125000 margin=9.000000
qwen35 debug logits position 4198: top1=1 top2=487 v1=33.750000 v2=24.625000 margin=9.125000
qwen35 debug logits position 4199: top1=864 top2=318 v1=37.500000 v2=26.625000 margin=10.875000
qwen35 debug logits position 4200: top1=3254 top2=44679 v1=40.750000 v2=23.750000 margin=17.000000
qwen35 debug logits position 4201: top1=328 top2=29865 v1=35.000000 v2=26.875000 margin=8.125000
qwen35 debug logits position 4202: top1=20663 top2=9252 v1=35.750000 v2=30.000000 margin=5.750000
qwen35 debug logits position 4203: top1=63421 top2=1769 v1=41.500000 v2=29.125000 margin=12.375000
qwen35 debug logits position 4204: top1=2468 top2=45447 v1=36.500000 v2=22.750000 margin=13.750000
qwen35 debug logits position 4205: top1=279 top2=1719 v1=38.000000 v2=19.250000 margin=18.750000
qwen35 debug logits position 4206: top1=3299 top2=4105 v1=37.000000 v2=22.500000 margin=14.500000
qwen35 debug logits position 4207: top1=27502 top2=359 v1=32.500000 v2=27.875000 margin=4.625000
qwen35 debug logits position 4208: top1=3158 top2=1149 v1=32.250000 v2=29.875000 margin=2.375000
qwen35 debug logits position 4209: top1=353 top2=1061 v1=29.750000 v2=25.000000 margin=4.750000
qwen35 debug logits position 4210: top1=3172 top2=1220 v1=34.000000 v2=26.250000 margin=7.750000
qwen35 debug logits position 4211: top1=2468 top2=635 v1=32.750000 v2=24.250000 margin=8.500000
qwen35 debug logits position 4212: top1=424 top2=279 v1=27.875000 v2=25.500000 margin=2.375000
qwen35 debug logits position 4213: top1=264 top2=3679 v1=30.750000 v2=28.875000 margin=1.875000
qwen35 debug logits position 4214: top1=12891 top2=2342 v1=33.000000 v2=29.375000 margin=3.625000
qwen35 debug logits position 4215: top1=1324 top2=3946 v1=35.500000 v2=20.875000 margin=14.625000
qwen35 debug logits position 4216: top1=314 top2=2942 v1=35.750000 v2=20.500000 margin=15.250000
qwen35 debug logits position 4217: top1=2942 top2=35086 v1=38.250000 v2=21.875000 margin=16.375000
qwen35 debug logits position 4218: top1=310 top2=13 v1=28.000000 v2=27.625000 margin=0.375000
qwen35 debug logits position 4219: top1=19264 top2=1420 v1=28.625000 v2=27.375000 margin=1.250000
qwen35 debug logits position 4220: top1=279 top2=328 v1=28.750000 v2=27.250000 margin=1.500000
qwen35 debug logits position 4221: top1=5215 top2=328 v1=27.000000 v2=24.250000 margin=2.750000
qwen35 debug logits position 4222: top1=1973 top2=13 v1=28.750000 v2=27.500000 margin=1.250000
qwen35 debug logits position 4223: top1=1602 top2=2019 v1=27.625000 v2=24.125000 margin=3.500000
qwen35 debug hidden embedding position 7: min=-0.0563965 max=0.0583496 mean_abs=0.0125982
qwen35 debug hidden embedding position 35: min=-0.0380859 max=0.0361328 mean_abs=0.0085539
qwen35 debug hidden layer-000 position 7: min=-0.5625000 max=16.7500000 mean_abs=0.0586561
qwen35 debug hidden layer-000 position 35: min=-0.3886719 max=15.9375000 mean_abs=0.0587410
qwen35 debug hidden layer-003 position 7: min=-2.5937500 max=32.0000000 mean_abs=0.1003231
qwen35 debug hidden layer-003 position 35: min=-1.8593750 max=28.6250000 mean_abs=0.0923511
qwen35 debug hidden layer-031 position 7: min=-17.5000000 max=69.0000000 mean_abs=0.4904949
qwen35 debug hidden layer-031 position 35: min=-15.1875000 max=67.0000000 mean_abs=0.5353224
qwen35 debug hidden layer-032 position 7: min=-17.7500000 max=62.2500000 mean_abs=0.4821762
qwen35 debug hidden layer-032 position 35: min=-14.9375000 max=63.0000000 mean_abs=0.5218437
qwen35 debug hidden layer-060 position 7: min=-35.5000000 max=164.0000000 mean_abs=2.3281907
qwen35 debug hidden layer-060 position 35: min=-36.0000000 max=115.5000000 mean_abs=2.3746286
qwen35 debug hidden layer-063 position 7: min=-81.0000000 max=67.5000000 mean_abs=3.3108679
qwen35 debug hidden layer-063 position 35: min=-69.0000000 max=100.5000000 mean_abs=3.7541654
qwen35 debug hidden embedding position 83: min=-0.0556641 max=0.0507812 mean_abs=0.0121255
qwen35 debug hidden layer-000 position 83: min=-0.5507812 max=20.5000000 mean_abs=0.0830700
qwen35 debug hidden layer-003 position 83: min=-2.0781250 max=35.2500000 mean_abs=0.1156546
qwen35 debug hidden layer-031 position 83: min=-14.0625000 max=68.0000000 mean_abs=0.5361672
qwen35 debug hidden layer-032 position 83: min=-14.3125000 max=63.5000000 mean_abs=0.5280244
qwen35 debug hidden layer-060 position 83: min=-35.7500000 max=114.5000000 mean_abs=2.3858466
qwen35 debug hidden layer-063 position 83: min=-58.5000000 max=101.0000000 mean_abs=3.6969532
qwen35 debug logits position 0: top1=2456 top2=76471 v1=22.125000 v2=15.125000 margin=7.000000
qwen35 debug logits position 4097: top1=55 top2=48 v1=25.750000 v2=13.500000 margin=12.250000
qwen35 debug logits position 4098: top1=35205 top2=33815 v1=30.500000 v2=17.750000 margin=12.750000
qwen35 debug logits position 4099: top1=27325 top2=12 v1=24.000000 v2=14.187500 margin=9.812500
qwen35 debug logits position 4100: top1=54 top2=12100 v1=23.375000 v2=13.125000 margin=10.250000
qwen35 debug logits position 4101: top1=923 top2=2629 v1=24.500000 v2=12.250000 margin=12.250000
qwen35 debug logits position 4102: top1=18 top2=12 v1=22.875000 v2=12.000000 margin=10.875000
qwen35 debug logits position 4103: top1=23 top2=12 v1=23.500000 v2=12.687500 margin=10.812500
qwen35 debug logits position 4104: top1=12 top2=19 v1=21.125000 v2=12.187500 margin=8.937500
qwen35 debug logits position 4105: top1=19 top2=17 v1=22.625000 v2=11.312500 margin=11.312500
qwen35 debug logits position 4106: top1=15 top2=248046 v1=22.625000 v2=11.062500 margin=11.562500
qwen35 debug logits position 4107: top1=24 top2=248046 v1=22.000000 v2=10.562500 margin=11.437500
qwen35 debug logits position 4108: top1=15 top2=198 v1=23.250000 v2=14.000000 margin=9.250000
qwen35 debug logits position 4109: top1=198 top2=27502 v1=19.125000 v2=18.750000 margin=0.375000
qwen35 debug logits position 4110: top1=76471 top2=2456 v1=21.125000 v2=15.687500 margin=5.437500
qwen35 debug logits position 4111: top1=248046 top2=198 v1=20.500000 v2=19.500000 margin=1.000000
qwen35 debug logits position 4112: top1=198 top2=59 v1=27.625000 v2=10.187500 margin=17.437500
qwen35 debug logits position 4113: top1=248044 top2=248045 v1=30.375000 v2=19.250000 margin=11.125000
qwen35 debug logits position 4114: top1=248045 top2=248044 v1=26.625000 v2=17.375000 margin=9.250000
qwen35 debug logits position 4115: top1=248045 top2=248046 v1=29.625000 v2=21.375000 margin=8.250000
qwen35 debug logits position 4116: top1=248045 top2=248068 v1=24.875000 v2=17.875000 margin=7.000000
qwen35 debug logits position 4117: top1=248068 top2=248046 v1=21.250000 v2=20.875000 margin=0.375000
qwen35 debug logits position 4118: top1=198 top2=271 v1=28.375000 v2=27.750000 margin=0.625000
qwen35 debug logits position 4119: top1=760 top2=97237 v1=26.375000 v2=21.125000 margin=5.250000
qwen35 debug logits position 4120: top1=1156 top2=97237 v1=32.500000 v2=17.500000 margin=15.000000
qwen35 debug logits position 4121: top1=369 top2=682 v1=28.875000 v2=23.625000 margin=5.250000
qwen35 debug logits position 4122: top1=9859 top2=4313 v1=31.500000 v2=23.625000 margin=7.875000
qwen35 debug logits position 4123: top1=728 top2=264 v1=30.750000 v2=17.625000 margin=13.125000
qwen35 debug logits position 4124: top1=310 top2=1118 v1=30.750000 v2=17.250000 margin=13.500000
qwen35 debug logits position 4125: top1=1118 top2=2468 v1=27.500000 v2=27.250000 margin=0.250000
qwen35 debug logits position 4126: top1=2468 top2=1301 v1=30.500000 v2=23.875000 margin=6.625000
qwen35 debug logits position 4127: top1=328 top2=279 v1=31.000000 v2=25.125000 margin=5.875000
qwen35 debug logits position 4128: top1=2456 top2=76471 v1=29.625000 v2=16.250000 margin=13.375000
qwen35 debug logits position 4129: top1=55 top2=5955 v1=29.375000 v2=16.250000 margin=13.125000
qwen35 debug logits position 4130: top1=35205 top2=37163 v1=34.250000 v2=21.750000 margin=12.500000
qwen35 debug logits position 4131: top1=27325 top2=12 v1=28.125000 v2=16.375000 margin=11.750000
qwen35 debug logits position 4132: top1=54 top2=32 v1=28.625000 v2=15.875000 margin=12.750000
qwen35 debug logits position 4133: top1=923 top2=2629 v1=30.500000 v2=15.437500 margin=15.062500
qwen35 debug logits position 4134: top1=18 top2=19 v1=28.000000 v2=17.000000 margin=11.000000
qwen35 debug logits position 4135: top1=23 top2=24 v1=30.125000 v2=16.875000 margin=13.250000
qwen35 debug logits position 4136: top1=12 top2=19 v1=24.500000 v2=12.625000 margin=11.875000
qwen35 debug logits position 4137: top1=19 top2=18 v1=28.500000 v2=17.000000 margin=11.500000
qwen35 debug logits position 4138: top1=15 top2=19 v1=28.750000 v2=14.875000 margin=13.875000
qwen35 debug logits position 4139: top1=24 top2=19 v1=28.125000 v2=14.687500 margin=13.437500
qwen35 debug logits position 4140: top1=15 top2=21 v1=28.000000 v2=17.500000 margin=10.500000
qwen35 debug logits position 4141: top1=1 top2=487 v1=29.125000 v2=24.250000 margin=4.875000
qwen35 debug logits position 4142: top1=321 top2=1179 v1=32.750000 v2=25.125000 margin=7.625000
qwen35 debug logits position 4143: top1=1179 top2=98118 v1=40.750000 v2=22.875000 margin=17.875000
qwen35 debug logits position 4144: top1=29865 top2=2962 v1=32.000000 v2=29.625000 margin=2.375000
qwen35 debug logits position 4145: top1=2468 top2=100627 v1=36.000000 v2=23.250000 margin=12.750000
qwen35 debug logits position 4146: top1=279 top2=328 v1=33.750000 v2=24.375000 margin=9.375000
qwen35 debug logits position 4147: top1=3299 top2=4105 v1=36.500000 v2=23.375000 margin=13.125000
qwen35 debug logits position 4148: top1=328 top2=27502 v1=37.500000 v2=18.750000 margin=18.750000
qwen35 debug logits position 4149: top1=76471 top2=27502 v1=33.750000 v2=21.875000 margin=11.875000
qwen35 debug logits position 4150: top1=3158 top2=1 v1=30.250000 v2=24.875000 margin=5.375000
qwen35 debug logits position 4151: top1=271 top2=1061 v1=26.500000 v2=26.250000 margin=0.250000
qwen35 debug logits position 4152: top1=9764 top2=1919 v1=30.625000 v2=29.125000 margin=1.500000
qwen35 debug logits position 4153: top1=728 top2=311 v1=35.250000 v2=20.250000 margin=15.000000
qwen35 debug logits position 4154: top1=1732 top2=1353 v1=27.750000 v2=27.500000 margin=0.250000
qwen35 debug logits position 4155: top1=279 top2=411 v1=32.500000 v2=30.375000 margin=2.125000
qwen35 debug logits position 4156: top1=10895 top2=7359 v1=34.750000 v2=32.250000 margin=2.500000
qwen35 debug logits position 4157: top1=25 top2=6681 v1=29.125000 v2=29.125000 margin=0.000000
qwen35 debug logits position 4158: top1=25 top2=430 v1=31.875000 v2=30.875000 margin=1.000000
qwen35 debug logits position 4159: top1=198 top2=1118 v1=28.875000 v2=24.750000 margin=4.125000
qwen35 debug logits position 4160: top1=16 top2=12 v1=35.750000 v2=22.500000 margin=13.250000
qwen35 debug logits position 4161: top1=13 top2=5339 v1=34.000000 v2=15.812500 margin=18.187500
qwen35 debug logits position 4162: top1=5339 top2=8984 v1=32.000000 v2=30.125000 margin=1.875000
qwen35 debug logits position 4163: top1=2468 top2=11 v1=37.250000 v2=26.875000 margin=10.375000
qwen35 debug logits position 4164: top1=25 top2=328 v1=26.625000 v2=24.625000 margin=2.000000
qwen35 debug logits position 4165: top1=9806 top2=328 v1=31.125000 v2=22.500000 margin=8.625000
qwen35 debug logits position 4166: top1=55 top2=48 v1=30.500000 v2=15.687500 margin=14.812500
qwen35 debug logits position 4167: top1=35205 top2=37163 v1=34.250000 v2=22.125000 margin=12.125000
qwen35 debug logits position 4168: top1=27325 top2=10846 v1=34.250000 v2=19.250000 margin=15.000000
qwen35 debug logits position 4169: top1=54 top2=48 v1=31.000000 v2=17.500000 margin=13.500000
qwen35 debug logits position 4170: top1=923 top2=1762 v1=31.250000 v2=16.500000 margin=14.750000
qwen35 debug logits position 4171: top1=18 top2=17 v1=28.375000 v2=15.312500 margin=13.062500
qwen35 debug logits position 4172: top1=23 top2=15 v1=33.500000 v2=19.625000 margin=13.875000
qwen35 debug logits position 4173: top1=12 top2=198 v1=31.625000 v2=14.875000 margin=16.750000
qwen35 debug logits position 4174: top1=19 top2=17 v1=30.250000 v2=16.500000 margin=13.750000
qwen35 debug logits position 4175: top1=15 top2=16 v1=26.500000 v2=12.062500 margin=14.437500
qwen35 debug logits position 4176: top1=24 top2=19 v1=25.750000 v2=12.562500 margin=13.187500
qwen35 debug logits position 4177: top1=15 top2=19 v1=28.375000 v2=14.125000 margin=14.250000
qwen35 debug logits position 4178: top1=198 top2=318 v1=29.500000 v2=14.625000 margin=14.875000
qwen35 debug logits position 4179: top1=17 top2=248069 v1=32.250000 v2=19.125000 margin=13.125000
qwen35 debug logits position 4180: top1=13 top2=4844 v1=38.000000 v2=22.000000 margin=16.000000
qwen35 debug logits position 4181: top1=4844 top2=11861 v1=38.250000 v2=24.625000 margin=13.625000
qwen35 debug logits position 4182: top1=29865 top2=2962 v1=33.000000 v2=27.125000 margin=5.875000
qwen35 debug logits position 4183: top1=2468 top2=100627 v1=38.000000 v2=23.125000 margin=14.875000
qwen35 debug logits position 4184: top1=279 top2=25 v1=33.000000 v2=32.750000 margin=0.250000
qwen35 debug logits position 4185: top1=3299 top2=4105 v1=36.750000 v2=23.000000 margin=13.750000
qwen35 debug logits position 4186: top1=328 top2=25 v1=31.625000 v2=29.250000 margin=2.375000
qwen35 debug logits position 4187: top1=76471 top2=27502 v1=36.500000 v2=23.125000 margin=13.375000
qwen35 debug logits position 4188: top1=1 top2=3158 v1=32.000000 v2=22.750000 margin=9.250000
qwen35 debug logits position 4189: top1=271 top2=198 v1=29.375000 v2=22.000000 margin=7.375000
qwen35 debug logits position 4190: top1=760 top2=40 v1=30.000000 v2=29.000000 margin=1.000000
qwen35 debug logits position 4191: top1=7359 top2=1156 v1=26.625000 v2=25.875000 margin=0.750000
qwen35 debug logits position 4192: top1=2640 top2=369 v1=32.250000 v2=24.875000 margin=7.375000
qwen35 debug logits position 4193: top1=328 top2=310 v1=31.625000 v2=24.250000 margin=7.375000
qwen35 debug logits position 4194: top1=97709 top2=96218 v1=27.875000 v2=22.500000 margin=5.375000
qwen35 debug logits position 4195: top1=100627 top2=96854 v1=36.500000 v2=22.375000 margin=14.125000
qwen35 debug logits position 4196: top1=110211 top2=1 v1=27.000000 v2=23.000000 margin=4.000000
qwen35 debug logits position 4197: top1=27502 top2=76471 v1=31.125000 v2=22.125000 margin=9.000000
qwen35 debug logits position 4198: top1=1 top2=487 v1=33.750000 v2=24.625000 margin=9.125000
qwen35 debug logits position 4199: top1=864 top2=318 v1=37.500000 v2=26.625000 margin=10.875000
qwen35 debug logits position 4200: top1=3254 top2=44679 v1=40.750000 v2=23.750000 margin=17.000000
qwen35 debug logits position 4201: top1=328 top2=29865 v1=35.000000 v2=26.875000 margin=8.125000
qwen35 debug logits position 4202: top1=20663 top2=9252 v1=35.750000 v2=30.000000 margin=5.750000
qwen35 debug logits position 4203: top1=63421 top2=1769 v1=41.500000 v2=29.125000 margin=12.375000
qwen35 debug logits position 4204: top1=2468 top2=45447 v1=36.500000 v2=22.750000 margin=13.750000
qwen35 debug logits position 4205: top1=279 top2=1719 v1=38.000000 v2=19.250000 margin=18.750000
qwen35 debug logits position 4206: top1=3299 top2=4105 v1=37.000000 v2=22.500000 margin=14.500000
qwen35 debug logits position 4207: top1=27502 top2=359 v1=32.500000 v2=27.875000 margin=4.625000
qwen35 debug logits position 4208: top1=3158 top2=1149 v1=32.250000 v2=29.875000 margin=2.375000
qwen35 debug logits position 4209: top1=353 top2=1061 v1=29.750000 v2=25.000000 margin=4.750000
qwen35 debug logits position 4210: top1=3172 top2=1220 v1=34.000000 v2=26.250000 margin=7.750000
qwen35 debug logits position 4211: top1=2468 top2=635 v1=32.750000 v2=24.250000 margin=8.500000
qwen35 debug logits position 4212: top1=424 top2=279 v1=27.875000 v2=25.500000 margin=2.375000
qwen35 debug logits position 4213: top1=264 top2=3679 v1=30.750000 v2=28.875000 margin=1.875000
qwen35 debug logits position 4214: top1=12891 top2=2342 v1=33.000000 v2=29.375000 margin=3.625000
qwen35 debug logits position 4215: top1=1324 top2=3946 v1=35.500000 v2=20.875000 margin=14.625000
qwen35 debug logits position 4216: top1=314 top2=2942 v1=35.750000 v2=20.500000 margin=15.250000
qwen35 debug logits position 4217: top1=2942 top2=35086 v1=38.250000 v2=21.875000 margin=16.375000
qwen35 debug logits position 4218: top1=310 top2=13 v1=28.000000 v2=27.625000 margin=0.375000
qwen35 debug logits position 4219: top1=19264 top2=1420 v1=28.625000 v2=27.375000 margin=1.250000
qwen35 debug logits position 4220: top1=279 top2=328 v1=28.750000 v2=27.250000 margin=1.500000
qwen35 debug logits position 4221: top1=5215 top2=328 v1=27.000000 v2=24.250000 margin=2.750000
qwen35 debug logits position 4222: top1=1973 top2=13 v1=28.750000 v2=27.500000 margin=1.250000
qwen35 debug logits position 4223: top1=1602 top2=2019 v1=27.625000 v2=24.125000 margin=3.500000
qwen35 debug hidden embedding position 7: min=-0.0563965 max=0.0583496 mean_abs=0.0125982
qwen35 debug hidden embedding position 35: min=-0.0380859 max=0.0361328 mean_abs=0.0085539
qwen35 debug hidden layer-000 position 7: min=-0.5625000 max=16.7500000 mean_abs=0.0586561
qwen35 debug hidden layer-000 position 35: min=-0.3886719 max=15.9375000 mean_abs=0.0587410
qwen35 debug hidden layer-003 position 7: min=-2.5937500 max=32.0000000 mean_abs=0.1003231
qwen35 debug hidden layer-003 position 35: min=-1.8593750 max=28.6250000 mean_abs=0.0923511
qwen35 debug hidden layer-031 position 7: min=-17.5000000 max=69.0000000 mean_abs=0.4904949
qwen35 debug hidden layer-031 position 35: min=-15.1875000 max=67.0000000 mean_abs=0.5353224
qwen35 debug hidden layer-032 position 7: min=-17.7500000 max=62.2500000 mean_abs=0.4821762
qwen35 debug hidden layer-032 position 35: min=-14.9375000 max=63.0000000 mean_abs=0.5218437
qwen35 debug hidden layer-060 position 7: min=-35.5000000 max=164.0000000 mean_abs=2.3281907
qwen35 debug hidden layer-060 position 35: min=-36.0000000 max=115.5000000 mean_abs=2.3746286
qwen35 debug hidden layer-063 position 7: min=-81.0000000 max=67.5000000 mean_abs=3.3108679
qwen35 debug hidden layer-063 position 35: min=-69.0000000 max=100.5000000 mean_abs=3.7541654
qwen35 debug hidden embedding position 83: min=-0.0556641 max=0.0507812 mean_abs=0.0121255
qwen35 debug hidden layer-000 position 83: min=-0.5507812 max=20.5000000 mean_abs=0.0830700
qwen35 debug hidden layer-003 position 83: min=-2.0781250 max=35.2500000 mean_abs=0.1156546
qwen35 debug hidden layer-031 position 83: min=-14.0625000 max=68.0000000 mean_abs=0.5361672
qwen35 debug hidden layer-032 position 83: min=-14.3125000 max=63.5000000 mean_abs=0.5280244
qwen35 debug hidden layer-060 position 83: min=-35.7500000 max=114.5000000 mean_abs=2.3858466
qwen35 debug hidden layer-063 position 83: min=-58.5000000 max=101.0000000 mean_abs=3.6969532
qwen35 debug logits position 0: top1=2456 top2=76471 v1=22.125000 v2=15.125000 margin=7.000000
qwen35 debug logits position 4097: top1=55 top2=48 v1=25.750000 v2=13.500000 margin=12.250000
qwen35 debug logits position 4098: top1=35205 top2=33815 v1=30.500000 v2=17.750000 margin=12.750000
qwen35 debug logits position 4099: top1=27325 top2=12 v1=24.000000 v2=14.187500 margin=9.812500
qwen35 debug logits position 4100: top1=54 top2=12100 v1=23.375000 v2=13.125000 margin=10.250000
qwen35 debug logits position 4101: top1=923 top2=2629 v1=24.500000 v2=12.250000 margin=12.250000
qwen35 debug logits position 4102: top1=18 top2=12 v1=22.875000 v2=12.000000 margin=10.875000
qwen35 debug logits position 4103: top1=23 top2=12 v1=23.500000 v2=12.687500 margin=10.812500
qwen35 debug logits position 4104: top1=12 top2=19 v1=21.125000 v2=12.187500 margin=8.937500
qwen35 debug logits position 4105: top1=19 top2=17 v1=22.625000 v2=11.312500 margin=11.312500
qwen35 debug logits position 4106: top1=15 top2=248046 v1=22.625000 v2=11.062500 margin=11.562500
qwen35 debug logits position 4107: top1=24 top2=248046 v1=22.000000 v2=10.562500 margin=11.437500
qwen35 debug logits position 4108: top1=15 top2=198 v1=23.250000 v2=14.000000 margin=9.250000
qwen35 debug logits position 4109: top1=198 top2=27502 v1=19.125000 v2=18.750000 margin=0.375000
qwen35 debug logits position 4110: top1=76471 top2=2456 v1=21.125000 v2=15.687500 margin=5.437500
qwen35 debug logits position 4111: top1=248046 top2=198 v1=20.500000 v2=19.500000 margin=1.000000
qwen35 debug logits position 4112: top1=198 top2=59 v1=27.625000 v2=10.187500 margin=17.437500
qwen35 debug logits position 4113: top1=248044 top2=248045 v1=30.375000 v2=19.250000 margin=11.125000
qwen35 debug logits position 4114: top1=248045 top2=248044 v1=26.625000 v2=17.375000 margin=9.250000
qwen35 debug logits position 4115: top1=248045 top2=248046 v1=29.625000 v2=21.375000 margin=8.250000
qwen35 debug logits position 4116: top1=248045 top2=248068 v1=24.875000 v2=17.875000 margin=7.000000
qwen35 debug logits position 4117: top1=248068 top2=248046 v1=21.250000 v2=20.875000 margin=0.375000
qwen35 debug logits position 4118: top1=198 top2=271 v1=28.375000 v2=27.750000 margin=0.625000
qwen35 debug logits position 4119: top1=760 top2=97237 v1=26.375000 v2=21.125000 margin=5.250000
qwen35 debug logits position 4120: top1=1156 top2=97237 v1=32.500000 v2=17.500000 margin=15.000000
qwen35 debug logits position 4121: top1=369 top2=682 v1=28.875000 v2=23.625000 margin=5.250000
qwen35 debug logits position 4122: top1=9859 top2=4313 v1=31.500000 v2=23.625000 margin=7.875000
qwen35 debug logits position 4123: top1=728 top2=264 v1=30.750000 v2=17.625000 margin=13.125000
qwen35 debug logits position 4124: top1=310 top2=1118 v1=30.750000 v2=17.250000 margin=13.500000
qwen35 debug logits position 4125: top1=1118 top2=2468 v1=27.500000 v2=27.250000 margin=0.250000
qwen35 debug logits position 4126: top1=2468 top2=1301 v1=30.500000 v2=23.875000 margin=6.625000
qwen35 debug logits position 4127: top1=328 top2=279 v1=31.000000 v2=25.125000 margin=5.875000
qwen35 debug logits position 4128: top1=2456 top2=76471 v1=29.625000 v2=16.250000 margin=13.375000
qwen35 debug logits position 4129: top1=55 top2=5955 v1=29.375000 v2=16.250000 margin=13.125000
qwen35 debug logits position 4130: top1=35205 top2=37163 v1=34.250000 v2=21.750000 margin=12.500000
qwen35 debug logits position 4131: top1=27325 top2=12 v1=28.125000 v2=16.375000 margin=11.750000
qwen35 debug logits position 4132: top1=54 top2=32 v1=28.625000 v2=15.875000 margin=12.750000
qwen35 debug logits position 4133: top1=923 top2=2629 v1=30.500000 v2=15.437500 margin=15.062500
qwen35 debug logits position 4134: top1=18 top2=19 v1=28.000000 v2=17.000000 margin=11.000000
qwen35 debug logits position 4135: top1=23 top2=24 v1=30.125000 v2=16.875000 margin=13.250000
qwen35 debug logits position 4136: top1=12 top2=19 v1=24.500000 v2=12.625000 margin=11.875000
qwen35 debug logits position 4137: top1=19 top2=18 v1=28.500000 v2=17.000000 margin=11.500000
qwen35 debug logits position 4138: top1=15 top2=19 v1=28.750000 v2=14.875000 margin=13.875000
qwen35 debug logits position 4139: top1=24 top2=19 v1=28.125000 v2=14.687500 margin=13.437500
qwen35 debug logits position 4140: top1=15 top2=21 v1=28.000000 v2=17.500000 margin=10.500000
qwen35 debug logits position 4141: top1=1 top2=487 v1=29.125000 v2=24.250000 margin=4.875000
qwen35 debug logits position 4142: top1=321 top2=1179 v1=32.750000 v2=25.125000 margin=7.625000
qwen35 debug logits position 4143: top1=1179 top2=98118 v1=40.750000 v2=22.875000 margin=17.875000
qwen35 debug logits position 4144: top1=29865 top2=2962 v1=32.000000 v2=29.625000 margin=2.375000
qwen35 debug logits position 4145: top1=2468 top2=100627 v1=36.000000 v2=23.250000 margin=12.750000
qwen35 debug logits position 4146: top1=279 top2=328 v1=33.750000 v2=24.375000 margin=9.375000
qwen35 debug logits position 4147: top1=3299 top2=4105 v1=36.500000 v2=23.375000 margin=13.125000
qwen35 debug logits position 4148: top1=328 top2=27502 v1=37.500000 v2=18.750000 margin=18.750000
qwen35 debug logits position 4149: top1=76471 top2=27502 v1=33.750000 v2=21.875000 margin=11.875000
qwen35 debug logits position 4150: top1=3158 top2=1 v1=30.250000 v2=24.875000 margin=5.375000
qwen35 debug logits position 4151: top1=271 top2=1061 v1=26.500000 v2=26.250000 margin=0.250000
qwen35 debug logits position 4152: top1=9764 top2=1919 v1=30.625000 v2=29.125000 margin=1.500000
qwen35 debug logits position 4153: top1=728 top2=311 v1=35.250000 v2=20.250000 margin=15.000000
qwen35 debug logits position 4154: top1=1732 top2=1353 v1=27.750000 v2=27.500000 margin=0.250000
qwen35 debug logits position 4155: top1=279 top2=411 v1=32.500000 v2=30.375000 margin=2.125000
qwen35 debug logits position 4156: top1=10895 top2=7359 v1=34.750000 v2=32.250000 margin=2.500000
qwen35 debug logits position 4157: top1=25 top2=6681 v1=29.125000 v2=29.125000 margin=0.000000
qwen35 debug logits position 4158: top1=25 top2=430 v1=31.875000 v2=30.875000 margin=1.000000
qwen35 debug logits position 4159: top1=198 top2=1118 v1=28.875000 v2=24.750000 margin=4.125000
qwen35 debug logits position 4160: top1=16 top2=12 v1=35.750000 v2=22.500000 margin=13.250000
qwen35 debug logits position 4161: top1=13 top2=5339 v1=34.000000 v2=15.812500 margin=18.187500
qwen35 debug logits position 4162: top1=5339 top2=8984 v1=32.000000 v2=30.125000 margin=1.875000
qwen35 debug logits position 4163: top1=2468 top2=11 v1=37.250000 v2=26.875000 margin=10.375000
qwen35 debug logits position 4164: top1=25 top2=328 v1=26.625000 v2=24.625000 margin=2.000000
qwen35 debug logits position 4165: top1=9806 top2=328 v1=31.125000 v2=22.500000 margin=8.625000
qwen35 debug logits position 4166: top1=55 top2=48 v1=30.500000 v2=15.687500 margin=14.812500
qwen35 debug logits position 4167: top1=35205 top2=37163 v1=34.250000 v2=22.125000 margin=12.125000
qwen35 debug logits position 4168: top1=27325 top2=10846 v1=34.250000 v2=19.250000 margin=15.000000
qwen35 debug logits position 4169: top1=54 top2=48 v1=31.000000 v2=17.500000 margin=13.500000
qwen35 debug logits position 4170: top1=923 top2=1762 v1=31.250000 v2=16.500000 margin=14.750000
qwen35 debug logits position 4171: top1=18 top2=17 v1=28.375000 v2=15.312500 margin=13.062500
qwen35 debug logits position 4172: top1=23 top2=15 v1=33.500000 v2=19.625000 margin=13.875000
qwen35 debug logits position 4173: top1=12 top2=198 v1=31.625000 v2=14.875000 margin=16.750000
qwen35 debug logits position 4174: top1=19 top2=17 v1=30.250000 v2=16.500000 margin=13.750000
qwen35 debug logits position 4175: top1=15 top2=16 v1=26.500000 v2=12.062500 margin=14.437500
qwen35 debug logits position 4176: top1=24 top2=19 v1=25.750000 v2=12.562500 margin=13.187500
qwen35 debug logits position 4177: top1=15 top2=19 v1=28.375000 v2=14.125000 margin=14.250000
qwen35 debug logits position 4178: top1=198 top2=318 v1=29.500000 v2=14.625000 margin=14.875000
qwen35 debug logits position 4179: top1=17 top2=248069 v1=32.250000 v2=19.125000 margin=13.125000
qwen35 debug logits position 4180: top1=13 top2=4844 v1=38.000000 v2=22.000000 margin=16.000000
qwen35 debug logits position 4181: top1=4844 top2=11861 v1=38.250000 v2=24.625000 margin=13.625000
qwen35 debug logits position 4182: top1=29865 top2=2962 v1=33.000000 v2=27.125000 margin=5.875000
qwen35 debug logits position 4183: top1=2468 top2=100627 v1=38.000000 v2=23.125000 margin=14.875000
qwen35 debug logits position 4184: top1=279 top2=25 v1=33.000000 v2=32.750000 margin=0.250000
qwen35 debug logits position 4185: top1=3299 top2=4105 v1=36.750000 v2=23.000000 margin=13.750000
qwen35 debug logits position 4186: top1=328 top2=25 v1=31.625000 v2=29.250000 margin=2.375000
qwen35 debug logits position 4187: top1=76471 top2=27502 v1=36.500000 v2=23.125000 margin=13.375000
qwen35 debug logits position 4188: top1=1 top2=3158 v1=32.000000 v2=22.750000 margin=9.250000
qwen35 debug logits position 4189: top1=271 top2=198 v1=29.375000 v2=22.000000 margin=7.375000
qwen35 debug logits position 4190: top1=760 top2=40 v1=30.000000 v2=29.000000 margin=1.000000
qwen35 debug logits position 4191: top1=7359 top2=1156 v1=26.625000 v2=25.875000 margin=0.750000
qwen35 debug logits position 4192: top1=2640 top2=369 v1=32.250000 v2=24.875000 margin=7.375000
qwen35 debug logits position 4193: top1=328 top2=310 v1=31.625000 v2=24.250000 margin=7.375000
qwen35 debug logits position 4194: top1=97709 top2=96218 v1=27.875000 v2=22.500000 margin=5.375000
qwen35 debug logits position 4195: top1=100627 top2=96854 v1=36.500000 v2=22.375000 margin=14.125000
qwen35 debug logits position 4196: top1=110211 top2=1 v1=27.000000 v2=23.000000 margin=4.000000
qwen35 debug logits position 4197: top1=27502 top2=76471 v1=31.125000 v2=22.125000 margin=9.000000
qwen35 debug logits position 4198: top1=1 top2=487 v1=33.750000 v2=24.625000 margin=9.125000
qwen35 debug logits position 4199: top1=864 top2=318 v1=37.500000 v2=26.625000 margin=10.875000
qwen35 debug logits position 4200: top1=3254 top2=44679 v1=40.750000 v2=23.750000 margin=17.000000
qwen35 debug logits position 4201: top1=328 top2=29865 v1=35.000000 v2=26.875000 margin=8.125000
qwen35 debug logits position 4202: top1=20663 top2=9252 v1=35.750000 v2=30.000000 margin=5.750000
qwen35 debug logits position 4203: top1=63421 top2=1769 v1=41.500000 v2=29.125000 margin=12.375000
qwen35 debug logits position 4204: top1=2468 top2=45447 v1=36.500000 v2=22.750000 margin=13.750000
qwen35 debug logits position 4205: top1=279 top2=1719 v1=38.000000 v2=19.250000 margin=18.750000
qwen35 debug logits position 4206: top1=3299 top2=4105 v1=37.000000 v2=22.500000 margin=14.500000
qwen35 debug logits position 4207: top1=27502 top2=359 v1=32.500000 v2=27.875000 margin=4.625000
qwen35 debug logits position 4208: top1=3158 top2=1149 v1=32.250000 v2=29.875000 margin=2.375000
qwen35 debug logits position 4209: top1=353 top2=1061 v1=29.750000 v2=25.000000 margin=4.750000
qwen35 debug logits position 4210: top1=3172 top2=1220 v1=34.000000 v2=26.250000 margin=7.750000
qwen35 debug logits position 4211: top1=2468 top2=635 v1=32.750000 v2=24.250000 margin=8.500000
qwen35 debug logits position 4212: top1=424 top2=279 v1=27.875000 v2=25.500000 margin=2.375000
qwen35 debug logits position 4213: top1=264 top2=3679 v1=30.750000 v2=28.875000 margin=1.875000
qwen35 debug logits position 4214: top1=12891 top2=2342 v1=33.000000 v2=29.375000 margin=3.625000
qwen35 debug logits position 4215: top1=1324 top2=3946 v1=35.500000 v2=20.875000 margin=14.625000
qwen35 debug logits position 4216: top1=314 top2=2942 v1=35.750000 v2=20.500000 margin=15.250000
qwen35 debug logits position 4217: top1=2942 top2=35086 v1=38.250000 v2=21.875000 margin=16.375000
qwen35 debug logits position 4218: top1=310 top2=13 v1=28.000000 v2=27.625000 margin=0.375000
qwen35 debug logits position 4219: top1=19264 top2=1420 v1=28.625000 v2=27.375000 margin=1.250000
qwen35 debug logits position 4220: top1=279 top2=328 v1=28.750000 v2=27.250000 margin=1.500000
qwen35 debug logits position 4221: top1=5215 top2=328 v1=27.000000 v2=24.250000 margin=2.750000
qwen35 debug logits position 4222: top1=1973 top2=13 v1=28.750000 v2=27.500000 margin=1.250000
qwen35 debug logits position 4223: top1=1602 top2=2019 v1=27.625000 v2=24.125000 margin=3.500000
qwen35 debug hidden embedding position 7: min=-0.0563965 max=0.0583496 mean_abs=0.0125982
qwen35 debug hidden embedding position 35: min=-0.0380859 max=0.0361328 mean_abs=0.0085539
qwen35 debug hidden layer-000 position 7: min=-0.5625000 max=16.7500000 mean_abs=0.0586561
qwen35 debug hidden layer-000 position 35: min=-0.3886719 max=15.9375000 mean_abs=0.0587410
qwen35 debug hidden layer-003 position 7: min=-2.5937500 max=32.0000000 mean_abs=0.1003231
qwen35 debug hidden layer-003 position 35: min=-1.8593750 max=28.6250000 mean_abs=0.0923511
qwen35 debug hidden layer-031 position 7: min=-17.5000000 max=69.0000000 mean_abs=0.4904949
qwen35 debug hidden layer-031 position 35: min=-15.1875000 max=67.0000000 mean_abs=0.5353224
qwen35 debug hidden layer-032 position 7: min=-17.7500000 max=62.2500000 mean_abs=0.4821762
qwen35 debug hidden layer-032 position 35: min=-14.9375000 max=63.0000000 mean_abs=0.5218437
qwen35 debug hidden layer-060 position 7: min=-35.5000000 max=164.0000000 mean_abs=2.3281907
qwen35 debug hidden layer-060 position 35: min=-36.0000000 max=115.5000000 mean_abs=2.3746286
qwen35 debug hidden layer-063 position 7: min=-81.0000000 max=67.5000000 mean_abs=3.3108679
qwen35 debug hidden layer-063 position 35: min=-69.0000000 max=100.5000000 mean_abs=3.7541654
qwen35 debug hidden embedding position 83: min=-0.0556641 max=0.0507812 mean_abs=0.0121255
qwen35 debug hidden layer-000 position 83: min=-0.5507812 max=20.5000000 mean_abs=0.0830700
qwen35 debug hidden layer-003 position 83: min=-2.0781250 max=35.2500000 mean_abs=0.1156546
qwen35 debug hidden layer-031 position 83: min=-14.0625000 max=68.0000000 mean_abs=0.5361672
qwen35 debug hidden layer-032 position 83: min=-14.3125000 max=63.5000000 mean_abs=0.5280244
qwen35 debug hidden layer-060 position 83: min=-35.7500000 max=114.5000000 mean_abs=2.3858466
qwen35 debug hidden layer-063 position 83: min=-58.5000000 max=101.0000000 mean_abs=3.6969532
qwen35 debug logits position 0: top1=2456 top2=76471 v1=22.125000 v2=15.125000 margin=7.000000
qwen35 debug logits position 4097: top1=55 top2=48 v1=25.750000 v2=13.500000 margin=12.250000
qwen35 debug logits position 4098: top1=35205 top2=33815 v1=30.500000 v2=17.750000 margin=12.750000
qwen35 debug logits position 4099: top1=27325 top2=12 v1=24.000000 v2=14.187500 margin=9.812500
qwen35 debug logits position 4100: top1=54 top2=12100 v1=23.375000 v2=13.125000 margin=10.250000
qwen35 debug logits position 4101: top1=923 top2=2629 v1=24.500000 v2=12.250000 margin=12.250000
qwen35 debug logits position 4102: top1=18 top2=12 v1=22.875000 v2=12.000000 margin=10.875000
qwen35 debug logits position 4103: top1=23 top2=12 v1=23.500000 v2=12.687500 margin=10.812500
qwen35 debug logits position 4104: top1=12 top2=19 v1=21.125000 v2=12.187500 margin=8.937500
qwen35 debug logits position 4105: top1=19 top2=17 v1=22.625000 v2=11.312500 margin=11.312500
qwen35 debug logits position 4106: top1=15 top2=248046 v1=22.625000 v2=11.062500 margin=11.562500
qwen35 debug logits position 4107: top1=24 top2=248046 v1=22.000000 v2=10.562500 margin=11.437500
qwen35 debug logits position 4108: top1=15 top2=198 v1=23.250000 v2=14.000000 margin=9.250000
qwen35 debug logits position 4109: top1=198 top2=27502 v1=19.125000 v2=18.750000 margin=0.375000
qwen35 debug logits position 4110: top1=76471 top2=2456 v1=21.125000 v2=15.687500 margin=5.437500
qwen35 debug logits position 4111: top1=248046 top2=198 v1=20.500000 v2=19.500000 margin=1.000000
qwen35 debug logits position 4112: top1=198 top2=59 v1=27.625000 v2=10.187500 margin=17.437500
qwen35 debug logits position 4113: top1=248044 top2=248045 v1=30.375000 v2=19.250000 margin=11.125000
qwen35 debug logits position 4114: top1=248045 top2=248044 v1=26.625000 v2=17.375000 margin=9.250000
qwen35 debug logits position 4115: top1=248045 top2=248046 v1=29.625000 v2=21.375000 margin=8.250000
qwen35 debug logits position 4116: top1=248045 top2=248068 v1=24.875000 v2=17.875000 margin=7.000000
qwen35 debug logits position 4117: top1=248068 top2=248046 v1=21.250000 v2=20.875000 margin=0.375000
qwen35 debug logits position 4118: top1=198 top2=271 v1=28.375000 v2=27.750000 margin=0.625000
qwen35 debug logits position 4119: top1=760 top2=97237 v1=26.375000 v2=21.125000 margin=5.250000
qwen35 debug logits position 4120: top1=1156 top2=97237 v1=32.500000 v2=17.500000 margin=15.000000
qwen35 debug logits position 4121: top1=369 top2=682 v1=28.875000 v2=23.625000 margin=5.250000
qwen35 debug logits position 4122: top1=9859 top2=4313 v1=31.500000 v2=23.625000 margin=7.875000
qwen35 debug logits position 4123: top1=728 top2=264 v1=30.750000 v2=17.625000 margin=13.125000
qwen35 debug logits position 4124: top1=310 top2=1118 v1=30.750000 v2=17.250000 margin=13.500000
qwen35 debug logits position 4125: top1=1118 top2=2468 v1=27.500000 v2=27.250000 margin=0.250000
qwen35 debug logits position 4126: top1=2468 top2=1301 v1=30.500000 v2=23.875000 margin=6.625000
qwen35 debug logits position 4127: top1=328 top2=279 v1=31.000000 v2=25.125000 margin=5.875000
qwen35 debug logits position 4128: top1=2456 top2=76471 v1=29.625000 v2=16.250000 margin=13.375000
qwen35 debug logits position 4129: top1=55 top2=5955 v1=29.375000 v2=16.250000 margin=13.125000
qwen35 debug logits position 4130: top1=35205 top2=37163 v1=34.250000 v2=21.750000 margin=12.500000
qwen35 debug logits position 4131: top1=27325 top2=12 v1=28.125000 v2=16.375000 margin=11.750000
qwen35 debug logits position 4132: top1=54 top2=32 v1=28.625000 v2=15.875000 margin=12.750000
qwen35 debug logits position 4133: top1=923 top2=2629 v1=30.500000 v2=15.437500 margin=15.062500
qwen35 debug logits position 4134: top1=18 top2=19 v1=28.000000 v2=17.000000 margin=11.000000
qwen35 debug logits position 4135: top1=23 top2=24 v1=30.125000 v2=16.875000 margin=13.250000
qwen35 debug logits position 4136: top1=12 top2=19 v1=24.500000 v2=12.625000 margin=11.875000
qwen35 debug logits position 4137: top1=19 top2=18 v1=28.500000 v2=17.000000 margin=11.500000
qwen35 debug logits position 4138: top1=15 top2=19 v1=28.750000 v2=14.875000 margin=13.875000
qwen35 debug logits position 4139: top1=24 top2=19 v1=28.125000 v2=14.687500 margin=13.437500
qwen35 debug logits position 4140: top1=15 top2=21 v1=28.000000 v2=17.500000 margin=10.500000
qwen35 debug logits position 4141: top1=1 top2=487 v1=29.125000 v2=24.250000 margin=4.875000
qwen35 debug logits position 4142: top1=321 top2=1179 v1=32.750000 v2=25.125000 margin=7.625000
qwen35 debug logits position 4143: top1=1179 top2=98118 v1=40.750000 v2=22.875000 margin=17.875000
qwen35 debug logits position 4144: top1=29865 top2=2962 v1=32.000000 v2=29.625000 margin=2.375000
qwen35 debug logits position 4145: top1=2468 top2=100627 v1=36.000000 v2=23.250000 margin=12.750000
qwen35 debug logits position 4146: top1=279 top2=328 v1=33.750000 v2=24.375000 margin=9.375000
qwen35 debug logits position 4147: top1=3299 top2=4105 v1=36.500000 v2=23.375000 margin=13.125000
qwen35 debug logits position 4148: top1=328 top2=27502 v1=37.500000 v2=18.750000 margin=18.750000
qwen35 debug logits position 4149: top1=76471 top2=27502 v1=33.750000 v2=21.875000 margin=11.875000
qwen35 debug logits position 4150: top1=3158 top2=1 v1=30.250000 v2=24.875000 margin=5.375000
qwen35 debug logits position 4151: top1=271 top2=1061 v1=26.500000 v2=26.250000 margin=0.250000
qwen35 debug logits position 4152: top1=9764 top2=1919 v1=30.625000 v2=29.125000 margin=1.500000
qwen35 debug logits position 4153: top1=728 top2=311 v1=35.250000 v2=20.250000 margin=15.000000
qwen35 debug logits position 4154: top1=1732 top2=1353 v1=27.750000 v2=27.500000 margin=0.250000
qwen35 debug logits position 4155: top1=279 top2=411 v1=32.500000 v2=30.375000 margin=2.125000
qwen35 debug logits position 4156: top1=10895 top2=7359 v1=34.750000 v2=32.250000 margin=2.500000
qwen35 debug logits position 4157: top1=25 top2=6681 v1=29.125000 v2=29.125000 margin=0.000000
qwen35 debug logits position 4158: top1=25 top2=430 v1=31.875000 v2=30.875000 margin=1.000000
qwen35 debug logits position 4159: top1=198 top2=1118 v1=28.875000 v2=24.750000 margin=4.125000
qwen35 debug logits position 4160: top1=16 top2=12 v1=35.750000 v2=22.500000 margin=13.250000
qwen35 debug logits position 4161: top1=13 top2=5339 v1=34.000000 v2=15.812500 margin=18.187500
qwen35 debug logits position 4162: top1=5339 top2=8984 v1=32.000000 v2=30.125000 margin=1.875000
qwen35 debug logits position 4163: top1=2468 top2=11 v1=37.250000 v2=26.875000 margin=10.375000
qwen35 debug logits position 4164: top1=25 top2=328 v1=26.625000 v2=24.625000 margin=2.000000
qwen35 debug logits position 4165: top1=9806 top2=328 v1=31.125000 v2=22.500000 margin=8.625000
qwen35 debug logits position 4166: top1=55 top2=48 v1=30.500000 v2=15.687500 margin=14.812500
qwen35 debug logits position 4167: top1=35205 top2=37163 v1=34.250000 v2=22.125000 margin=12.125000
qwen35 debug logits position 4168: top1=27325 top2=10846 v1=34.250000 v2=19.250000 margin=15.000000
qwen35 debug logits position 4169: top1=54 top2=48 v1=31.000000 v2=17.500000 margin=13.500000
qwen35 debug logits position 4170: top1=923 top2=1762 v1=31.250000 v2=16.500000 margin=14.750000
qwen35 debug logits position 4171: top1=18 top2=17 v1=28.375000 v2=15.312500 margin=13.062500
qwen35 debug logits position 4172: top1=23 top2=15 v1=33.500000 v2=19.625000 margin=13.875000
qwen35 debug logits position 4173: top1=12 top2=198 v1=31.625000 v2=14.875000 margin=16.750000
qwen35 debug logits position 4174: top1=19 top2=17 v1=30.250000 v2=16.500000 margin=13.750000
qwen35 debug logits position 4175: top1=15 top2=16 v1=26.500000 v2=12.062500 margin=14.437500
qwen35 debug logits position 4176: top1=24 top2=19 v1=25.750000 v2=12.562500 margin=13.187500
qwen35 debug logits position 4177: top1=15 top2=19 v1=28.375000 v2=14.125000 margin=14.250000
qwen35 debug logits position 4178: top1=198 top2=318 v1=29.500000 v2=14.625000 margin=14.875000
qwen35 debug logits position 4179: top1=17 top2=248069 v1=32.250000 v2=19.125000 margin=13.125000
qwen35 debug logits position 4180: top1=13 top2=4844 v1=38.000000 v2=22.000000 margin=16.000000
qwen35 debug logits position 4181: top1=4844 top2=11861 v1=38.250000 v2=24.625000 margin=13.625000
qwen35 debug logits position 4182: top1=29865 top2=2962 v1=33.000000 v2=27.125000 margin=5.875000
qwen35 debug logits position 4183: top1=2468 top2=100627 v1=38.000000 v2=23.125000 margin=14.875000
qwen35 debug logits position 4184: top1=279 top2=25 v1=33.000000 v2=32.750000 margin=0.250000
qwen35 debug logits position 4185: top1=3299 top2=4105 v1=36.750000 v2=23.000000 margin=13.750000
qwen35 debug logits position 4186: top1=328 top2=25 v1=31.625000 v2=29.250000 margin=2.375000
qwen35 debug logits position 4187: top1=76471 top2=27502 v1=36.500000 v2=23.125000 margin=13.375000
qwen35 debug logits position 4188: top1=1 top2=3158 v1=32.000000 v2=22.750000 margin=9.250000
qwen35 debug logits position 4189: top1=271 top2=198 v1=29.375000 v2=22.000000 margin=7.375000
qwen35 debug logits position 4190: top1=760 top2=40 v1=30.000000 v2=29.000000 margin=1.000000
qwen35 debug logits position 4191: top1=7359 top2=1156 v1=26.625000 v2=25.875000 margin=0.750000
qwen35 debug logits position 4192: top1=2640 top2=369 v1=32.250000 v2=24.875000 margin=7.375000
qwen35 debug logits position 4193: top1=328 top2=310 v1=31.625000 v2=24.250000 margin=7.375000
qwen35 debug logits position 4194: top1=97709 top2=96218 v1=27.875000 v2=22.500000 margin=5.375000
qwen35 debug logits position 4195: top1=100627 top2=96854 v1=36.500000 v2=22.375000 margin=14.125000
qwen35 debug logits position 4196: top1=110211 top2=1 v1=27.000000 v2=23.000000 margin=4.000000
qwen35 debug logits position 4197: top1=27502 top2=76471 v1=31.125000 v2=22.125000 margin=9.000000
qwen35 debug logits position 4198: top1=1 top2=487 v1=33.750000 v2=24.625000 margin=9.125000
qwen35 debug logits position 4199: top1=864 top2=318 v1=37.500000 v2=26.625000 margin=10.875000
qwen35 debug logits position 4200: top1=3254 top2=44679 v1=40.750000 v2=23.750000 margin=17.000000
qwen35 debug logits position 4201: top1=328 top2=29865 v1=35.000000 v2=26.875000 margin=8.125000
qwen35 debug logits position 4202: top1=20663 top2=9252 v1=35.750000 v2=30.000000 margin=5.750000
qwen35 debug logits position 4203: top1=63421 top2=1769 v1=41.500000 v2=29.125000 margin=12.375000
qwen35 debug logits position 4204: top1=2468 top2=45447 v1=36.500000 v2=22.750000 margin=13.750000
qwen35 debug logits position 4205: top1=279 top2=1719 v1=38.000000 v2=19.250000 margin=18.750000
qwen35 debug logits position 4206: top1=3299 top2=4105 v1=37.000000 v2=22.500000 margin=14.500000
qwen35 debug logits position 4207: top1=27502 top2=359 v1=32.500000 v2=27.875000 margin=4.625000
qwen35 debug logits position 4208: top1=3158 top2=1149 v1=32.250000 v2=29.875000 margin=2.375000
qwen35 debug logits position 4209: top1=353 top2=1061 v1=29.750000 v2=25.000000 margin=4.750000
qwen35 debug logits position 4210: top1=3172 top2=1220 v1=34.000000 v2=26.250000 margin=7.750000
qwen35 debug logits position 4211: top1=2468 top2=635 v1=32.750000 v2=24.250000 margin=8.500000
qwen35 debug logits position 4212: top1=424 top2=279 v1=27.875000 v2=25.500000 margin=2.375000
qwen35 debug logits position 4213: top1=264 top2=3679 v1=30.750000 v2=28.875000 margin=1.875000
qwen35 debug logits position 4214: top1=12891 top2=2342 v1=33.000000 v2=29.375000 margin=3.625000
qwen35 debug logits position 4215: top1=1324 top2=3946 v1=35.500000 v2=20.875000 margin=14.625000
qwen35 debug logits position 4216: top1=314 top2=2942 v1=35.750000 v2=20.500000 margin=15.250000
qwen35 debug logits position 4217: top1=2942 top2=35086 v1=38.250000 v2=21.875000 margin=16.375000
qwen35 debug logits position 4218: top1=310 top2=13 v1=28.000000 v2=27.625000 margin=0.375000
qwen35 debug logits position 4219: top1=19264 top2=1420 v1=28.625000 v2=27.375000 margin=1.250000
qwen35 debug logits position 4220: top1=279 top2=328 v1=28.750000 v2=27.250000 margin=1.500000
qwen35 debug logits position 4221: top1=5215 top2=328 v1=27.000000 v2=24.250000 margin=2.750000
qwen35 debug logits position 4222: top1=1973 top2=13 v1=28.750000 v2=27.500000 margin=1.250000
qwen35 debug logits position 4223: top1=1602 top2=2019 v1=27.625000 v2=24.125000 margin=3.500000
qwen35 debug hidden embedding position 7: min=-0.0563965 max=0.0583496 mean_abs=0.0125982
qwen35 debug hidden embedding position 35: min=-0.0380859 max=0.0361328 mean_abs=0.0085539
qwen35 debug hidden layer-000 position 7: min=-0.5625000 max=16.7500000 mean_abs=0.0586561
qwen35 debug hidden layer-000 position 35: min=-0.3886719 max=15.9375000 mean_abs=0.0587410
qwen35 debug hidden layer-003 position 7: min=-2.5937500 max=32.0000000 mean_abs=0.1003231
qwen35 debug hidden layer-003 position 35: min=-1.8593750 max=28.6250000 mean_abs=0.0923511
qwen35 debug hidden layer-031 position 7: min=-17.5000000 max=69.0000000 mean_abs=0.4904949
qwen35 debug hidden layer-031 position 35: min=-15.1875000 max=67.0000000 mean_abs=0.5353224
qwen35 debug hidden layer-032 position 7: min=-17.7500000 max=62.2500000 mean_abs=0.4821762
qwen35 debug hidden layer-032 position 35: min=-14.9375000 max=63.0000000 mean_abs=0.5218437
qwen35 debug hidden layer-060 position 7: min=-35.5000000 max=164.0000000 mean_abs=2.3281907
qwen35 debug hidden layer-060 position 35: min=-36.0000000 max=115.5000000 mean_abs=2.3746286
qwen35 debug hidden layer-063 position 7: min=-81.0000000 max=67.5000000 mean_abs=3.3108679
qwen35 debug hidden layer-063 position 35: min=-69.0000000 max=100.5000000 mean_abs=3.7541654
qwen35 debug hidden embedding position 83: min=-0.0556641 max=0.0507812 mean_abs=0.0121255
qwen35 debug hidden layer-000 position 83: min=-0.5507812 max=20.5000000 mean_abs=0.0830700
qwen35 debug hidden layer-003 position 83: min=-2.0781250 max=35.2500000 mean_abs=0.1156546
qwen35 debug hidden layer-031 position 83: min=-14.0625000 max=68.0000000 mean_abs=0.5361672
qwen35 debug hidden layer-032 position 83: min=-14.3125000 max=63.5000000 mean_abs=0.5280244
qwen35 debug hidden layer-060 position 83: min=-35.7500000 max=114.5000000 mean_abs=2.3858466
qwen35 debug hidden layer-063 position 83: min=-58.5000000 max=101.0000000 mean_abs=3.6969532
qwen35 debug logits position 0: top1=2456 top2=76471 v1=22.125000 v2=15.125000 margin=7.000000
qwen35 debug logits position 4097: top1=55 top2=48 v1=25.750000 v2=13.500000 margin=12.250000
qwen35 debug logits position 4098: top1=35205 top2=33815 v1=30.500000 v2=17.750000 margin=12.750000
qwen35 debug logits position 4099: top1=27325 top2=12 v1=24.000000 v2=14.187500 margin=9.812500
qwen35 debug logits position 4100: top1=54 top2=12100 v1=23.375000 v2=13.125000 margin=10.250000
qwen35 debug logits position 4101: top1=923 top2=2629 v1=24.500000 v2=12.250000 margin=12.250000
qwen35 debug logits position 4102: top1=18 top2=12 v1=22.875000 v2=12.000000 margin=10.875000
qwen35 debug logits position 4103: top1=23 top2=12 v1=23.500000 v2=12.687500 margin=10.812500
qwen35 debug logits position 4104: top1=12 top2=19 v1=21.125000 v2=12.187500 margin=8.937500
qwen35 debug logits position 4105: top1=19 top2=17 v1=22.625000 v2=11.312500 margin=11.312500
qwen35 debug logits position 4106: top1=15 top2=248046 v1=22.625000 v2=11.062500 margin=11.562500
qwen35 debug logits position 4107: top1=24 top2=248046 v1=22.000000 v2=10.562500 margin=11.437500
qwen35 debug logits position 4108: top1=15 top2=198 v1=23.250000 v2=14.000000 margin=9.250000
qwen35 debug logits position 4109: top1=198 top2=27502 v1=19.125000 v2=18.750000 margin=0.375000
qwen35 debug logits position 4110: top1=76471 top2=2456 v1=21.125000 v2=15.687500 margin=5.437500
qwen35 debug logits position 4111: top1=248046 top2=198 v1=20.500000 v2=19.500000 margin=1.000000
qwen35 debug logits position 4112: top1=198 top2=59 v1=27.625000 v2=10.187500 margin=17.437500
qwen35 debug logits position 4113: top1=248044 top2=248045 v1=30.375000 v2=19.250000 margin=11.125000
qwen35 debug logits position 4114: top1=248045 top2=248044 v1=26.625000 v2=17.375000 margin=9.250000
qwen35 debug logits position 4115: top1=248045 top2=248046 v1=29.625000 v2=21.375000 margin=8.250000
qwen35 debug logits position 4116: top1=248045 top2=248068 v1=24.875000 v2=17.875000 margin=7.000000
qwen35 debug logits position 4117: top1=248068 top2=248046 v1=21.250000 v2=20.875000 margin=0.375000
qwen35 debug logits position 4118: top1=198 top2=271 v1=28.375000 v2=27.750000 margin=0.625000
qwen35 debug logits position 4119: top1=760 top2=97237 v1=26.375000 v2=21.125000 margin=5.250000
qwen35 debug logits position 4120: top1=1156 top2=97237 v1=32.500000 v2=17.500000 margin=15.000000
qwen35 debug logits position 4121: top1=369 top2=682 v1=28.875000 v2=23.625000 margin=5.250000
qwen35 debug logits position 4122: top1=9859 top2=4313 v1=31.500000 v2=23.625000 margin=7.875000
qwen35 debug logits position 4123: top1=728 top2=264 v1=30.750000 v2=17.625000 margin=13.125000
qwen35 debug logits position 4124: top1=310 top2=1118 v1=30.750000 v2=17.250000 margin=13.500000
qwen35 debug logits position 4125: top1=1118 top2=2468 v1=27.500000 v2=27.250000 margin=0.250000
qwen35 debug logits position 4126: top1=2468 top2=1301 v1=30.500000 v2=23.875000 margin=6.625000
qwen35 debug logits position 4127: top1=328 top2=279 v1=31.000000 v2=25.125000 margin=5.875000
qwen35 debug logits position 4128: top1=2456 top2=76471 v1=29.625000 v2=16.250000 margin=13.375000
qwen35 debug logits position 4129: top1=55 top2=5955 v1=29.375000 v2=16.250000 margin=13.125000
qwen35 debug logits position 4130: top1=35205 top2=37163 v1=34.250000 v2=21.750000 margin=12.500000
qwen35 debug logits position 4131: top1=27325 top2=12 v1=28.125000 v2=16.375000 margin=11.750000
qwen35 debug logits position 4132: top1=54 top2=32 v1=28.625000 v2=15.875000 margin=12.750000
qwen35 debug logits position 4133: top1=923 top2=2629 v1=30.500000 v2=15.437500 margin=15.062500
qwen35 debug logits position 4134: top1=18 top2=19 v1=28.000000 v2=17.000000 margin=11.000000
qwen35 debug logits position 4135: top1=23 top2=24 v1=30.125000 v2=16.875000 margin=13.250000
qwen35 debug logits position 4136: top1=12 top2=19 v1=24.500000 v2=12.625000 margin=11.875000
qwen35 debug logits position 4137: top1=19 top2=18 v1=28.500000 v2=17.000000 margin=11.500000
qwen35 debug logits position 4138: top1=15 top2=19 v1=28.750000 v2=14.875000 margin=13.875000
qwen35 debug logits position 4139: top1=24 top2=19 v1=28.125000 v2=14.687500 margin=13.437500
qwen35 debug logits position 4140: top1=15 top2=21 v1=28.000000 v2=17.500000 margin=10.500000
qwen35 debug logits position 4141: top1=1 top2=487 v1=29.125000 v2=24.250000 margin=4.875000
qwen35 debug logits position 4142: top1=321 top2=1179 v1=32.750000 v2=25.125000 margin=7.625000
qwen35 debug logits position 4143: top1=1179 top2=98118 v1=40.750000 v2=22.875000 margin=17.875000
qwen35 debug logits position 4144: top1=29865 top2=2962 v1=32.000000 v2=29.625000 margin=2.375000
qwen35 debug logits position 4145: top1=2468 top2=100627 v1=36.000000 v2=23.250000 margin=12.750000
qwen35 debug logits position 4146: top1=279 top2=328 v1=33.750000 v2=24.375000 margin=9.375000
qwen35 debug logits position 4147: top1=3299 top2=4105 v1=36.500000 v2=23.375000 margin=13.125000
qwen35 debug logits position 4148: top1=328 top2=27502 v1=37.500000 v2=18.750000 margin=18.750000
qwen35 debug logits position 4149: top1=76471 top2=27502 v1=33.750000 v2=21.875000 margin=11.875000
qwen35 debug logits position 4150: top1=3158 top2=1 v1=30.250000 v2=24.875000 margin=5.375000
qwen35 debug logits position 4151: top1=271 top2=1061 v1=26.500000 v2=26.250000 margin=0.250000
qwen35 debug logits position 4152: top1=9764 top2=1919 v1=30.625000 v2=29.125000 margin=1.500000
qwen35 debug logits position 4153: top1=728 top2=311 v1=35.250000 v2=20.250000 margin=15.000000
qwen35 debug logits position 4154: top1=1732 top2=1353 v1=27.750000 v2=27.500000 margin=0.250000
qwen35 debug logits position 4155: top1=279 top2=411 v1=32.500000 v2=30.375000 margin=2.125000
qwen35 debug logits position 4156: top1=10895 top2=7359 v1=34.750000 v2=32.250000 margin=2.500000
qwen35 debug logits position 4157: top1=25 top2=6681 v1=29.125000 v2=29.125000 margin=0.000000
qwen35 debug logits position 4158: top1=25 top2=430 v1=31.875000 v2=30.875000 margin=1.000000
qwen35 debug logits position 4159: top1=198 top2=1118 v1=28.875000 v2=24.750000 margin=4.125000
qwen35 debug logits position 4160: top1=16 top2=12 v1=35.750000 v2=22.500000 margin=13.250000
qwen35 debug logits position 4161: top1=13 top2=5339 v1=34.000000 v2=15.812500 margin=18.187500
qwen35 debug logits position 4162: top1=5339 top2=8984 v1=32.000000 v2=30.125000 margin=1.875000
qwen35 debug logits position 4163: top1=2468 top2=11 v1=37.250000 v2=26.875000 margin=10.375000
qwen35 debug logits position 4164: top1=25 top2=328 v1=26.625000 v2=24.625000 margin=2.000000
qwen35 debug logits position 4165: top1=9806 top2=328 v1=31.125000 v2=22.500000 margin=8.625000
qwen35 debug logits position 4166: top1=55 top2=48 v1=30.500000 v2=15.687500 margin=14.812500
qwen35 debug logits position 4167: top1=35205 top2=37163 v1=34.250000 v2=22.125000 margin=12.125000
qwen35 debug logits position 4168: top1=27325 top2=10846 v1=34.250000 v2=19.250000 margin=15.000000
qwen35 debug logits position 4169: top1=54 top2=48 v1=31.000000 v2=17.500000 margin=13.500000
qwen35 debug logits position 4170: top1=923 top2=1762 v1=31.250000 v2=16.500000 margin=14.750000
qwen35 debug logits position 4171: top1=18 top2=17 v1=28.375000 v2=15.312500 margin=13.062500
qwen35 debug logits position 4172: top1=23 top2=15 v1=33.500000 v2=19.625000 margin=13.875000
qwen35 debug logits position 4173: top1=12 top2=198 v1=31.625000 v2=14.875000 margin=16.750000
qwen35 debug logits position 4174: top1=19 top2=17 v1=30.250000 v2=16.500000 margin=13.750000
qwen35 debug logits position 4175: top1=15 top2=16 v1=26.500000 v2=12.062500 margin=14.437500
qwen35 debug logits position 4176: top1=24 top2=19 v1=25.750000 v2=12.562500 margin=13.187500
qwen35 debug logits position 4177: top1=15 top2=19 v1=28.375000 v2=14.125000 margin=14.250000
qwen35 debug logits position 4178: top1=198 top2=318 v1=29.500000 v2=14.625000 margin=14.875000
qwen35 debug logits position 4179: top1=17 top2=248069 v1=32.250000 v2=19.125000 margin=13.125000
qwen35 debug logits position 4180: top1=13 top2=4844 v1=38.000000 v2=22.000000 margin=16.000000
qwen35 debug logits position 4181: top1=4844 top2=11861 v1=38.250000 v2=24.625000 margin=13.625000
qwen35 debug logits position 4182: top1=29865 top2=2962 v1=33.000000 v2=27.125000 margin=5.875000
qwen35 debug logits position 4183: top1=2468 top2=100627 v1=38.000000 v2=23.125000 margin=14.875000
qwen35 debug logits position 4184: top1=279 top2=25 v1=33.000000 v2=32.750000 margin=0.250000
qwen35 debug logits position 4185: top1=3299 top2=4105 v1=36.750000 v2=23.000000 margin=13.750000
qwen35 debug logits position 4186: top1=328 top2=25 v1=31.625000 v2=29.250000 margin=2.375000
qwen35 debug logits position 4187: top1=76471 top2=27502 v1=36.500000 v2=23.125000 margin=13.375000
qwen35 debug logits position 4188: top1=1 top2=3158 v1=32.000000 v2=22.750000 margin=9.250000
qwen35 debug logits position 4189: top1=271 top2=198 v1=29.375000 v2=22.000000 margin=7.375000
qwen35 debug logits position 4190: top1=760 top2=40 v1=30.000000 v2=29.000000 margin=1.000000
qwen35 debug logits position 4191: top1=7359 top2=1156 v1=26.625000 v2=25.875000 margin=0.750000
qwen35 debug logits position 4192: top1=2640 top2=369 v1=32.250000 v2=24.875000 margin=7.375000
qwen35 debug logits position 4193: top1=328 top2=310 v1=31.625000 v2=24.250000 margin=7.375000
qwen35 debug logits position 4194: top1=97709 top2=96218 v1=27.875000 v2=22.500000 margin=5.375000
qwen35 debug logits position 4195: top1=100627 top2=96854 v1=36.500000 v2=22.375000 margin=14.125000
qwen35 debug logits position 4196: top1=110211 top2=1 v1=27.000000 v2=23.000000 margin=4.000000
qwen35 debug logits position 4197: top1=27502 top2=76471 v1=31.125000 v2=22.125000 margin=9.000000
qwen35 debug logits position 4198: top1=1 top2=487 v1=33.750000 v2=24.625000 margin=9.125000
qwen35 debug logits position 4199: top1=864 top2=318 v1=37.500000 v2=26.625000 margin=10.875000
qwen35 debug logits position 4200: top1=3254 top2=44679 v1=40.750000 v2=23.750000 margin=17.000000
qwen35 debug logits position 4201: top1=328 top2=29865 v1=35.000000 v2=26.875000 margin=8.125000
qwen35 debug logits position 4202: top1=20663 top2=9252 v1=35.750000 v2=30.000000 margin=5.750000
qwen35 debug logits position 4203: top1=63421 top2=1769 v1=41.500000 v2=29.125000 margin=12.375000
qwen35 debug logits position 4204: top1=2468 top2=45447 v1=36.500000 v2=22.750000 margin=13.750000
qwen35 debug logits position 4205: top1=279 top2=1719 v1=38.000000 v2=19.250000 margin=18.750000
qwen35 debug logits position 4206: top1=3299 top2=4105 v1=37.000000 v2=22.500000 margin=14.500000
qwen35 debug logits position 4207: top1=27502 top2=359 v1=32.500000 v2=27.875000 margin=4.625000
qwen35 debug logits position 4208: top1=3158 top2=1149 v1=32.250000 v2=29.875000 margin=2.375000
qwen35 debug logits position 4209: top1=353 top2=1061 v1=29.750000 v2=25.000000 margin=4.750000
qwen35 debug logits position 4210: top1=3172 top2=1220 v1=34.000000 v2=26.250000 margin=7.750000
qwen35 debug logits position 4211: top1=2468 top2=635 v1=32.750000 v2=24.250000 margin=8.500000
qwen35 debug logits position 4212: top1=424 top2=279 v1=27.875000 v2=25.500000 margin=2.375000
qwen35 debug logits position 4213: top1=264 top2=3679 v1=30.750000 v2=28.875000 margin=1.875000
qwen35 debug logits position 4214: top1=12891 top2=2342 v1=33.000000 v2=29.375000 margin=3.625000
qwen35 debug logits position 4215: top1=1324 top2=3946 v1=35.500000 v2=20.875000 margin=14.625000
qwen35 debug logits position 4216: top1=314 top2=2942 v1=35.750000 v2=20.500000 margin=15.250000
qwen35 debug logits position 4217: top1=2942 top2=35086 v1=38.250000 v2=21.875000 margin=16.375000
qwen35 debug logits position 4218: top1=310 top2=13 v1=28.000000 v2=27.625000 margin=0.375000
qwen35 debug logits position 4219: top1=19264 top2=1420 v1=28.625000 v2=27.375000 margin=1.250000
qwen35 debug logits position 4220: top1=279 top2=328 v1=28.750000 v2=27.250000 margin=1.500000
qwen35 debug logits position 4221: top1=5215 top2=328 v1=27.000000 v2=24.250000 margin=2.750000
qwen35 debug logits position 4222: top1=1973 top2=13 v1=28.750000 v2=27.500000 margin=1.250000
qwen35 debug logits position 4223: top1=1602 top2=2019 v1=27.625000 v2=24.125000 margin=3.500000
qwen35 debug hidden embedding position 7: min=-0.0563965 max=0.0583496 mean_abs=0.0125982
qwen35 debug hidden embedding position 35: min=-0.0380859 max=0.0361328 mean_abs=0.0085539
qwen35 debug hidden layer-000 position 7: min=-0.5625000 max=16.7500000 mean_abs=0.0586561
qwen35 debug hidden layer-000 position 35: min=-0.3886719 max=15.9375000 mean_abs=0.0587410
qwen35 debug hidden layer-003 position 7: min=-2.5937500 max=32.0000000 mean_abs=0.1003231
qwen35 debug hidden layer-003 position 35: min=-1.8593750 max=28.6250000 mean_abs=0.0923511
qwen35 debug hidden layer-031 position 7: min=-17.5000000 max=69.0000000 mean_abs=0.4904949
qwen35 debug hidden layer-031 position 35: min=-15.1875000 max=67.0000000 mean_abs=0.5353224
qwen35 debug hidden layer-032 position 7: min=-17.7500000 max=62.2500000 mean_abs=0.4821762
qwen35 debug hidden layer-032 position 35: min=-14.9375000 max=63.0000000 mean_abs=0.5218437
qwen35 debug hidden layer-060 position 7: min=-35.5000000 max=164.0000000 mean_abs=2.3281907
qwen35 debug hidden layer-060 position 35: min=-36.0000000 max=115.5000000 mean_abs=2.3746286
qwen35 debug hidden layer-063 position 7: min=-81.0000000 max=67.5000000 mean_abs=3.3108679
qwen35 debug hidden layer-063 position 35: min=-69.0000000 max=100.5000000 mean_abs=3.7541654
qwen35 debug hidden embedding position 83: min=-0.0556641 max=0.0507812 mean_abs=0.0121255
qwen35 debug hidden layer-000 position 83: min=-0.5507812 max=20.5000000 mean_abs=0.0830700
qwen35 debug hidden layer-003 position 83: min=-2.0781250 max=35.2500000 mean_abs=0.1156546
qwen35 debug hidden layer-031 position 83: min=-14.0625000 max=68.0000000 mean_abs=0.5361672
qwen35 debug hidden layer-032 position 83: min=-14.3125000 max=63.5000000 mean_abs=0.5280244
qwen35 debug hidden layer-060 position 83: min=-35.7500000 max=114.5000000 mean_abs=2.3858466
qwen35 debug hidden layer-063 position 83: min=-58.5000000 max=101.0000000 mean_abs=3.6969532
qwen35 debug logits position 0: top1=2456 top2=76471 v1=22.125000 v2=15.125000 margin=7.000000
qwen35 debug logits position 4097: top1=55 top2=48 v1=25.750000 v2=13.500000 margin=12.250000
qwen35 debug logits position 4098: top1=35205 top2=33815 v1=30.500000 v2=17.750000 margin=12.750000
qwen35 debug logits position 4099: top1=27325 top2=12 v1=24.000000 v2=14.187500 margin=9.812500
qwen35 debug logits position 4100: top1=54 top2=12100 v1=23.375000 v2=13.125000 margin=10.250000
qwen35 debug logits position 4101: top1=923 top2=2629 v1=24.500000 v2=12.250000 margin=12.250000
qwen35 debug logits position 4102: top1=18 top2=12 v1=22.875000 v2=12.000000 margin=10.875000
qwen35 debug logits position 4103: top1=23 top2=12 v1=23.500000 v2=12.687500 margin=10.812500
qwen35 debug logits position 4104: top1=12 top2=19 v1=21.125000 v2=12.187500 margin=8.937500
qwen35 debug logits position 4105: top1=19 top2=17 v1=22.625000 v2=11.312500 margin=11.312500
qwen35 debug logits position 4106: top1=15 top2=248046 v1=22.625000 v2=11.062500 margin=11.562500
qwen35 debug logits position 4107: top1=24 top2=248046 v1=22.000000 v2=10.562500 margin=11.437500
qwen35 debug logits position 4108: top1=15 top2=198 v1=23.250000 v2=14.000000 margin=9.250000
qwen35 debug logits position 4109: top1=198 top2=27502 v1=19.125000 v2=18.750000 margin=0.375000
qwen35 debug logits position 4110: top1=76471 top2=2456 v1=21.125000 v2=15.687500 margin=5.437500
qwen35 debug logits position 4111: top1=248046 top2=198 v1=20.500000 v2=19.500000 margin=1.000000
qwen35 debug logits position 4112: top1=198 top2=59 v1=27.625000 v2=10.187500 margin=17.437500
qwen35 debug logits position 4113: top1=248044 top2=248045 v1=30.375000 v2=19.250000 margin=11.125000
qwen35 debug logits position 4114: top1=248045 top2=248044 v1=26.625000 v2=17.375000 margin=9.250000
qwen35 debug logits position 4115: top1=248045 top2=248046 v1=29.625000 v2=21.375000 margin=8.250000
qwen35 debug logits position 4116: top1=248045 top2=248068 v1=24.875000 v2=17.875000 margin=7.000000
qwen35 debug logits position 4117: top1=248068 top2=248046 v1=21.250000 v2=20.875000 margin=0.375000
qwen35 debug logits position 4118: top1=198 top2=271 v1=28.375000 v2=27.750000 margin=0.625000
qwen35 debug logits position 4119: top1=760 top2=97237 v1=26.375000 v2=21.125000 margin=5.250000
qwen35 debug logits position 4120: top1=1156 top2=97237 v1=32.500000 v2=17.500000 margin=15.000000
qwen35 debug logits position 4121: top1=369 top2=682 v1=28.875000 v2=23.625000 margin=5.250000
qwen35 debug logits position 4122: top1=9859 top2=4313 v1=31.500000 v2=23.625000 margin=7.875000
qwen35 debug logits position 4123: top1=728 top2=264 v1=30.750000 v2=17.625000 margin=13.125000
qwen35 debug logits position 4124: top1=310 top2=1118 v1=30.750000 v2=17.250000 margin=13.500000
qwen35 debug logits position 4125: top1=1118 top2=2468 v1=27.500000 v2=27.250000 margin=0.250000
qwen35 debug logits position 4126: top1=2468 top2=1301 v1=30.500000 v2=23.875000 margin=6.625000
qwen35 debug logits position 4127: top1=328 top2=279 v1=31.000000 v2=25.125000 margin=5.875000
qwen35 debug logits position 4128: top1=2456 top2=76471 v1=29.625000 v2=16.250000 margin=13.375000
qwen35 debug logits position 4129: top1=55 top2=5955 v1=29.375000 v2=16.250000 margin=13.125000
qwen35 debug logits position 4130: top1=35205 top2=37163 v1=34.250000 v2=21.750000 margin=12.500000
qwen35 debug logits position 4131: top1=27325 top2=12 v1=28.125000 v2=16.375000 margin=11.750000
qwen35 debug logits position 4132: top1=54 top2=32 v1=28.625000 v2=15.875000 margin=12.750000
qwen35 debug logits position 4133: top1=923 top2=2629 v1=30.500000 v2=15.437500 margin=15.062500
qwen35 debug logits position 4134: top1=18 top2=19 v1=28.000000 v2=17.000000 margin=11.000000
qwen35 debug logits position 4135: top1=23 top2=24 v1=30.125000 v2=16.875000 margin=13.250000
qwen35 debug logits position 4136: top1=12 top2=19 v1=24.500000 v2=12.625000 margin=11.875000
qwen35 debug logits position 4137: top1=19 top2=18 v1=28.500000 v2=17.000000 margin=11.500000
qwen35 debug logits position 4138: top1=15 top2=19 v1=28.750000 v2=14.875000 margin=13.875000
qwen35 debug logits position 4139: top1=24 top2=19 v1=28.125000 v2=14.687500 margin=13.437500
qwen35 debug logits position 4140: top1=15 top2=21 v1=28.000000 v2=17.500000 margin=10.500000
qwen35 debug logits position 4141: top1=1 top2=487 v1=29.125000 v2=24.250000 margin=4.875000
qwen35 debug logits position 4142: top1=321 top2=1179 v1=32.750000 v2=25.125000 margin=7.625000
qwen35 debug logits position 4143: top1=1179 top2=98118 v1=40.750000 v2=22.875000 margin=17.875000
qwen35 debug logits position 4144: top1=29865 top2=2962 v1=32.000000 v2=29.625000 margin=2.375000
qwen35 debug logits position 4145: top1=2468 top2=100627 v1=36.000000 v2=23.250000 margin=12.750000
qwen35 debug logits position 4146: top1=279 top2=328 v1=33.750000 v2=24.375000 margin=9.375000
qwen35 debug logits position 4147: top1=3299 top2=4105 v1=36.500000 v2=23.375000 margin=13.125000
qwen35 debug logits position 4148: top1=328 top2=27502 v1=37.500000 v2=18.750000 margin=18.750000
qwen35 debug logits position 4149: top1=76471 top2=27502 v1=33.750000 v2=21.875000 margin=11.875000
qwen35 debug logits position 4150: top1=3158 top2=1 v1=30.250000 v2=24.875000 margin=5.375000
qwen35 debug logits position 4151: top1=271 top2=1061 v1=26.500000 v2=26.250000 margin=0.250000
qwen35 debug logits position 4152: top1=9764 top2=1919 v1=30.625000 v2=29.125000 margin=1.500000
qwen35 debug logits position 4153: top1=728 top2=311 v1=35.250000 v2=20.250000 margin=15.000000
qwen35 debug logits position 4154: top1=1732 top2=1353 v1=27.750000 v2=27.500000 margin=0.250000
qwen35 debug logits position 4155: top1=279 top2=411 v1=32.500000 v2=30.375000 margin=2.125000
qwen35 debug logits position 4156: top1=10895 top2=7359 v1=34.750000 v2=32.250000 margin=2.500000
qwen35 debug logits position 4157: top1=25 top2=6681 v1=29.125000 v2=29.125000 margin=0.000000
qwen35 debug logits position 4158: top1=25 top2=430 v1=31.875000 v2=30.875000 margin=1.000000
qwen35 debug logits position 4159: top1=198 top2=1118 v1=28.875000 v2=24.750000 margin=4.125000
qwen35 debug logits position 4160: top1=16 top2=12 v1=35.750000 v2=22.500000 margin=13.250000
qwen35 debug logits position 4161: top1=13 top2=5339 v1=34.000000 v2=15.812500 margin=18.187500
qwen35 debug logits position 4162: top1=5339 top2=8984 v1=32.000000 v2=30.125000 margin=1.875000
qwen35 debug logits position 4163: top1=2468 top2=11 v1=37.250000 v2=26.875000 margin=10.375000
qwen35 debug logits position 4164: top1=25 top2=328 v1=26.625000 v2=24.625000 margin=2.000000
qwen35 debug logits position 4165: top1=9806 top2=328 v1=31.125000 v2=22.500000 margin=8.625000
qwen35 debug logits position 4166: top1=55 top2=48 v1=30.500000 v2=15.687500 margin=14.812500
qwen35 debug logits position 4167: top1=35205 top2=37163 v1=34.250000 v2=22.125000 margin=12.125000
qwen35 debug logits position 4168: top1=27325 top2=10846 v1=34.250000 v2=19.250000 margin=15.000000
qwen35 debug logits position 4169: top1=54 top2=48 v1=31.000000 v2=17.500000 margin=13.500000
qwen35 debug logits position 4170: top1=923 top2=1762 v1=31.250000 v2=16.500000 margin=14.750000
qwen35 debug logits position 4171: top1=18 top2=17 v1=28.375000 v2=15.312500 margin=13.062500
qwen35 debug logits position 4172: top1=23 top2=15 v1=33.500000 v2=19.625000 margin=13.875000
qwen35 debug logits position 4173: top1=12 top2=198 v1=31.625000 v2=14.875000 margin=16.750000
qwen35 debug logits position 4174: top1=19 top2=17 v1=30.250000 v2=16.500000 margin=13.750000
qwen35 debug logits position 4175: top1=15 top2=16 v1=26.500000 v2=12.062500 margin=14.437500
qwen35 debug logits position 4176: top1=24 top2=19 v1=25.750000 v2=12.562500 margin=13.187500
qwen35 debug logits position 4177: top1=15 top2=19 v1=28.375000 v2=14.125000 margin=14.250000
qwen35 debug logits position 4178: top1=198 top2=318 v1=29.500000 v2=14.625000 margin=14.875000
qwen35 debug logits position 4179: top1=17 top2=248069 v1=32.250000 v2=19.125000 margin=13.125000
qwen35 debug logits position 4180: top1=13 top2=4844 v1=38.000000 v2=22.000000 margin=16.000000
qwen35 debug logits position 4181: top1=4844 top2=11861 v1=38.250000 v2=24.625000 margin=13.625000
qwen35 debug logits position 4182: top1=29865 top2=2962 v1=33.000000 v2=27.125000 margin=5.875000
qwen35 debug logits position 4183: top1=2468 top2=100627 v1=38.000000 v2=23.125000 margin=14.875000
qwen35 debug logits position 4184: top1=279 top2=25 v1=33.000000 v2=32.750000 margin=0.250000
qwen35 debug logits position 4185: top1=3299 top2=4105 v1=36.750000 v2=23.000000 margin=13.750000
qwen35 debug logits position 4186: top1=328 top2=25 v1=31.625000 v2=29.250000 margin=2.375000
qwen35 debug logits position 4187: top1=76471 top2=27502 v1=36.500000 v2=23.125000 margin=13.375000
qwen35 debug logits position 4188: top1=1 top2=3158 v1=32.000000 v2=22.750000 margin=9.250000
qwen35 debug logits position 4189: top1=271 top2=198 v1=29.375000 v2=22.000000 margin=7.375000
qwen35 debug logits position 4190: top1=760 top2=40 v1=30.000000 v2=29.000000 margin=1.000000
qwen35 debug logits position 4191: top1=7359 top2=1156 v1=26.625000 v2=25.875000 margin=0.750000
qwen35 debug logits position 4192: top1=2640 top2=369 v1=32.250000 v2=24.875000 margin=7.375000
qwen35 debug logits position 4193: top1=328 top2=310 v1=31.625000 v2=24.250000 margin=7.375000
qwen35 debug logits position 4194: top1=97709 top2=96218 v1=27.875000 v2=22.500000 margin=5.375000
qwen35 debug logits position 4195: top1=100627 top2=96854 v1=36.500000 v2=22.375000 margin=14.125000
qwen35 debug logits position 4196: top1=110211 top2=1 v1=27.000000 v2=23.000000 margin=4.000000
qwen35 debug logits position 4197: top1=27502 top2=76471 v1=31.125000 v2=22.125000 margin=9.000000
qwen35 debug logits position 4198: top1=1 top2=487 v1=33.750000 v2=24.625000 margin=9.125000
qwen35 debug logits position 4199: top1=864 top2=318 v1=37.500000 v2=26.625000 margin=10.875000
qwen35 debug logits position 4200: top1=3254 top2=44679 v1=40.750000 v2=23.750000 margin=17.000000
qwen35 debug logits position 4201: top1=328 top2=29865 v1=35.000000 v2=26.875000 margin=8.125000
qwen35 debug logits position 4202: top1=20663 top2=9252 v1=35.750000 v2=30.000000 margin=5.750000
qwen35 debug logits position 4203: top1=63421 top2=1769 v1=41.500000 v2=29.125000 margin=12.375000
qwen35 debug logits position 4204: top1=2468 top2=45447 v1=36.500000 v2=22.750000 margin=13.750000
qwen35 debug logits position 4205: top1=279 top2=1719 v1=38.000000 v2=19.250000 margin=18.750000
qwen35 debug logits position 4206: top1=3299 top2=4105 v1=37.000000 v2=22.500000 margin=14.500000
qwen35 debug logits position 4207: top1=27502 top2=359 v1=32.500000 v2=27.875000 margin=4.625000
qwen35 debug logits position 4208: top1=3158 top2=1149 v1=32.250000 v2=29.875000 margin=2.375000
qwen35 debug logits position 4209: top1=353 top2=1061 v1=29.750000 v2=25.000000 margin=4.750000
qwen35 debug logits position 4210: top1=3172 top2=1220 v1=34.000000 v2=26.250000 margin=7.750000
qwen35 debug logits position 4211: top1=2468 top2=635 v1=32.750000 v2=24.250000 margin=8.500000
qwen35 debug logits position 4212: top1=424 top2=279 v1=27.875000 v2=25.500000 margin=2.375000
qwen35 debug logits position 4213: top1=264 top2=3679 v1=30.750000 v2=28.875000 margin=1.875000
qwen35 debug logits position 4214: top1=12891 top2=2342 v1=33.000000 v2=29.375000 margin=3.625000
qwen35 debug logits position 4215: top1=1324 top2=3946 v1=35.500000 v2=20.875000 margin=14.625000
qwen35 debug logits position 4216: top1=314 top2=2942 v1=35.750000 v2=20.500000 margin=15.250000
qwen35 debug logits position 4217: top1=2942 top2=35086 v1=38.250000 v2=21.875000 margin=16.375000
qwen35 debug logits position 4218: top1=310 top2=13 v1=28.000000 v2=27.625000 margin=0.375000
qwen35 debug logits position 4219: top1=19264 top2=1420 v1=28.625000 v2=27.375000 margin=1.250000
qwen35 debug logits position 4220: top1=279 top2=328 v1=28.750000 v2=27.250000 margin=1.500000
qwen35 debug logits position 4221: top1=5215 top2=328 v1=27.000000 v2=24.250000 margin=2.750000
qwen35 debug logits position 4222: top1=1973 top2=13 v1=28.750000 v2=27.500000 margin=1.250000
qwen35 debug logits position 4223: top1=1602 top2=2019 v1=27.625000 v2=24.125000 margin=3.500000
qwen35 debug hidden embedding position 7: min=-0.0563965 max=0.0583496 mean_abs=0.0125982
qwen35 debug hidden embedding position 35: min=-0.0510254 max=0.0529785 mean_abs=0.0121317
qwen35 debug hidden layer-000 position 7: min=-0.5625000 max=16.7500000 mean_abs=0.0586561
qwen35 debug hidden layer-000 position 35: min=-0.4433594 max=18.5000000 mean_abs=0.0616098
qwen35 debug hidden layer-003 position 7: min=-2.5937500 max=32.0000000 mean_abs=0.1003231
qwen35 debug hidden layer-003 position 35: min=-2.2968750 max=30.2500000 mean_abs=0.0919208
qwen35 debug hidden layer-031 position 7: min=-17.5000000 max=69.0000000 mean_abs=0.4904949
qwen35 debug hidden layer-031 position 35: min=-16.5000000 max=63.5000000 mean_abs=0.6145525
qwen35 debug hidden layer-032 position 7: min=-17.7500000 max=62.2500000 mean_abs=0.4821762
qwen35 debug hidden layer-032 position 35: min=-16.2500000 max=60.7500000 mean_abs=0.6198981
qwen35 debug hidden layer-060 position 7: min=-35.5000000 max=164.0000000 mean_abs=2.3281907
qwen35 debug hidden layer-060 position 35: min=-36.7500000 max=160.0000000 mean_abs=2.2837415
qwen35 debug hidden layer-063 position 7: min=-81.0000000 max=67.5000000 mean_abs=3.3108679
qwen35 debug hidden layer-063 position 35: min=-52.0000000 max=101.0000000 mean_abs=3.5931090
qwen35 debug hidden embedding position 83: min=-0.0610352 max=0.0703125 mean_abs=0.0127159
qwen35 debug hidden layer-000 position 83: min=-0.3828125 max=17.2500000 mean_abs=0.0492306
qwen35 debug hidden layer-003 position 83: min=-1.5937500 max=28.7500000 mean_abs=0.0973751
qwen35 debug hidden layer-031 position 83: min=-11.7500000 max=70.0000000 mean_abs=0.5294919
qwen35 debug hidden layer-032 position 83: min=-11.7500000 max=67.5000000 mean_abs=0.5353484
qwen35 debug hidden layer-060 position 83: min=-30.1250000 max=172.0000000 mean_abs=2.3055001
qwen35 debug hidden layer-063 position 83: min=-84.0000000 max=119.0000000 mean_abs=3.7405390
qwen35 debug logits position 0: top1=2456 top2=76471 v1=22.250000 v2=15.125000 margin=7.125000
qwen35 debug logits position 8193: top1=55 top2=48 v1=25.750000 v2=13.750000 margin=12.000000
qwen35 debug logits position 8194: top1=35205 top2=69046 v1=29.375000 v2=18.000000 margin=11.375000
qwen35 debug logits position 8195: top1=27325 top2=12 v1=24.125000 v2=14.187500 margin=9.937500
qwen35 debug logits position 8196: top1=54 top2=48 v1=23.500000 v2=15.437500 margin=8.062500
qwen35 debug logits position 8197: top1=923 top2=268 v1=26.375000 v2=13.437500 margin=12.937500
qwen35 debug logits position 8198: top1=18 top2=248046 v1=23.375000 v2=12.437500 margin=10.937500
qwen35 debug logits position 8199: top1=23 top2=12 v1=26.250000 v2=14.250000 margin=12.000000
qwen35 debug logits position 8200: top1=12 top2=19 v1=21.125000 v2=12.375000 margin=8.750000
qwen35 debug logits position 8201: top1=19 top2=15 v1=22.875000 v2=12.187500 margin=10.687500
qwen35 debug logits position 8202: top1=15 top2=248046 v1=22.750000 v2=11.500000 margin=11.250000
qwen35 debug logits position 8203: top1=24 top2=23 v1=22.375000 v2=10.312500 margin=12.062500
qwen35 debug logits position 8204: top1=15 top2=198 v1=24.250000 v2=14.500000 margin=9.750000
qwen35 debug logits position 8205: top1=198 top2=27502 v1=19.125000 v2=18.875000 margin=0.250000
qwen35 debug logits position 8206: top1=76471 top2=2456 v1=21.000000 v2=15.500000 margin=5.500000
qwen35 debug logits position 8207: top1=248046 top2=198 v1=21.125000 v2=19.000000 margin=2.125000
qwen35 debug logits position 8208: top1=198 top2=248044 v1=28.750000 v2=10.875000 margin=17.875000
qwen35 debug logits position 8209: top1=248044 top2=248045 v1=30.000000 v2=19.750000 margin=10.250000
qwen35 debug logits position 8210: top1=248045 top2=248044 v1=26.375000 v2=17.125000 margin=9.250000
qwen35 debug logits position 8211: top1=248045 top2=248046 v1=30.500000 v2=20.875000 margin=9.625000
qwen35 debug logits position 8212: top1=248045 top2=248068 v1=29.000000 v2=18.875000 margin=10.125000
qwen35 debug logits position 8213: top1=248068 top2=248046 v1=21.875000 v2=21.125000 margin=0.750000
qwen35 debug logits position 8214: top1=198 top2=271 v1=28.500000 v2=27.875000 margin=0.625000
qwen35 debug logits position 8215: top1=760 top2=97237 v1=26.500000 v2=20.750000 margin=5.750000
qwen35 debug logits position 8216: top1=1156 top2=97237 v1=32.250000 v2=17.625000 margin=14.625000
qwen35 debug logits position 8217: top1=369 top2=579 v1=28.875000 v2=23.750000 margin=5.125000
qwen35 debug logits position 8218: top1=9859 top2=4313 v1=31.750000 v2=22.375000 margin=9.375000
qwen35 debug logits position 8219: top1=728 top2=264 v1=30.250000 v2=17.375000 margin=12.875000
qwen35 debug logits position 8220: top1=310 top2=1118 v1=31.000000 v2=17.375000 margin=13.625000
qwen35 debug logits position 8221: top1=1118 top2=2468 v1=27.625000 v2=27.500000 margin=0.125000
qwen35 debug logits position 8222: top1=2468 top2=1301 v1=31.125000 v2=24.000000 margin=7.125000
qwen35 debug logits position 8223: top1=328 top2=279 v1=31.375000 v2=25.750000 margin=5.625000
qwen35 debug logits position 8224: top1=2456 top2=76471 v1=30.250000 v2=16.125000 margin=14.125000
qwen35 debug logits position 8225: top1=55 top2=5955 v1=29.750000 v2=16.125000 margin=13.625000
qwen35 debug logits position 8226: top1=35205 top2=37163 v1=32.250000 v2=20.375000 margin=11.875000
qwen35 debug logits position 8227: top1=27325 top2=12 v1=28.125000 v2=16.625000 margin=11.500000
qwen35 debug logits position 8228: top1=54 top2=48 v1=26.500000 v2=17.625000 margin=8.875000
qwen35 debug logits position 8229: top1=923 top2=1642 v1=32.500000 v2=16.375000 margin=16.125000
qwen35 debug logits position 8230: top1=18 top2=19 v1=29.250000 v2=17.500000 margin=11.750000
qwen35 debug logits position 8231: top1=23 top2=24 v1=30.250000 v2=17.500000 margin=12.750000
qwen35 debug logits position 8232: top1=12 top2=19 v1=25.250000 v2=13.187500 margin=12.062500
qwen35 debug logits position 8233: top1=19 top2=18 v1=29.875000 v2=18.625000 margin=11.250000
qwen35 debug logits position 8234: top1=15 top2=23 v1=29.250000 v2=15.062500 margin=14.187500
qwen35 debug logits position 8235: top1=24 top2=19 v1=30.875000 v2=16.375000 margin=14.500000
qwen35 debug logits position 8236: top1=15 top2=21 v1=29.125000 v2=17.625000 margin=11.500000
qwen35 debug logits position 8237: top1=1 top2=487 v1=29.125000 v2=24.375000 margin=4.750000
qwen35 debug logits position 8238: top1=321 top2=1179 v1=33.000000 v2=25.375000 margin=7.625000
qwen35 debug logits position 8239: top1=1179 top2=29865 v1=40.750000 v2=22.750000 margin=18.000000
qwen35 debug logits position 8240: top1=29865 top2=2962 v1=31.500000 v2=29.625000 margin=1.875000
qwen35 debug logits position 8241: top1=2468 top2=100627 v1=35.750000 v2=22.750000 margin=13.000000
qwen35 debug logits position 8242: top1=279 top2=328 v1=33.000000 v2=23.875000 margin=9.125000
qwen35 debug logits position 8243: top1=3299 top2=4105 v1=35.500000 v2=22.875000 margin=12.625000
qwen35 debug logits position 8244: top1=328 top2=27502 v1=37.000000 v2=18.625000 margin=18.375000
qwen35 debug logits position 8245: top1=76471 top2=27502 v1=34.500000 v2=22.250000 margin=12.250000
qwen35 debug logits position 8246: top1=3158 top2=1 v1=30.125000 v2=24.500000 margin=5.625000
qwen35 debug logits position 8247: top1=271 top2=1061 v1=26.500000 v2=26.375000 margin=0.125000
qwen35 debug logits position 8248: top1=9764 top2=1919 v1=30.875000 v2=29.500000 margin=1.375000
qwen35 debug logits position 8249: top1=728 top2=311 v1=35.500000 v2=20.875000 margin=14.625000
qwen35 debug logits position 8250: top1=1732 top2=311 v1=28.125000 v2=28.000000 margin=0.125000
qwen35 debug logits position 8251: top1=279 top2=411 v1=32.750000 v2=30.125000 margin=2.625000
qwen35 debug logits position 8252: top1=10895 top2=7359 v1=35.000000 v2=32.500000 margin=2.500000
qwen35 debug logits position 8253: top1=6681 top2=25 v1=29.250000 v2=29.125000 margin=0.125000
qwen35 debug logits position 8254: top1=25 top2=430 v1=31.875000 v2=31.000000 margin=0.875000
qwen35 debug logits position 8255: top1=198 top2=1118 v1=28.875000 v2=25.125000 margin=3.750000
qwen35 debug logits position 8256: top1=16 top2=12 v1=35.500000 v2=22.375000 margin=13.125000
qwen35 debug logits position 8257: top1=13 top2=5339 v1=33.750000 v2=15.750000 margin=18.000000
qwen35 debug logits position 8258: top1=5339 top2=8984 v1=32.000000 v2=29.750000 margin=2.250000
qwen35 debug logits position 8259: top1=2468 top2=11 v1=37.000000 v2=26.375000 margin=10.625000
qwen35 debug logits position 8260: top1=25 top2=328 v1=26.625000 v2=24.500000 margin=2.125000
qwen35 debug logits position 8261: top1=9806 top2=328 v1=31.250000 v2=22.000000 margin=9.250000
qwen35 debug logits position 8262: top1=55 top2=48 v1=30.750000 v2=15.375000 margin=15.375000
qwen35 debug logits position 8263: top1=35205 top2=69046 v1=32.750000 v2=21.125000 margin=11.625000
qwen35 debug logits position 8264: top1=27325 top2=15377 v1=33.500000 v2=18.500000 margin=15.000000
qwen35 debug logits position 8265: top1=54 top2=48 v1=27.125000 v2=19.750000 margin=7.375000
qwen35 debug logits position 8266: top1=923 top2=1762 v1=33.250000 v2=17.250000 margin=16.000000
qwen35 debug logits position 8267: top1=18 top2=19 v1=28.500000 v2=15.062500 margin=13.437500
qwen35 debug logits position 8268: top1=23 top2=24 v1=32.750000 v2=18.750000 margin=14.000000
qwen35 debug logits position 8269: top1=12 top2=20819 v1=31.875000 v2=15.625000 margin=16.250000
qwen35 debug logits position 8270: top1=19 top2=18 v1=30.250000 v2=17.000000 margin=13.250000
qwen35 debug logits position 8271: top1=15 top2=16 v1=27.750000 v2=13.187500 margin=14.562500
qwen35 debug logits position 8272: top1=24 top2=19 v1=26.125000 v2=12.625000 margin=13.500000
qwen35 debug logits position 8273: top1=15 top2=21 v1=28.500000 v2=14.750000 margin=13.750000
qwen35 debug logits position 8274: top1=198 top2=318 v1=29.625000 v2=14.625000 margin=15.000000
qwen35 debug logits position 8275: top1=17 top2=248069 v1=32.250000 v2=19.375000 margin=12.875000
qwen35 debug logits position 8276: top1=13 top2=4844 v1=37.750000 v2=21.875000 margin=15.875000
qwen35 debug logits position 8277: top1=4844 top2=11861 v1=38.250000 v2=24.750000 margin=13.500000
qwen35 debug logits position 8278: top1=29865 top2=2962 v1=32.750000 v2=27.000000 margin=5.750000
qwen35 debug logits position 8279: top1=2468 top2=100627 v1=38.250000 v2=23.000000 margin=15.250000
qwen35 debug logits position 8280: top1=25 top2=279 v1=32.750000 v2=32.750000 margin=0.000000
qwen35 debug logits position 8281: top1=3299 top2=4105 v1=36.500000 v2=23.000000 margin=13.500000
qwen35 debug logits position 8282: top1=328 top2=25 v1=31.375000 v2=29.125000 margin=2.250000
qwen35 debug logits position 8283: top1=76471 top2=27502 v1=37.000000 v2=23.250000 margin=13.750000
qwen35 debug logits position 8284: top1=1 top2=3158 v1=32.000000 v2=22.000000 margin=10.000000
qwen35 debug logits position 8285: top1=271 top2=198 v1=29.250000 v2=22.875000 margin=6.375000
qwen35 debug logits position 8286: top1=760 top2=40 v1=29.875000 v2=28.875000 margin=1.000000
qwen35 debug logits position 8287: top1=7359 top2=1156 v1=26.875000 v2=25.875000 margin=1.000000
qwen35 debug logits position 8288: top1=2640 top2=369 v1=32.250000 v2=25.000000 margin=7.250000
qwen35 debug logits position 8289: top1=328 top2=310 v1=31.125000 v2=23.750000 margin=7.375000
qwen35 debug logits position 8290: top1=97709 top2=96218 v1=27.250000 v2=23.000000 margin=4.250000
qwen35 debug logits position 8291: top1=100627 top2=96854 v1=36.250000 v2=22.375000 margin=13.875000
qwen35 debug logits position 8292: top1=110211 top2=1 v1=27.500000 v2=23.125000 margin=4.375000
qwen35 debug logits position 8293: top1=27502 top2=76471 v1=31.000000 v2=22.000000 margin=9.000000
qwen35 debug logits position 8294: top1=1 top2=487 v1=33.500000 v2=24.500000 margin=9.000000
qwen35 debug logits position 8295: top1=864 top2=7063 v1=37.500000 v2=26.500000 margin=11.000000
qwen35 debug logits position 8296: top1=3254 top2=44679 v1=40.750000 v2=23.875000 margin=16.875000
qwen35 debug logits position 8297: top1=328 top2=29865 v1=35.250000 v2=26.875000 margin=8.375000
qwen35 debug logits position 8298: top1=20663 top2=9252 v1=35.750000 v2=29.750000 margin=6.000000
qwen35 debug logits position 8299: top1=63421 top2=1769 v1=41.500000 v2=29.125000 margin=12.375000
qwen35 debug logits position 8300: top1=2468 top2=45447 v1=36.500000 v2=22.625000 margin=13.875000
qwen35 debug logits position 8301: top1=279 top2=1719 v1=38.000000 v2=19.250000 margin=18.750000
qwen35 debug logits position 8302: top1=3299 top2=4105 v1=37.000000 v2=22.375000 margin=14.625000
qwen35 debug logits position 8303: top1=27502 top2=359 v1=31.875000 v2=27.500000 margin=4.375000
qwen35 debug logits position 8304: top1=3158 top2=1149 v1=31.875000 v2=30.000000 margin=1.875000
qwen35 debug logits position 8305: top1=353 top2=1061 v1=29.125000 v2=24.875000 margin=4.250000
qwen35 debug logits position 8306: top1=3172 top2=1220 v1=34.000000 v2=25.750000 margin=8.250000
qwen35 debug logits position 8307: top1=2468 top2=635 v1=32.750000 v2=24.250000 margin=8.500000
qwen35 debug logits position 8308: top1=424 top2=279 v1=27.750000 v2=25.750000 margin=2.000000
qwen35 debug logits position 8309: top1=264 top2=3679 v1=30.375000 v2=28.250000 margin=2.125000
qwen35 debug logits position 8310: top1=12891 top2=2342 v1=32.750000 v2=29.500000 margin=3.250000
qwen35 debug logits position 8311: top1=1324 top2=3946 v1=35.500000 v2=20.750000 margin=14.750000
qwen35 debug logits position 8312: top1=314 top2=2942 v1=35.500000 v2=20.375000 margin=15.125000
qwen35 debug logits position 8313: top1=2942 top2=35086 v1=38.000000 v2=21.625000 margin=16.375000
qwen35 debug logits position 8314: top1=13 top2=310 v1=28.000000 v2=27.875000 margin=0.125000
qwen35 debug logits position 8315: top1=198 top2=271 v1=29.500000 v2=22.750000 margin=6.750000
qwen35 debug logits position 8316: top1=248069 top2=510 v1=35.750000 v2=20.125000 margin=15.625000
qwen35 debug logits position 8317: top1=271 top2=198 v1=41.500000 v2=20.000000 margin=21.500000
qwen35 debug logits position 8318: top1=2456 top2=9806 v1=34.750000 v2=19.125000 margin=15.625000
qwen35 debug logits position 8319: top1=55 top2=48 v1=30.125000 v2=15.187500 margin=14.937500
qwen35 debug hidden embedding position 7: min=-0.0563965 max=0.0583496 mean_abs=0.0125982
qwen35 debug hidden embedding position 35: min=-0.0510254 max=0.0529785 mean_abs=0.0121317
qwen35 debug hidden layer-000 position 7: min=-0.5625000 max=16.7500000 mean_abs=0.0586561
qwen35 debug hidden layer-000 position 35: min=-0.4433594 max=18.5000000 mean_abs=0.0616098
qwen35 debug hidden layer-003 position 7: min=-2.5937500 max=32.0000000 mean_abs=0.1003231
qwen35 debug hidden layer-003 position 35: min=-2.2968750 max=30.2500000 mean_abs=0.0919208
qwen35 debug hidden layer-031 position 7: min=-17.5000000 max=69.0000000 mean_abs=0.4904949
qwen35 debug hidden layer-031 position 35: min=-16.5000000 max=63.5000000 mean_abs=0.6145525
qwen35 debug hidden layer-032 position 7: min=-17.7500000 max=62.2500000 mean_abs=0.4821762
qwen35 debug hidden layer-032 position 35: min=-16.2500000 max=60.7500000 mean_abs=0.6198981
qwen35 debug hidden layer-060 position 7: min=-35.5000000 max=164.0000000 mean_abs=2.3281907
qwen35 debug hidden layer-060 position 35: min=-36.7500000 max=160.0000000 mean_abs=2.2837415
qwen35 debug hidden layer-063 position 7: min=-81.0000000 max=67.5000000 mean_abs=3.3108679
qwen35 debug hidden layer-063 position 35: min=-52.0000000 max=101.0000000 mean_abs=3.5931090
qwen35 debug hidden embedding position 83: min=-0.0610352 max=0.0703125 mean_abs=0.0127159
qwen35 debug hidden layer-000 position 83: min=-0.3828125 max=17.2500000 mean_abs=0.0492306
qwen35 debug hidden layer-003 position 83: min=-1.5937500 max=28.7500000 mean_abs=0.0973751
qwen35 debug hidden layer-031 position 83: min=-11.7500000 max=70.0000000 mean_abs=0.5294919
qwen35 debug hidden layer-032 position 83: min=-11.7500000 max=67.5000000 mean_abs=0.5353484
qwen35 debug hidden layer-060 position 83: min=-30.1250000 max=172.0000000 mean_abs=2.3055001
qwen35 debug hidden layer-063 position 83: min=-84.0000000 max=119.0000000 mean_abs=3.7405390
qwen35 debug logits position 0: top1=2456 top2=76471 v1=22.250000 v2=15.125000 margin=7.125000
qwen35 debug logits position 8193: top1=55 top2=48 v1=25.750000 v2=13.750000 margin=12.000000
qwen35 debug logits position 8194: top1=35205 top2=69046 v1=29.375000 v2=18.000000 margin=11.375000
qwen35 debug logits position 8195: top1=27325 top2=12 v1=24.125000 v2=14.187500 margin=9.937500
qwen35 debug logits position 8196: top1=54 top2=48 v1=23.500000 v2=15.437500 margin=8.062500
qwen35 debug logits position 8197: top1=923 top2=268 v1=26.375000 v2=13.437500 margin=12.937500
qwen35 debug logits position 8198: top1=18 top2=248046 v1=23.375000 v2=12.437500 margin=10.937500
qwen35 debug logits position 8199: top1=23 top2=12 v1=26.250000 v2=14.250000 margin=12.000000
qwen35 debug logits position 8200: top1=12 top2=19 v1=21.125000 v2=12.375000 margin=8.750000
qwen35 debug logits position 8201: top1=19 top2=15 v1=22.875000 v2=12.187500 margin=10.687500
qwen35 debug logits position 8202: top1=15 top2=248046 v1=22.750000 v2=11.500000 margin=11.250000
qwen35 debug logits position 8203: top1=24 top2=23 v1=22.375000 v2=10.312500 margin=12.062500
qwen35 debug logits position 8204: top1=15 top2=198 v1=24.250000 v2=14.500000 margin=9.750000
qwen35 debug logits position 8205: top1=198 top2=27502 v1=19.125000 v2=18.875000 margin=0.250000
qwen35 debug logits position 8206: top1=76471 top2=2456 v1=21.000000 v2=15.500000 margin=5.500000
qwen35 debug logits position 8207: top1=248046 top2=198 v1=21.125000 v2=19.000000 margin=2.125000
qwen35 debug logits position 8208: top1=198 top2=248044 v1=28.750000 v2=10.875000 margin=17.875000
qwen35 debug logits position 8209: top1=248044 top2=248045 v1=30.000000 v2=19.750000 margin=10.250000
qwen35 debug logits position 8210: top1=248045 top2=248044 v1=26.375000 v2=17.125000 margin=9.250000
qwen35 debug logits position 8211: top1=248045 top2=248046 v1=30.500000 v2=20.875000 margin=9.625000
qwen35 debug logits position 8212: top1=248045 top2=248068 v1=29.000000 v2=18.875000 margin=10.125000
qwen35 debug logits position 8213: top1=248068 top2=248046 v1=21.875000 v2=21.125000 margin=0.750000
qwen35 debug logits position 8214: top1=198 top2=271 v1=28.500000 v2=27.875000 margin=0.625000
qwen35 debug logits position 8215: top1=760 top2=97237 v1=26.500000 v2=20.750000 margin=5.750000
qwen35 debug logits position 8216: top1=1156 top2=97237 v1=32.250000 v2=17.625000 margin=14.625000
qwen35 debug logits position 8217: top1=369 top2=579 v1=28.875000 v2=23.750000 margin=5.125000
qwen35 debug logits position 8218: top1=9859 top2=4313 v1=31.750000 v2=22.375000 margin=9.375000
qwen35 debug logits position 8219: top1=728 top2=264 v1=30.250000 v2=17.375000 margin=12.875000
qwen35 debug logits position 8220: top1=310 top2=1118 v1=31.000000 v2=17.375000 margin=13.625000
qwen35 debug logits position 8221: top1=1118 top2=2468 v1=27.625000 v2=27.500000 margin=0.125000
qwen35 debug logits position 8222: top1=2468 top2=1301 v1=31.125000 v2=24.000000 margin=7.125000
qwen35 debug logits position 8223: top1=328 top2=279 v1=31.375000 v2=25.750000 margin=5.625000
qwen35 debug logits position 8224: top1=2456 top2=76471 v1=30.250000 v2=16.125000 margin=14.125000
qwen35 debug logits position 8225: top1=55 top2=5955 v1=29.750000 v2=16.125000 margin=13.625000
qwen35 debug logits position 8226: top1=35205 top2=37163 v1=32.250000 v2=20.375000 margin=11.875000
qwen35 debug logits position 8227: top1=27325 top2=12 v1=28.125000 v2=16.625000 margin=11.500000
qwen35 debug logits position 8228: top1=54 top2=48 v1=26.500000 v2=17.625000 margin=8.875000
qwen35 debug logits position 8229: top1=923 top2=1642 v1=32.500000 v2=16.375000 margin=16.125000
qwen35 debug logits position 8230: top1=18 top2=19 v1=29.250000 v2=17.500000 margin=11.750000
qwen35 debug logits position 8231: top1=23 top2=24 v1=30.250000 v2=17.500000 margin=12.750000
qwen35 debug logits position 8232: top1=12 top2=19 v1=25.250000 v2=13.187500 margin=12.062500
qwen35 debug logits position 8233: top1=19 top2=18 v1=29.875000 v2=18.625000 margin=11.250000
qwen35 debug logits position 8234: top1=15 top2=23 v1=29.250000 v2=15.062500 margin=14.187500
qwen35 debug logits position 8235: top1=24 top2=19 v1=30.875000 v2=16.375000 margin=14.500000
qwen35 debug logits position 8236: top1=15 top2=21 v1=29.125000 v2=17.625000 margin=11.500000
qwen35 debug logits position 8237: top1=1 top2=487 v1=29.125000 v2=24.375000 margin=4.750000
qwen35 debug logits position 8238: top1=321 top2=1179 v1=33.000000 v2=25.375000 margin=7.625000
qwen35 debug logits position 8239: top1=1179 top2=29865 v1=40.750000 v2=22.750000 margin=18.000000
qwen35 debug logits position 8240: top1=29865 top2=2962 v1=31.500000 v2=29.625000 margin=1.875000
qwen35 debug logits position 8241: top1=2468 top2=100627 v1=35.750000 v2=22.750000 margin=13.000000
qwen35 debug logits position 8242: top1=279 top2=328 v1=33.000000 v2=23.875000 margin=9.125000
qwen35 debug logits position 8243: top1=3299 top2=4105 v1=35.500000 v2=22.875000 margin=12.625000
qwen35 debug logits position 8244: top1=328 top2=27502 v1=37.000000 v2=18.625000 margin=18.375000
qwen35 debug logits position 8245: top1=76471 top2=27502 v1=34.500000 v2=22.250000 margin=12.250000
qwen35 debug logits position 8246: top1=3158 top2=1 v1=30.125000 v2=24.500000 margin=5.625000
qwen35 debug logits position 8247: top1=271 top2=1061 v1=26.500000 v2=26.375000 margin=0.125000
qwen35 debug logits position 8248: top1=9764 top2=1919 v1=30.875000 v2=29.500000 margin=1.375000
qwen35 debug logits position 8249: top1=728 top2=311 v1=35.500000 v2=20.875000 margin=14.625000
qwen35 debug logits position 8250: top1=1732 top2=311 v1=28.125000 v2=28.000000 margin=0.125000
qwen35 debug logits position 8251: top1=279 top2=411 v1=32.750000 v2=30.125000 margin=2.625000
qwen35 debug logits position 8252: top1=10895 top2=7359 v1=35.000000 v2=32.500000 margin=2.500000
qwen35 debug logits position 8253: top1=6681 top2=25 v1=29.250000 v2=29.125000 margin=0.125000
qwen35 debug logits position 8254: top1=25 top2=430 v1=31.875000 v2=31.000000 margin=0.875000
qwen35 debug logits position 8255: top1=198 top2=1118 v1=28.875000 v2=25.125000 margin=3.750000
qwen35 debug logits position 8256: top1=16 top2=12 v1=35.500000 v2=22.375000 margin=13.125000
qwen35 debug logits position 8257: top1=13 top2=5339 v1=33.750000 v2=15.750000 margin=18.000000
qwen35 debug logits position 8258: top1=5339 top2=8984 v1=32.000000 v2=29.750000 margin=2.250000
qwen35 debug logits position 8259: top1=2468 top2=11 v1=37.000000 v2=26.375000 margin=10.625000
qwen35 debug logits position 8260: top1=25 top2=328 v1=26.625000 v2=24.500000 margin=2.125000
qwen35 debug logits position 8261: top1=9806 top2=328 v1=31.250000 v2=22.000000 margin=9.250000
qwen35 debug logits position 8262: top1=55 top2=48 v1=30.750000 v2=15.375000 margin=15.375000
qwen35 debug logits position 8263: top1=35205 top2=69046 v1=32.750000 v2=21.125000 margin=11.625000
qwen35 debug logits position 8264: top1=27325 top2=15377 v1=33.500000 v2=18.500000 margin=15.000000
qwen35 debug logits position 8265: top1=54 top2=48 v1=27.125000 v2=19.750000 margin=7.375000
qwen35 debug logits position 8266: top1=923 top2=1762 v1=33.250000 v2=17.250000 margin=16.000000
qwen35 debug logits position 8267: top1=18 top2=19 v1=28.500000 v2=15.062500 margin=13.437500
qwen35 debug logits position 8268: top1=23 top2=24 v1=32.750000 v2=18.750000 margin=14.000000
qwen35 debug logits position 8269: top1=12 top2=20819 v1=31.875000 v2=15.625000 margin=16.250000
qwen35 debug logits position 8270: top1=19 top2=18 v1=30.250000 v2=17.000000 margin=13.250000
qwen35 debug logits position 8271: top1=15 top2=16 v1=27.750000 v2=13.187500 margin=14.562500
qwen35 debug logits position 8272: top1=24 top2=19 v1=26.125000 v2=12.625000 margin=13.500000
qwen35 debug logits position 8273: top1=15 top2=21 v1=28.500000 v2=14.750000 margin=13.750000
qwen35 debug logits position 8274: top1=198 top2=318 v1=29.625000 v2=14.625000 margin=15.000000
qwen35 debug logits position 8275: top1=17 top2=248069 v1=32.250000 v2=19.375000 margin=12.875000
qwen35 debug logits position 8276: top1=13 top2=4844 v1=37.750000 v2=21.875000 margin=15.875000
qwen35 debug logits position 8277: top1=4844 top2=11861 v1=38.250000 v2=24.750000 margin=13.500000
qwen35 debug logits position 8278: top1=29865 top2=2962 v1=32.750000 v2=27.000000 margin=5.750000
qwen35 debug logits position 8279: top1=2468 top2=100627 v1=38.250000 v2=23.000000 margin=15.250000
qwen35 debug logits position 8280: top1=25 top2=279 v1=32.750000 v2=32.750000 margin=0.000000
qwen35 debug logits position 8281: top1=3299 top2=4105 v1=36.500000 v2=23.000000 margin=13.500000
qwen35 debug logits position 8282: top1=328 top2=25 v1=31.375000 v2=29.125000 margin=2.250000
qwen35 debug logits position 8283: top1=76471 top2=27502 v1=37.000000 v2=23.250000 margin=13.750000
qwen35 debug logits position 8284: top1=1 top2=3158 v1=32.000000 v2=22.000000 margin=10.000000
qwen35 debug logits position 8285: top1=271 top2=198 v1=29.250000 v2=22.875000 margin=6.375000
qwen35 debug logits position 8286: top1=760 top2=40 v1=29.875000 v2=28.875000 margin=1.000000
qwen35 debug logits position 8287: top1=7359 top2=1156 v1=26.875000 v2=25.875000 margin=1.000000
qwen35 debug logits position 8288: top1=2640 top2=369 v1=32.250000 v2=25.000000 margin=7.250000
qwen35 debug logits position 8289: top1=328 top2=310 v1=31.125000 v2=23.750000 margin=7.375000
qwen35 debug logits position 8290: top1=97709 top2=96218 v1=27.250000 v2=23.000000 margin=4.250000
qwen35 debug logits position 8291: top1=100627 top2=96854 v1=36.250000 v2=22.375000 margin=13.875000
qwen35 debug logits position 8292: top1=110211 top2=1 v1=27.500000 v2=23.125000 margin=4.375000
qwen35 debug logits position 8293: top1=27502 top2=76471 v1=31.000000 v2=22.000000 margin=9.000000
qwen35 debug logits position 8294: top1=1 top2=487 v1=33.500000 v2=24.500000 margin=9.000000
qwen35 debug logits position 8295: top1=864 top2=7063 v1=37.500000 v2=26.500000 margin=11.000000
qwen35 debug logits position 8296: top1=3254 top2=44679 v1=40.750000 v2=23.875000 margin=16.875000
qwen35 debug logits position 8297: top1=328 top2=29865 v1=35.250000 v2=26.875000 margin=8.375000
qwen35 debug logits position 8298: top1=20663 top2=9252 v1=35.750000 v2=29.750000 margin=6.000000
qwen35 debug logits position 8299: top1=63421 top2=1769 v1=41.500000 v2=29.125000 margin=12.375000
qwen35 debug logits position 8300: top1=2468 top2=45447 v1=36.500000 v2=22.625000 margin=13.875000
qwen35 debug logits position 8301: top1=279 top2=1719 v1=38.000000 v2=19.250000 margin=18.750000
qwen35 debug logits position 8302: top1=3299 top2=4105 v1=37.000000 v2=22.375000 margin=14.625000
qwen35 debug logits position 8303: top1=27502 top2=359 v1=31.875000 v2=27.500000 margin=4.375000
qwen35 debug logits position 8304: top1=3158 top2=1149 v1=31.875000 v2=30.000000 margin=1.875000
qwen35 debug logits position 8305: top1=353 top2=1061 v1=29.125000 v2=24.875000 margin=4.250000
qwen35 debug logits position 8306: top1=3172 top2=1220 v1=34.000000 v2=25.750000 margin=8.250000
qwen35 debug logits position 8307: top1=2468 top2=635 v1=32.750000 v2=24.250000 margin=8.500000
qwen35 debug logits position 8308: top1=424 top2=279 v1=27.750000 v2=25.750000 margin=2.000000
qwen35 debug logits position 8309: top1=264 top2=3679 v1=30.375000 v2=28.250000 margin=2.125000
qwen35 debug logits position 8310: top1=12891 top2=2342 v1=32.750000 v2=29.500000 margin=3.250000
qwen35 debug logits position 8311: top1=1324 top2=3946 v1=35.500000 v2=20.750000 margin=14.750000
qwen35 debug logits position 8312: top1=314 top2=2942 v1=35.500000 v2=20.375000 margin=15.125000
qwen35 debug logits position 8313: top1=2942 top2=35086 v1=38.000000 v2=21.625000 margin=16.375000
qwen35 debug logits position 8314: top1=13 top2=310 v1=28.000000 v2=27.875000 margin=0.125000
qwen35 debug logits position 8315: top1=198 top2=271 v1=29.500000 v2=22.750000 margin=6.750000
qwen35 debug logits position 8316: top1=248069 top2=510 v1=35.750000 v2=20.125000 margin=15.625000
qwen35 debug logits position 8317: top1=271 top2=198 v1=41.500000 v2=20.000000 margin=21.500000
qwen35 debug logits position 8318: top1=2456 top2=9806 v1=34.750000 v2=19.125000 margin=15.625000
qwen35 debug logits position 8319: top1=55 top2=48 v1=30.125000 v2=15.187500 margin=14.937500
qwen35 debug hidden embedding position 7: min=-0.0563965 max=0.0583496 mean_abs=0.0125982
qwen35 debug hidden embedding position 35: min=-0.0510254 max=0.0529785 mean_abs=0.0121317
qwen35 debug hidden layer-000 position 7: min=-0.5625000 max=16.7500000 mean_abs=0.0586561
qwen35 debug hidden layer-000 position 35: min=-0.4433594 max=18.5000000 mean_abs=0.0616098
qwen35 debug hidden layer-003 position 7: min=-2.5937500 max=32.0000000 mean_abs=0.1003231
qwen35 debug hidden layer-003 position 35: min=-2.2968750 max=30.2500000 mean_abs=0.0919208
qwen35 debug hidden layer-031 position 7: min=-17.5000000 max=69.0000000 mean_abs=0.4904949
qwen35 debug hidden layer-031 position 35: min=-16.5000000 max=63.5000000 mean_abs=0.6145525
qwen35 debug hidden layer-032 position 7: min=-17.7500000 max=62.2500000 mean_abs=0.4821762
qwen35 debug hidden layer-032 position 35: min=-16.2500000 max=60.7500000 mean_abs=0.6198981
qwen35 debug hidden layer-060 position 7: min=-35.5000000 max=164.0000000 mean_abs=2.3281907
qwen35 debug hidden layer-060 position 35: min=-36.7500000 max=160.0000000 mean_abs=2.2837415
qwen35 debug hidden layer-063 position 7: min=-81.0000000 max=67.5000000 mean_abs=3.3108679
qwen35 debug hidden layer-063 position 35: min=-52.0000000 max=101.0000000 mean_abs=3.5931090
qwen35 debug hidden embedding position 83: min=-0.0610352 max=0.0703125 mean_abs=0.0127159
qwen35 debug hidden layer-000 position 83: min=-0.3828125 max=17.2500000 mean_abs=0.0492306
qwen35 debug hidden layer-003 position 83: min=-1.5937500 max=28.7500000 mean_abs=0.0973751
qwen35 debug hidden layer-031 position 83: min=-11.7500000 max=70.0000000 mean_abs=0.5294919
qwen35 debug hidden layer-032 position 83: min=-11.7500000 max=67.5000000 mean_abs=0.5353484
qwen35 debug hidden layer-060 position 83: min=-30.1250000 max=172.0000000 mean_abs=2.3055001
qwen35 debug hidden layer-063 position 83: min=-84.0000000 max=119.0000000 mean_abs=3.7405390
qwen35 debug logits position 0: top1=2456 top2=76471 v1=22.250000 v2=15.125000 margin=7.125000
qwen35 debug logits position 8193: top1=55 top2=48 v1=25.750000 v2=13.750000 margin=12.000000
qwen35 debug logits position 8194: top1=35205 top2=69046 v1=29.375000 v2=18.000000 margin=11.375000
qwen35 debug logits position 8195: top1=27325 top2=12 v1=24.125000 v2=14.187500 margin=9.937500
qwen35 debug logits position 8196: top1=54 top2=48 v1=23.500000 v2=15.437500 margin=8.062500
qwen35 debug logits position 8197: top1=923 top2=268 v1=26.375000 v2=13.437500 margin=12.937500
qwen35 debug logits position 8198: top1=18 top2=248046 v1=23.375000 v2=12.437500 margin=10.937500
qwen35 debug logits position 8199: top1=23 top2=12 v1=26.250000 v2=14.250000 margin=12.000000
qwen35 debug logits position 8200: top1=12 top2=19 v1=21.125000 v2=12.375000 margin=8.750000
qwen35 debug logits position 8201: top1=19 top2=15 v1=22.875000 v2=12.187500 margin=10.687500
qwen35 debug logits position 8202: top1=15 top2=248046 v1=22.750000 v2=11.500000 margin=11.250000
qwen35 debug logits position 8203: top1=24 top2=23 v1=22.375000 v2=10.312500 margin=12.062500
qwen35 debug logits position 8204: top1=15 top2=198 v1=24.250000 v2=14.500000 margin=9.750000
qwen35 debug logits position 8205: top1=198 top2=27502 v1=19.125000 v2=18.875000 margin=0.250000
qwen35 debug logits position 8206: top1=76471 top2=2456 v1=21.000000 v2=15.500000 margin=5.500000
qwen35 debug logits position 8207: top1=248046 top2=198 v1=21.125000 v2=19.000000 margin=2.125000
qwen35 debug logits position 8208: top1=198 top2=248044 v1=28.750000 v2=10.875000 margin=17.875000
qwen35 debug logits position 8209: top1=248044 top2=248045 v1=30.000000 v2=19.750000 margin=10.250000
qwen35 debug logits position 8210: top1=248045 top2=248044 v1=26.375000 v2=17.125000 margin=9.250000
qwen35 debug logits position 8211: top1=248045 top2=248046 v1=30.500000 v2=20.875000 margin=9.625000
qwen35 debug logits position 8212: top1=248045 top2=248068 v1=29.000000 v2=18.875000 margin=10.125000
qwen35 debug logits position 8213: top1=248068 top2=248046 v1=21.875000 v2=21.125000 margin=0.750000
qwen35 debug logits position 8214: top1=198 top2=271 v1=28.500000 v2=27.875000 margin=0.625000
qwen35 debug logits position 8215: top1=760 top2=97237 v1=26.500000 v2=20.750000 margin=5.750000
qwen35 debug logits position 8216: top1=1156 top2=97237 v1=32.250000 v2=17.625000 margin=14.625000
qwen35 debug logits position 8217: top1=369 top2=579 v1=28.875000 v2=23.750000 margin=5.125000
qwen35 debug logits position 8218: top1=9859 top2=4313 v1=31.750000 v2=22.375000 margin=9.375000
qwen35 debug logits position 8219: top1=728 top2=264 v1=30.250000 v2=17.375000 margin=12.875000
qwen35 debug logits position 8220: top1=310 top2=1118 v1=31.000000 v2=17.375000 margin=13.625000
qwen35 debug logits position 8221: top1=1118 top2=2468 v1=27.625000 v2=27.500000 margin=0.125000
qwen35 debug logits position 8222: top1=2468 top2=1301 v1=31.125000 v2=24.000000 margin=7.125000
qwen35 debug logits position 8223: top1=328 top2=279 v1=31.375000 v2=25.750000 margin=5.625000
qwen35 debug logits position 8224: top1=2456 top2=76471 v1=30.250000 v2=16.125000 margin=14.125000
qwen35 debug logits position 8225: top1=55 top2=5955 v1=29.750000 v2=16.125000 margin=13.625000
qwen35 debug logits position 8226: top1=35205 top2=37163 v1=32.250000 v2=20.375000 margin=11.875000
qwen35 debug logits position 8227: top1=27325 top2=12 v1=28.125000 v2=16.625000 margin=11.500000
qwen35 debug logits position 8228: top1=54 top2=48 v1=26.500000 v2=17.625000 margin=8.875000
qwen35 debug logits position 8229: top1=923 top2=1642 v1=32.500000 v2=16.375000 margin=16.125000
qwen35 debug logits position 8230: top1=18 top2=19 v1=29.250000 v2=17.500000 margin=11.750000
qwen35 debug logits position 8231: top1=23 top2=24 v1=30.250000 v2=17.500000 margin=12.750000
qwen35 debug logits position 8232: top1=12 top2=19 v1=25.250000 v2=13.187500 margin=12.062500
qwen35 debug logits position 8233: top1=19 top2=18 v1=29.875000 v2=18.625000 margin=11.250000
qwen35 debug logits position 8234: top1=15 top2=23 v1=29.250000 v2=15.062500 margin=14.187500
qwen35 debug logits position 8235: top1=24 top2=19 v1=30.875000 v2=16.375000 margin=14.500000
qwen35 debug logits position 8236: top1=15 top2=21 v1=29.125000 v2=17.625000 margin=11.500000
qwen35 debug logits position 8237: top1=1 top2=487 v1=29.125000 v2=24.375000 margin=4.750000
qwen35 debug logits position 8238: top1=321 top2=1179 v1=33.000000 v2=25.375000 margin=7.625000
qwen35 debug logits position 8239: top1=1179 top2=29865 v1=40.750000 v2=22.750000 margin=18.000000
qwen35 debug logits position 8240: top1=29865 top2=2962 v1=31.500000 v2=29.625000 margin=1.875000
qwen35 debug logits position 8241: top1=2468 top2=100627 v1=35.750000 v2=22.750000 margin=13.000000
qwen35 debug logits position 8242: top1=279 top2=328 v1=33.000000 v2=23.875000 margin=9.125000
qwen35 debug logits position 8243: top1=3299 top2=4105 v1=35.500000 v2=22.875000 margin=12.625000
qwen35 debug logits position 8244: top1=328 top2=27502 v1=37.000000 v2=18.625000 margin=18.375000
qwen35 debug logits position 8245: top1=76471 top2=27502 v1=34.500000 v2=22.250000 margin=12.250000
qwen35 debug logits position 8246: top1=3158 top2=1 v1=30.125000 v2=24.500000 margin=5.625000
qwen35 debug logits position 8247: top1=271 top2=1061 v1=26.500000 v2=26.375000 margin=0.125000
qwen35 debug logits position 8248: top1=9764 top2=1919 v1=30.875000 v2=29.500000 margin=1.375000
qwen35 debug logits position 8249: top1=728 top2=311 v1=35.500000 v2=20.875000 margin=14.625000
qwen35 debug logits position 8250: top1=1732 top2=311 v1=28.125000 v2=28.000000 margin=0.125000
qwen35 debug logits position 8251: top1=279 top2=411 v1=32.750000 v2=30.125000 margin=2.625000
qwen35 debug logits position 8252: top1=10895 top2=7359 v1=35.000000 v2=32.500000 margin=2.500000
qwen35 debug logits position 8253: top1=6681 top2=25 v1=29.250000 v2=29.125000 margin=0.125000
qwen35 debug logits position 8254: top1=25 top2=430 v1=31.875000 v2=31.000000 margin=0.875000
qwen35 debug logits position 8255: top1=198 top2=1118 v1=28.875000 v2=25.125000 margin=3.750000
qwen35 debug logits position 8256: top1=16 top2=12 v1=35.500000 v2=22.375000 margin=13.125000
qwen35 debug logits position 8257: top1=13 top2=5339 v1=33.750000 v2=15.750000 margin=18.000000
qwen35 debug logits position 8258: top1=5339 top2=8984 v1=32.000000 v2=29.750000 margin=2.250000
qwen35 debug logits position 8259: top1=2468 top2=11 v1=37.000000 v2=26.375000 margin=10.625000
qwen35 debug logits position 8260: top1=25 top2=328 v1=26.625000 v2=24.500000 margin=2.125000
qwen35 debug logits position 8261: top1=9806 top2=328 v1=31.250000 v2=22.000000 margin=9.250000
qwen35 debug logits position 8262: top1=55 top2=48 v1=30.750000 v2=15.375000 margin=15.375000
qwen35 debug logits position 8263: top1=35205 top2=69046 v1=32.750000 v2=21.125000 margin=11.625000
qwen35 debug logits position 8264: top1=27325 top2=15377 v1=33.500000 v2=18.500000 margin=15.000000
qwen35 debug logits position 8265: top1=54 top2=48 v1=27.125000 v2=19.750000 margin=7.375000
qwen35 debug logits position 8266: top1=923 top2=1762 v1=33.250000 v2=17.250000 margin=16.000000
qwen35 debug logits position 8267: top1=18 top2=19 v1=28.500000 v2=15.062500 margin=13.437500
qwen35 debug logits position 8268: top1=23 top2=24 v1=32.750000 v2=18.750000 margin=14.000000
qwen35 debug logits position 8269: top1=12 top2=20819 v1=31.875000 v2=15.625000 margin=16.250000
qwen35 debug logits position 8270: top1=19 top2=18 v1=30.250000 v2=17.000000 margin=13.250000
qwen35 debug logits position 8271: top1=15 top2=16 v1=27.750000 v2=13.187500 margin=14.562500
qwen35 debug logits position 8272: top1=24 top2=19 v1=26.125000 v2=12.625000 margin=13.500000
qwen35 debug logits position 8273: top1=15 top2=21 v1=28.500000 v2=14.750000 margin=13.750000
qwen35 debug logits position 8274: top1=198 top2=318 v1=29.625000 v2=14.625000 margin=15.000000
qwen35 debug logits position 8275: top1=17 top2=248069 v1=32.250000 v2=19.375000 margin=12.875000
qwen35 debug logits position 8276: top1=13 top2=4844 v1=37.750000 v2=21.875000 margin=15.875000
qwen35 debug logits position 8277: top1=4844 top2=11861 v1=38.250000 v2=24.750000 margin=13.500000
qwen35 debug logits position 8278: top1=29865 top2=2962 v1=32.750000 v2=27.000000 margin=5.750000
qwen35 debug logits position 8279: top1=2468 top2=100627 v1=38.250000 v2=23.000000 margin=15.250000
qwen35 debug logits position 8280: top1=25 top2=279 v1=32.750000 v2=32.750000 margin=0.000000
qwen35 debug logits position 8281: top1=3299 top2=4105 v1=36.500000 v2=23.000000 margin=13.500000
qwen35 debug logits position 8282: top1=328 top2=25 v1=31.375000 v2=29.125000 margin=2.250000
qwen35 debug logits position 8283: top1=76471 top2=27502 v1=37.000000 v2=23.250000 margin=13.750000
qwen35 debug logits position 8284: top1=1 top2=3158 v1=32.000000 v2=22.000000 margin=10.000000
qwen35 debug logits position 8285: top1=271 top2=198 v1=29.250000 v2=22.875000 margin=6.375000
qwen35 debug logits position 8286: top1=760 top2=40 v1=29.875000 v2=28.875000 margin=1.000000
qwen35 debug logits position 8287: top1=7359 top2=1156 v1=26.875000 v2=25.875000 margin=1.000000
qwen35 debug logits position 8288: top1=2640 top2=369 v1=32.250000 v2=25.000000 margin=7.250000
qwen35 debug logits position 8289: top1=328 top2=310 v1=31.125000 v2=23.750000 margin=7.375000
qwen35 debug logits position 8290: top1=97709 top2=96218 v1=27.250000 v2=23.000000 margin=4.250000
qwen35 debug logits position 8291: top1=100627 top2=96854 v1=36.250000 v2=22.375000 margin=13.875000
qwen35 debug logits position 8292: top1=110211 top2=1 v1=27.500000 v2=23.125000 margin=4.375000
qwen35 debug logits position 8293: top1=27502 top2=76471 v1=31.000000 v2=22.000000 margin=9.000000
qwen35 debug logits position 8294: top1=1 top2=487 v1=33.500000 v2=24.500000 margin=9.000000
qwen35 debug logits position 8295: top1=864 top2=7063 v1=37.500000 v2=26.500000 margin=11.000000
qwen35 debug logits position 8296: top1=3254 top2=44679 v1=40.750000 v2=23.875000 margin=16.875000
qwen35 debug logits position 8297: top1=328 top2=29865 v1=35.250000 v2=26.875000 margin=8.375000
qwen35 debug logits position 8298: top1=20663 top2=9252 v1=35.750000 v2=29.750000 margin=6.000000
qwen35 debug logits position 8299: top1=63421 top2=1769 v1=41.500000 v2=29.125000 margin=12.375000
qwen35 debug logits position 8300: top1=2468 top2=45447 v1=36.500000 v2=22.625000 margin=13.875000
qwen35 debug logits position 8301: top1=279 top2=1719 v1=38.000000 v2=19.250000 margin=18.750000
qwen35 debug logits position 8302: top1=3299 top2=4105 v1=37.000000 v2=22.375000 margin=14.625000
qwen35 debug logits position 8303: top1=27502 top2=359 v1=31.875000 v2=27.500000 margin=4.375000
qwen35 debug logits position 8304: top1=3158 top2=1149 v1=31.875000 v2=30.000000 margin=1.875000
qwen35 debug logits position 8305: top1=353 top2=1061 v1=29.125000 v2=24.875000 margin=4.250000
qwen35 debug logits position 8306: top1=3172 top2=1220 v1=34.000000 v2=25.750000 margin=8.250000
qwen35 debug logits position 8307: top1=2468 top2=635 v1=32.750000 v2=24.250000 margin=8.500000
qwen35 debug logits position 8308: top1=424 top2=279 v1=27.750000 v2=25.750000 margin=2.000000
qwen35 debug logits position 8309: top1=264 top2=3679 v1=30.375000 v2=28.250000 margin=2.125000
qwen35 debug logits position 8310: top1=12891 top2=2342 v1=32.750000 v2=29.500000 margin=3.250000
qwen35 debug logits position 8311: top1=1324 top2=3946 v1=35.500000 v2=20.750000 margin=14.750000
qwen35 debug logits position 8312: top1=314 top2=2942 v1=35.500000 v2=20.375000 margin=15.125000
qwen35 debug logits position 8313: top1=2942 top2=35086 v1=38.000000 v2=21.625000 margin=16.375000
qwen35 debug logits position 8314: top1=13 top2=310 v1=28.000000 v2=27.875000 margin=0.125000
qwen35 debug logits position 8315: top1=198 top2=271 v1=29.500000 v2=22.750000 margin=6.750000
qwen35 debug logits position 8316: top1=248069 top2=510 v1=35.750000 v2=20.125000 margin=15.625000
qwen35 debug logits position 8317: top1=271 top2=198 v1=41.500000 v2=20.000000 margin=21.500000
qwen35 debug logits position 8318: top1=2456 top2=9806 v1=34.750000 v2=19.125000 margin=15.625000
qwen35 debug logits position 8319: top1=55 top2=48 v1=30.125000 v2=15.187500 margin=14.937500
qwen35 debug hidden embedding position 7: min=-0.0563965 max=0.0583496 mean_abs=0.0125982
qwen35 debug hidden embedding position 35: min=-0.0510254 max=0.0529785 mean_abs=0.0121317
qwen35 debug hidden layer-000 position 7: min=-0.5625000 max=16.7500000 mean_abs=0.0586561
qwen35 debug hidden layer-000 position 35: min=-0.4433594 max=18.5000000 mean_abs=0.0616098
qwen35 debug hidden layer-003 position 7: min=-2.5937500 max=32.0000000 mean_abs=0.1003231
qwen35 debug hidden layer-003 position 35: min=-2.2968750 max=30.2500000 mean_abs=0.0919208
qwen35 debug hidden layer-031 position 7: min=-17.5000000 max=69.0000000 mean_abs=0.4904949
qwen35 debug hidden layer-031 position 35: min=-16.5000000 max=63.5000000 mean_abs=0.6145525
qwen35 debug hidden layer-032 position 7: min=-17.7500000 max=62.2500000 mean_abs=0.4821762
qwen35 debug hidden layer-032 position 35: min=-16.2500000 max=60.7500000 mean_abs=0.6198981
qwen35 debug hidden layer-060 position 7: min=-35.5000000 max=164.0000000 mean_abs=2.3281907
qwen35 debug hidden layer-060 position 35: min=-36.7500000 max=160.0000000 mean_abs=2.2837415
qwen35 debug hidden layer-063 position 7: min=-81.0000000 max=67.5000000 mean_abs=3.3108679
qwen35 debug hidden layer-063 position 35: min=-52.0000000 max=101.0000000 mean_abs=3.5931090
qwen35 debug hidden embedding position 83: min=-0.0610352 max=0.0703125 mean_abs=0.0127159
qwen35 debug hidden layer-000 position 83: min=-0.3828125 max=17.2500000 mean_abs=0.0492306
qwen35 debug hidden layer-003 position 83: min=-1.5937500 max=28.7500000 mean_abs=0.0973751
qwen35 debug hidden layer-031 position 83: min=-11.7500000 max=70.0000000 mean_abs=0.5294919
qwen35 debug hidden layer-032 position 83: min=-11.7500000 max=67.5000000 mean_abs=0.5353484
qwen35 debug hidden layer-060 position 83: min=-30.1250000 max=172.0000000 mean_abs=2.3055001
qwen35 debug hidden layer-063 position 83: min=-84.0000000 max=119.0000000 mean_abs=3.7405390
qwen35 debug logits position 0: top1=2456 top2=76471 v1=22.250000 v2=15.125000 margin=7.125000
qwen35 debug logits position 8193: top1=55 top2=48 v1=25.750000 v2=13.750000 margin=12.000000
qwen35 debug logits position 8194: top1=35205 top2=69046 v1=29.375000 v2=18.000000 margin=11.375000
qwen35 debug logits position 8195: top1=27325 top2=12 v1=24.125000 v2=14.187500 margin=9.937500
qwen35 debug logits position 8196: top1=54 top2=48 v1=23.500000 v2=15.437500 margin=8.062500
qwen35 debug logits position 8197: top1=923 top2=268 v1=26.375000 v2=13.437500 margin=12.937500
qwen35 debug logits position 8198: top1=18 top2=248046 v1=23.375000 v2=12.437500 margin=10.937500
qwen35 debug logits position 8199: top1=23 top2=12 v1=26.250000 v2=14.250000 margin=12.000000
qwen35 debug logits position 8200: top1=12 top2=19 v1=21.125000 v2=12.375000 margin=8.750000
qwen35 debug logits position 8201: top1=19 top2=15 v1=22.875000 v2=12.187500 margin=10.687500
qwen35 debug logits position 8202: top1=15 top2=248046 v1=22.750000 v2=11.500000 margin=11.250000
qwen35 debug logits position 8203: top1=24 top2=23 v1=22.375000 v2=10.312500 margin=12.062500
qwen35 debug logits position 8204: top1=15 top2=198 v1=24.250000 v2=14.500000 margin=9.750000
qwen35 debug logits position 8205: top1=198 top2=27502 v1=19.125000 v2=18.875000 margin=0.250000
qwen35 debug logits position 8206: top1=76471 top2=2456 v1=21.000000 v2=15.500000 margin=5.500000
qwen35 debug logits position 8207: top1=248046 top2=198 v1=21.125000 v2=19.000000 margin=2.125000
qwen35 debug logits position 8208: top1=198 top2=248044 v1=28.750000 v2=10.875000 margin=17.875000
qwen35 debug logits position 8209: top1=248044 top2=248045 v1=30.000000 v2=19.750000 margin=10.250000
qwen35 debug logits position 8210: top1=248045 top2=248044 v1=26.375000 v2=17.125000 margin=9.250000
qwen35 debug logits position 8211: top1=248045 top2=248046 v1=30.500000 v2=20.875000 margin=9.625000
qwen35 debug logits position 8212: top1=248045 top2=248068 v1=29.000000 v2=18.875000 margin=10.125000
qwen35 debug logits position 8213: top1=248068 top2=248046 v1=21.875000 v2=21.125000 margin=0.750000
qwen35 debug logits position 8214: top1=198 top2=271 v1=28.500000 v2=27.875000 margin=0.625000
qwen35 debug logits position 8215: top1=760 top2=97237 v1=26.500000 v2=20.750000 margin=5.750000
qwen35 debug logits position 8216: top1=1156 top2=97237 v1=32.250000 v2=17.625000 margin=14.625000
qwen35 debug logits position 8217: top1=369 top2=579 v1=28.875000 v2=23.750000 margin=5.125000
qwen35 debug logits position 8218: top1=9859 top2=4313 v1=31.750000 v2=22.375000 margin=9.375000
qwen35 debug logits position 8219: top1=728 top2=264 v1=30.250000 v2=17.375000 margin=12.875000
qwen35 debug logits position 8220: top1=310 top2=1118 v1=31.000000 v2=17.375000 margin=13.625000
qwen35 debug logits position 8221: top1=1118 top2=2468 v1=27.625000 v2=27.500000 margin=0.125000
qwen35 debug logits position 8222: top1=2468 top2=1301 v1=31.125000 v2=24.000000 margin=7.125000
qwen35 debug logits position 8223: top1=328 top2=279 v1=31.375000 v2=25.750000 margin=5.625000
qwen35 debug logits position 8224: top1=2456 top2=76471 v1=30.250000 v2=16.125000 margin=14.125000
qwen35 debug logits position 8225: top1=55 top2=5955 v1=29.750000 v2=16.125000 margin=13.625000
qwen35 debug logits position 8226: top1=35205 top2=37163 v1=32.250000 v2=20.375000 margin=11.875000
qwen35 debug logits position 8227: top1=27325 top2=12 v1=28.125000 v2=16.625000 margin=11.500000
qwen35 debug logits position 8228: top1=54 top2=48 v1=26.500000 v2=17.625000 margin=8.875000
qwen35 debug logits position 8229: top1=923 top2=1642 v1=32.500000 v2=16.375000 margin=16.125000
qwen35 debug logits position 8230: top1=18 top2=19 v1=29.250000 v2=17.500000 margin=11.750000
qwen35 debug logits position 8231: top1=23 top2=24 v1=30.250000 v2=17.500000 margin=12.750000
qwen35 debug logits position 8232: top1=12 top2=19 v1=25.250000 v2=13.187500 margin=12.062500
qwen35 debug logits position 8233: top1=19 top2=18 v1=29.875000 v2=18.625000 margin=11.250000
qwen35 debug logits position 8234: top1=15 top2=23 v1=29.250000 v2=15.062500 margin=14.187500
qwen35 debug logits position 8235: top1=24 top2=19 v1=30.875000 v2=16.375000 margin=14.500000
qwen35 debug logits position 8236: top1=15 top2=21 v1=29.125000 v2=17.625000 margin=11.500000
qwen35 debug logits position 8237: top1=1 top2=487 v1=29.125000 v2=24.375000 margin=4.750000
qwen35 debug logits position 8238: top1=321 top2=1179 v1=33.000000 v2=25.375000 margin=7.625000
qwen35 debug logits position 8239: top1=1179 top2=29865 v1=40.750000 v2=22.750000 margin=18.000000
qwen35 debug logits position 8240: top1=29865 top2=2962 v1=31.500000 v2=29.625000 margin=1.875000
qwen35 debug logits position 8241: top1=2468 top2=100627 v1=35.750000 v2=22.750000 margin=13.000000
qwen35 debug logits position 8242: top1=279 top2=328 v1=33.000000 v2=23.875000 margin=9.125000
qwen35 debug logits position 8243: top1=3299 top2=4105 v1=35.500000 v2=22.875000 margin=12.625000
qwen35 debug logits position 8244: top1=328 top2=27502 v1=37.000000 v2=18.625000 margin=18.375000
qwen35 debug logits position 8245: top1=76471 top2=27502 v1=34.500000 v2=22.250000 margin=12.250000
qwen35 debug logits position 8246: top1=3158 top2=1 v1=30.125000 v2=24.500000 margin=5.625000
qwen35 debug logits position 8247: top1=271 top2=1061 v1=26.500000 v2=26.375000 margin=0.125000
qwen35 debug logits position 8248: top1=9764 top2=1919 v1=30.875000 v2=29.500000 margin=1.375000
qwen35 debug logits position 8249: top1=728 top2=311 v1=35.500000 v2=20.875000 margin=14.625000
qwen35 debug logits position 8250: top1=1732 top2=311 v1=28.125000 v2=28.000000 margin=0.125000
qwen35 debug logits position 8251: top1=279 top2=411 v1=32.750000 v2=30.125000 margin=2.625000
qwen35 debug logits position 8252: top1=10895 top2=7359 v1=35.000000 v2=32.500000 margin=2.500000
qwen35 debug logits position 8253: top1=6681 top2=25 v1=29.250000 v2=29.125000 margin=0.125000
qwen35 debug logits position 8254: top1=25 top2=430 v1=31.875000 v2=31.000000 margin=0.875000
qwen35 debug logits position 8255: top1=198 top2=1118 v1=28.875000 v2=25.125000 margin=3.750000
qwen35 debug logits position 8256: top1=16 top2=12 v1=35.500000 v2=22.375000 margin=13.125000
qwen35 debug logits position 8257: top1=13 top2=5339 v1=33.750000 v2=15.750000 margin=18.000000
qwen35 debug logits position 8258: top1=5339 top2=8984 v1=32.000000 v2=29.750000 margin=2.250000
qwen35 debug logits position 8259: top1=2468 top2=11 v1=37.000000 v2=26.375000 margin=10.625000
qwen35 debug logits position 8260: top1=25 top2=328 v1=26.625000 v2=24.500000 margin=2.125000
qwen35 debug logits position 8261: top1=9806 top2=328 v1=31.250000 v2=22.000000 margin=9.250000
qwen35 debug logits position 8262: top1=55 top2=48 v1=30.750000 v2=15.375000 margin=15.375000
qwen35 debug logits position 8263: top1=35205 top2=69046 v1=32.750000 v2=21.125000 margin=11.625000
qwen35 debug logits position 8264: top1=27325 top2=15377 v1=33.500000 v2=18.500000 margin=15.000000
qwen35 debug logits position 8265: top1=54 top2=48 v1=27.125000 v2=19.750000 margin=7.375000
qwen35 debug logits position 8266: top1=923 top2=1762 v1=33.250000 v2=17.250000 margin=16.000000
qwen35 debug logits position 8267: top1=18 top2=19 v1=28.500000 v2=15.062500 margin=13.437500
qwen35 debug logits position 8268: top1=23 top2=24 v1=32.750000 v2=18.750000 margin=14.000000
qwen35 debug logits position 8269: top1=12 top2=20819 v1=31.875000 v2=15.625000 margin=16.250000
qwen35 debug logits position 8270: top1=19 top2=18 v1=30.250000 v2=17.000000 margin=13.250000
qwen35 debug logits position 8271: top1=15 top2=16 v1=27.750000 v2=13.187500 margin=14.562500
qwen35 debug logits position 8272: top1=24 top2=19 v1=26.125000 v2=12.625000 margin=13.500000
qwen35 debug logits position 8273: top1=15 top2=21 v1=28.500000 v2=14.750000 margin=13.750000
qwen35 debug logits position 8274: top1=198 top2=318 v1=29.625000 v2=14.625000 margin=15.000000
qwen35 debug logits position 8275: top1=17 top2=248069 v1=32.250000 v2=19.375000 margin=12.875000
qwen35 debug logits position 8276: top1=13 top2=4844 v1=37.750000 v2=21.875000 margin=15.875000
qwen35 debug logits position 8277: top1=4844 top2=11861 v1=38.250000 v2=24.750000 margin=13.500000
qwen35 debug logits position 8278: top1=29865 top2=2962 v1=32.750000 v2=27.000000 margin=5.750000
qwen35 debug logits position 8279: top1=2468 top2=100627 v1=38.250000 v2=23.000000 margin=15.250000
qwen35 debug logits position 8280: top1=25 top2=279 v1=32.750000 v2=32.750000 margin=0.000000
qwen35 debug logits position 8281: top1=3299 top2=4105 v1=36.500000 v2=23.000000 margin=13.500000
qwen35 debug logits position 8282: top1=328 top2=25 v1=31.375000 v2=29.125000 margin=2.250000
qwen35 debug logits position 8283: top1=76471 top2=27502 v1=37.000000 v2=23.250000 margin=13.750000
qwen35 debug logits position 8284: top1=1 top2=3158 v1=32.000000 v2=22.000000 margin=10.000000
qwen35 debug logits position 8285: top1=271 top2=198 v1=29.250000 v2=22.875000 margin=6.375000
qwen35 debug logits position 8286: top1=760 top2=40 v1=29.875000 v2=28.875000 margin=1.000000
qwen35 debug logits position 8287: top1=7359 top2=1156 v1=26.875000 v2=25.875000 margin=1.000000
qwen35 debug logits position 8288: top1=2640 top2=369 v1=32.250000 v2=25.000000 margin=7.250000
qwen35 debug logits position 8289: top1=328 top2=310 v1=31.125000 v2=23.750000 margin=7.375000
qwen35 debug logits position 8290: top1=97709 top2=96218 v1=27.250000 v2=23.000000 margin=4.250000
qwen35 debug logits position 8291: top1=100627 top2=96854 v1=36.250000 v2=22.375000 margin=13.875000
qwen35 debug logits position 8292: top1=110211 top2=1 v1=27.500000 v2=23.125000 margin=4.375000
qwen35 debug logits position 8293: top1=27502 top2=76471 v1=31.000000 v2=22.000000 margin=9.000000
qwen35 debug logits position 8294: top1=1 top2=487 v1=33.500000 v2=24.500000 margin=9.000000
qwen35 debug logits position 8295: top1=864 top2=7063 v1=37.500000 v2=26.500000 margin=11.000000
qwen35 debug logits position 8296: top1=3254 top2=44679 v1=40.750000 v2=23.875000 margin=16.875000
qwen35 debug logits position 8297: top1=328 top2=29865 v1=35.250000 v2=26.875000 margin=8.375000
qwen35 debug logits position 8298: top1=20663 top2=9252 v1=35.750000 v2=29.750000 margin=6.000000
qwen35 debug logits position 8299: top1=63421 top2=1769 v1=41.500000 v2=29.125000 margin=12.375000
qwen35 debug logits position 8300: top1=2468 top2=45447 v1=36.500000 v2=22.625000 margin=13.875000
qwen35 debug logits position 8301: top1=279 top2=1719 v1=38.000000 v2=19.250000 margin=18.750000
qwen35 debug logits position 8302: top1=3299 top2=4105 v1=37.000000 v2=22.375000 margin=14.625000
qwen35 debug logits position 8303: top1=27502 top2=359 v1=31.875000 v2=27.500000 margin=4.375000
qwen35 debug logits position 8304: top1=3158 top2=1149 v1=31.875000 v2=30.000000 margin=1.875000
qwen35 debug logits position 8305: top1=353 top2=1061 v1=29.125000 v2=24.875000 margin=4.250000
qwen35 debug logits position 8306: top1=3172 top2=1220 v1=34.000000 v2=25.750000 margin=8.250000
qwen35 debug logits position 8307: top1=2468 top2=635 v1=32.750000 v2=24.250000 margin=8.500000
qwen35 debug logits position 8308: top1=424 top2=279 v1=27.750000 v2=25.750000 margin=2.000000
qwen35 debug logits position 8309: top1=264 top2=3679 v1=30.375000 v2=28.250000 margin=2.125000
qwen35 debug logits position 8310: top1=12891 top2=2342 v1=32.750000 v2=29.500000 margin=3.250000
qwen35 debug logits position 8311: top1=1324 top2=3946 v1=35.500000 v2=20.750000 margin=14.750000
qwen35 debug logits position 8312: top1=314 top2=2942 v1=35.500000 v2=20.375000 margin=15.125000
qwen35 debug logits position 8313: top1=2942 top2=35086 v1=38.000000 v2=21.625000 margin=16.375000
qwen35 debug logits position 8314: top1=13 top2=310 v1=28.000000 v2=27.875000 margin=0.125000
qwen35 debug logits position 8315: top1=198 top2=271 v1=29.500000 v2=22.750000 margin=6.750000
qwen35 debug logits position 8316: top1=248069 top2=510 v1=35.750000 v2=20.125000 margin=15.625000
qwen35 debug logits position 8317: top1=271 top2=198 v1=41.500000 v2=20.000000 margin=21.500000
qwen35 debug logits position 8318: top1=2456 top2=9806 v1=34.750000 v2=19.125000 margin=15.625000
qwen35 debug logits position 8319: top1=55 top2=48 v1=30.125000 v2=15.187500 margin=14.937500
qwen35 debug hidden embedding position 7: min=-0.0563965 max=0.0583496 mean_abs=0.0125982
qwen35 debug hidden embedding position 35: min=-0.0510254 max=0.0529785 mean_abs=0.0121317
qwen35 debug hidden layer-000 position 7: min=-0.5625000 max=16.7500000 mean_abs=0.0586561
qwen35 debug hidden layer-000 position 35: min=-0.4433594 max=18.5000000 mean_abs=0.0616098
qwen35 debug hidden layer-003 position 7: min=-2.5937500 max=32.0000000 mean_abs=0.1003231
qwen35 debug hidden layer-003 position 35: min=-2.2968750 max=30.2500000 mean_abs=0.0919208
qwen35 debug hidden layer-031 position 7: min=-17.5000000 max=69.0000000 mean_abs=0.4904949
qwen35 debug hidden layer-031 position 35: min=-16.5000000 max=63.5000000 mean_abs=0.6145525
qwen35 debug hidden layer-032 position 7: min=-17.7500000 max=62.2500000 mean_abs=0.4821762
qwen35 debug hidden layer-032 position 35: min=-16.2500000 max=60.7500000 mean_abs=0.6198981
qwen35 debug hidden layer-060 position 7: min=-35.5000000 max=164.0000000 mean_abs=2.3281907
qwen35 debug hidden layer-060 position 35: min=-36.7500000 max=160.0000000 mean_abs=2.2837415
qwen35 debug hidden layer-063 position 7: min=-81.0000000 max=67.5000000 mean_abs=3.3108679
qwen35 debug hidden layer-063 position 35: min=-52.0000000 max=101.0000000 mean_abs=3.5931090
qwen35 debug hidden embedding position 83: min=-0.0610352 max=0.0703125 mean_abs=0.0127159
qwen35 debug hidden layer-000 position 83: min=-0.3828125 max=17.2500000 mean_abs=0.0492306
qwen35 debug hidden layer-003 position 83: min=-1.5937500 max=28.7500000 mean_abs=0.0973751
qwen35 debug hidden layer-031 position 83: min=-11.7500000 max=70.0000000 mean_abs=0.5294919
qwen35 debug hidden layer-032 position 83: min=-11.7500000 max=67.5000000 mean_abs=0.5353484
qwen35 debug hidden layer-060 position 83: min=-30.1250000 max=172.0000000 mean_abs=2.3055001
qwen35 debug hidden layer-063 position 83: min=-84.0000000 max=119.0000000 mean_abs=3.7405390
qwen35 debug logits position 0: top1=2456 top2=76471 v1=22.250000 v2=15.125000 margin=7.125000
qwen35 debug logits position 8193: top1=55 top2=48 v1=25.750000 v2=13.750000 margin=12.000000
qwen35 debug logits position 8194: top1=35205 top2=69046 v1=29.375000 v2=18.000000 margin=11.375000
qwen35 debug logits position 8195: top1=27325 top2=12 v1=24.125000 v2=14.187500 margin=9.937500
qwen35 debug logits position 8196: top1=54 top2=48 v1=23.500000 v2=15.437500 margin=8.062500
qwen35 debug logits position 8197: top1=923 top2=268 v1=26.375000 v2=13.437500 margin=12.937500
qwen35 debug logits position 8198: top1=18 top2=248046 v1=23.375000 v2=12.437500 margin=10.937500
qwen35 debug logits position 8199: top1=23 top2=12 v1=26.250000 v2=14.250000 margin=12.000000
qwen35 debug logits position 8200: top1=12 top2=19 v1=21.125000 v2=12.375000 margin=8.750000
qwen35 debug logits position 8201: top1=19 top2=15 v1=22.875000 v2=12.187500 margin=10.687500
qwen35 debug logits position 8202: top1=15 top2=248046 v1=22.750000 v2=11.500000 margin=11.250000
qwen35 debug logits position 8203: top1=24 top2=23 v1=22.375000 v2=10.312500 margin=12.062500
qwen35 debug logits position 8204: top1=15 top2=198 v1=24.250000 v2=14.500000 margin=9.750000
qwen35 debug logits position 8205: top1=198 top2=27502 v1=19.125000 v2=18.875000 margin=0.250000
qwen35 debug logits position 8206: top1=76471 top2=2456 v1=21.000000 v2=15.500000 margin=5.500000
qwen35 debug logits position 8207: top1=248046 top2=198 v1=21.125000 v2=19.000000 margin=2.125000
qwen35 debug logits position 8208: top1=198 top2=248044 v1=28.750000 v2=10.875000 margin=17.875000
qwen35 debug logits position 8209: top1=248044 top2=248045 v1=30.000000 v2=19.750000 margin=10.250000
qwen35 debug logits position 8210: top1=248045 top2=248044 v1=26.375000 v2=17.125000 margin=9.250000
qwen35 debug logits position 8211: top1=248045 top2=248046 v1=30.500000 v2=20.875000 margin=9.625000
qwen35 debug logits position 8212: top1=248045 top2=248068 v1=29.000000 v2=18.875000 margin=10.125000
qwen35 debug logits position 8213: top1=248068 top2=248046 v1=21.875000 v2=21.125000 margin=0.750000
qwen35 debug logits position 8214: top1=198 top2=271 v1=28.500000 v2=27.875000 margin=0.625000
qwen35 debug logits position 8215: top1=760 top2=97237 v1=26.500000 v2=20.750000 margin=5.750000
qwen35 debug logits position 8216: top1=1156 top2=97237 v1=32.250000 v2=17.625000 margin=14.625000
qwen35 debug logits position 8217: top1=369 top2=579 v1=28.875000 v2=23.750000 margin=5.125000
qwen35 debug logits position 8218: top1=9859 top2=4313 v1=31.750000 v2=22.375000 margin=9.375000
qwen35 debug logits position 8219: top1=728 top2=264 v1=30.250000 v2=17.375000 margin=12.875000
qwen35 debug logits position 8220: top1=310 top2=1118 v1=31.000000 v2=17.375000 margin=13.625000
qwen35 debug logits position 8221: top1=1118 top2=2468 v1=27.625000 v2=27.500000 margin=0.125000
qwen35 debug logits position 8222: top1=2468 top2=1301 v1=31.125000 v2=24.000000 margin=7.125000
qwen35 debug logits position 8223: top1=328 top2=279 v1=31.375000 v2=25.750000 margin=5.625000
qwen35 debug logits position 8224: top1=2456 top2=76471 v1=30.250000 v2=16.125000 margin=14.125000
qwen35 debug logits position 8225: top1=55 top2=5955 v1=29.750000 v2=16.125000 margin=13.625000
qwen35 debug logits position 8226: top1=35205 top2=37163 v1=32.250000 v2=20.375000 margin=11.875000
qwen35 debug logits position 8227: top1=27325 top2=12 v1=28.125000 v2=16.625000 margin=11.500000
qwen35 debug logits position 8228: top1=54 top2=48 v1=26.500000 v2=17.625000 margin=8.875000
qwen35 debug logits position 8229: top1=923 top2=1642 v1=32.500000 v2=16.375000 margin=16.125000
qwen35 debug logits position 8230: top1=18 top2=19 v1=29.250000 v2=17.500000 margin=11.750000
qwen35 debug logits position 8231: top1=23 top2=24 v1=30.250000 v2=17.500000 margin=12.750000
qwen35 debug logits position 8232: top1=12 top2=19 v1=25.250000 v2=13.187500 margin=12.062500
qwen35 debug logits position 8233: top1=19 top2=18 v1=29.875000 v2=18.625000 margin=11.250000
qwen35 debug logits position 8234: top1=15 top2=23 v1=29.250000 v2=15.062500 margin=14.187500
qwen35 debug logits position 8235: top1=24 top2=19 v1=30.875000 v2=16.375000 margin=14.500000
qwen35 debug logits position 8236: top1=15 top2=21 v1=29.125000 v2=17.625000 margin=11.500000
qwen35 debug logits position 8237: top1=1 top2=487 v1=29.125000 v2=24.375000 margin=4.750000
qwen35 debug logits position 8238: top1=321 top2=1179 v1=33.000000 v2=25.375000 margin=7.625000
qwen35 debug logits position 8239: top1=1179 top2=29865 v1=40.750000 v2=22.750000 margin=18.000000
qwen35 debug logits position 8240: top1=29865 top2=2962 v1=31.500000 v2=29.625000 margin=1.875000
qwen35 debug logits position 8241: top1=2468 top2=100627 v1=35.750000 v2=22.750000 margin=13.000000
qwen35 debug logits position 8242: top1=279 top2=328 v1=33.000000 v2=23.875000 margin=9.125000
qwen35 debug logits position 8243: top1=3299 top2=4105 v1=35.500000 v2=22.875000 margin=12.625000
qwen35 debug logits position 8244: top1=328 top2=27502 v1=37.000000 v2=18.625000 margin=18.375000
qwen35 debug logits position 8245: top1=76471 top2=27502 v1=34.500000 v2=22.250000 margin=12.250000
qwen35 debug logits position 8246: top1=3158 top2=1 v1=30.125000 v2=24.500000 margin=5.625000
qwen35 debug logits position 8247: top1=271 top2=1061 v1=26.500000 v2=26.375000 margin=0.125000
qwen35 debug logits position 8248: top1=9764 top2=1919 v1=30.875000 v2=29.500000 margin=1.375000
qwen35 debug logits position 8249: top1=728 top2=311 v1=35.500000 v2=20.875000 margin=14.625000
qwen35 debug logits position 8250: top1=1732 top2=311 v1=28.125000 v2=28.000000 margin=0.125000
qwen35 debug logits position 8251: top1=279 top2=411 v1=32.750000 v2=30.125000 margin=2.625000
qwen35 debug logits position 8252: top1=10895 top2=7359 v1=35.000000 v2=32.500000 margin=2.500000
qwen35 debug logits position 8253: top1=6681 top2=25 v1=29.250000 v2=29.125000 margin=0.125000
qwen35 debug logits position 8254: top1=25 top2=430 v1=31.875000 v2=31.000000 margin=0.875000
qwen35 debug logits position 8255: top1=198 top2=1118 v1=28.875000 v2=25.125000 margin=3.750000
qwen35 debug logits position 8256: top1=16 top2=12 v1=35.500000 v2=22.375000 margin=13.125000
qwen35 debug logits position 8257: top1=13 top2=5339 v1=33.750000 v2=15.750000 margin=18.000000
qwen35 debug logits position 8258: top1=5339 top2=8984 v1=32.000000 v2=29.750000 margin=2.250000
qwen35 debug logits position 8259: top1=2468 top2=11 v1=37.000000 v2=26.375000 margin=10.625000
qwen35 debug logits position 8260: top1=25 top2=328 v1=26.625000 v2=24.500000 margin=2.125000
qwen35 debug logits position 8261: top1=9806 top2=328 v1=31.250000 v2=22.000000 margin=9.250000
qwen35 debug logits position 8262: top1=55 top2=48 v1=30.750000 v2=15.375000 margin=15.375000
qwen35 debug logits position 8263: top1=35205 top2=69046 v1=32.750000 v2=21.125000 margin=11.625000
qwen35 debug logits position 8264: top1=27325 top2=15377 v1=33.500000 v2=18.500000 margin=15.000000
qwen35 debug logits position 8265: top1=54 top2=48 v1=27.125000 v2=19.750000 margin=7.375000
qwen35 debug logits position 8266: top1=923 top2=1762 v1=33.250000 v2=17.250000 margin=16.000000
qwen35 debug logits position 8267: top1=18 top2=19 v1=28.500000 v2=15.062500 margin=13.437500
qwen35 debug logits position 8268: top1=23 top2=24 v1=32.750000 v2=18.750000 margin=14.000000
qwen35 debug logits position 8269: top1=12 top2=20819 v1=31.875000 v2=15.625000 margin=16.250000
qwen35 debug logits position 8270: top1=19 top2=18 v1=30.250000 v2=17.000000 margin=13.250000
qwen35 debug logits position 8271: top1=15 top2=16 v1=27.750000 v2=13.187500 margin=14.562500
qwen35 debug logits position 8272: top1=24 top2=19 v1=26.125000 v2=12.625000 margin=13.500000
qwen35 debug logits position 8273: top1=15 top2=21 v1=28.500000 v2=14.750000 margin=13.750000
qwen35 debug logits position 8274: top1=198 top2=318 v1=29.625000 v2=14.625000 margin=15.000000
qwen35 debug logits position 8275: top1=17 top2=248069 v1=32.250000 v2=19.375000 margin=12.875000
qwen35 debug logits position 8276: top1=13 top2=4844 v1=37.750000 v2=21.875000 margin=15.875000
qwen35 debug logits position 8277: top1=4844 top2=11861 v1=38.250000 v2=24.750000 margin=13.500000
qwen35 debug logits position 8278: top1=29865 top2=2962 v1=32.750000 v2=27.000000 margin=5.750000
qwen35 debug logits position 8279: top1=2468 top2=100627 v1=38.250000 v2=23.000000 margin=15.250000
qwen35 debug logits position 8280: top1=25 top2=279 v1=32.750000 v2=32.750000 margin=0.000000
qwen35 debug logits position 8281: top1=3299 top2=4105 v1=36.500000 v2=23.000000 margin=13.500000
qwen35 debug logits position 8282: top1=328 top2=25 v1=31.375000 v2=29.125000 margin=2.250000
qwen35 debug logits position 8283: top1=76471 top2=27502 v1=37.000000 v2=23.250000 margin=13.750000
qwen35 debug logits position 8284: top1=1 top2=3158 v1=32.000000 v2=22.000000 margin=10.000000
qwen35 debug logits position 8285: top1=271 top2=198 v1=29.250000 v2=22.875000 margin=6.375000
qwen35 debug logits position 8286: top1=760 top2=40 v1=29.875000 v2=28.875000 margin=1.000000
qwen35 debug logits position 8287: top1=7359 top2=1156 v1=26.875000 v2=25.875000 margin=1.000000
qwen35 debug logits position 8288: top1=2640 top2=369 v1=32.250000 v2=25.000000 margin=7.250000
qwen35 debug logits position 8289: top1=328 top2=310 v1=31.125000 v2=23.750000 margin=7.375000
qwen35 debug logits position 8290: top1=97709 top2=96218 v1=27.250000 v2=23.000000 margin=4.250000
qwen35 debug logits position 8291: top1=100627 top2=96854 v1=36.250000 v2=22.375000 margin=13.875000
qwen35 debug logits position 8292: top1=110211 top2=1 v1=27.500000 v2=23.125000 margin=4.375000
qwen35 debug logits position 8293: top1=27502 top2=76471 v1=31.000000 v2=22.000000 margin=9.000000
qwen35 debug logits position 8294: top1=1 top2=487 v1=33.500000 v2=24.500000 margin=9.000000
qwen35 debug logits position 8295: top1=864 top2=7063 v1=37.500000 v2=26.500000 margin=11.000000
qwen35 debug logits position 8296: top1=3254 top2=44679 v1=40.750000 v2=23.875000 margin=16.875000
qwen35 debug logits position 8297: top1=328 top2=29865 v1=35.250000 v2=26.875000 margin=8.375000
qwen35 debug logits position 8298: top1=20663 top2=9252 v1=35.750000 v2=29.750000 margin=6.000000
qwen35 debug logits position 8299: top1=63421 top2=1769 v1=41.500000 v2=29.125000 margin=12.375000
qwen35 debug logits position 8300: top1=2468 top2=45447 v1=36.500000 v2=22.625000 margin=13.875000
qwen35 debug logits position 8301: top1=279 top2=1719 v1=38.000000 v2=19.250000 margin=18.750000
qwen35 debug logits position 8302: top1=3299 top2=4105 v1=37.000000 v2=22.375000 margin=14.625000
qwen35 debug logits position 8303: top1=27502 top2=359 v1=31.875000 v2=27.500000 margin=4.375000
qwen35 debug logits position 8304: top1=3158 top2=1149 v1=31.875000 v2=30.000000 margin=1.875000
qwen35 debug logits position 8305: top1=353 top2=1061 v1=29.125000 v2=24.875000 margin=4.250000
qwen35 debug logits position 8306: top1=3172 top2=1220 v1=34.000000 v2=25.750000 margin=8.250000
qwen35 debug logits position 8307: top1=2468 top2=635 v1=32.750000 v2=24.250000 margin=8.500000
qwen35 debug logits position 8308: top1=424 top2=279 v1=27.750000 v2=25.750000 margin=2.000000
qwen35 debug logits position 8309: top1=264 top2=3679 v1=30.375000 v2=28.250000 margin=2.125000
qwen35 debug logits position 8310: top1=12891 top2=2342 v1=32.750000 v2=29.500000 margin=3.250000
qwen35 debug logits position 8311: top1=1324 top2=3946 v1=35.500000 v2=20.750000 margin=14.750000
qwen35 debug logits position 8312: top1=314 top2=2942 v1=35.500000 v2=20.375000 margin=15.125000
qwen35 debug logits position 8313: top1=2942 top2=35086 v1=38.000000 v2=21.625000 margin=16.375000
qwen35 debug logits position 8314: top1=13 top2=310 v1=28.000000 v2=27.875000 margin=0.125000
qwen35 debug logits position 8315: top1=198 top2=271 v1=29.500000 v2=22.750000 margin=6.750000
qwen35 debug logits position 8316: top1=248069 top2=510 v1=35.750000 v2=20.125000 margin=15.625000
qwen35 debug logits position 8317: top1=271 top2=198 v1=41.500000 v2=20.000000 margin=21.500000
qwen35 debug logits position 8318: top1=2456 top2=9806 v1=34.750000 v2=19.125000 margin=15.625000
qwen35 debug logits position 8319: top1=55 top2=48 v1=30.125000 v2=15.187500 margin=14.937500
qwen35 debug hidden embedding position 7: min=-0.0563965 max=0.0583496 mean_abs=0.0125982
qwen35 debug hidden embedding position 35: min=-0.0510254 max=0.0529785 mean_abs=0.0121317
qwen35 debug hidden layer-000 position 7: min=-0.5625000 max=16.7500000 mean_abs=0.0586561
qwen35 debug hidden layer-000 position 35: min=-0.4433594 max=18.5000000 mean_abs=0.0616098
qwen35 debug hidden layer-003 position 7: min=-2.5937500 max=32.0000000 mean_abs=0.1003231
qwen35 debug hidden layer-003 position 35: min=-2.2968750 max=30.2500000 mean_abs=0.0919208
qwen35 debug hidden layer-031 position 7: min=-17.5000000 max=69.0000000 mean_abs=0.4904949
qwen35 debug hidden layer-031 position 35: min=-16.5000000 max=63.5000000 mean_abs=0.6145525
qwen35 debug hidden layer-032 position 7: min=-17.7500000 max=62.2500000 mean_abs=0.4821762
qwen35 debug hidden layer-032 position 35: min=-16.2500000 max=60.7500000 mean_abs=0.6198981
qwen35 debug hidden layer-060 position 7: min=-35.5000000 max=164.0000000 mean_abs=2.3281907
qwen35 debug hidden layer-060 position 35: min=-36.7500000 max=160.0000000 mean_abs=2.2837415
qwen35 debug hidden layer-063 position 7: min=-81.0000000 max=67.5000000 mean_abs=3.3108679
qwen35 debug hidden layer-063 position 35: min=-52.0000000 max=101.0000000 mean_abs=3.5931090
qwen35 debug hidden embedding position 83: min=-0.0610352 max=0.0703125 mean_abs=0.0127159
qwen35 debug hidden layer-000 position 83: min=-0.3828125 max=17.2500000 mean_abs=0.0492306
qwen35 debug hidden layer-003 position 83: min=-1.5937500 max=28.7500000 mean_abs=0.0973751
qwen35 debug hidden layer-031 position 83: min=-11.7500000 max=70.0000000 mean_abs=0.5294919
qwen35 debug hidden layer-032 position 83: min=-11.7500000 max=67.5000000 mean_abs=0.5353484
qwen35 debug hidden layer-060 position 83: min=-30.1250000 max=172.0000000 mean_abs=2.3055001
qwen35 debug hidden layer-063 position 83: min=-84.0000000 max=119.0000000 mean_abs=3.7405390
qwen35 debug logits position 0: top1=2456 top2=76471 v1=22.250000 v2=15.125000 margin=7.125000
qwen35 debug logits position 8193: top1=55 top2=48 v1=25.750000 v2=13.750000 margin=12.000000
qwen35 debug logits position 8194: top1=35205 top2=69046 v1=29.375000 v2=18.000000 margin=11.375000
qwen35 debug logits position 8195: top1=27325 top2=12 v1=24.125000 v2=14.187500 margin=9.937500
qwen35 debug logits position 8196: top1=54 top2=48 v1=23.500000 v2=15.437500 margin=8.062500
qwen35 debug logits position 8197: top1=923 top2=268 v1=26.375000 v2=13.437500 margin=12.937500
qwen35 debug logits position 8198: top1=18 top2=248046 v1=23.375000 v2=12.437500 margin=10.937500
qwen35 debug logits position 8199: top1=23 top2=12 v1=26.250000 v2=14.250000 margin=12.000000
qwen35 debug logits position 8200: top1=12 top2=19 v1=21.125000 v2=12.375000 margin=8.750000
qwen35 debug logits position 8201: top1=19 top2=15 v1=22.875000 v2=12.187500 margin=10.687500
qwen35 debug logits position 8202: top1=15 top2=248046 v1=22.750000 v2=11.500000 margin=11.250000
qwen35 debug logits position 8203: top1=24 top2=23 v1=22.375000 v2=10.312500 margin=12.062500
qwen35 debug logits position 8204: top1=15 top2=198 v1=24.250000 v2=14.500000 margin=9.750000
qwen35 debug logits position 8205: top1=198 top2=27502 v1=19.125000 v2=18.875000 margin=0.250000
qwen35 debug logits position 8206: top1=76471 top2=2456 v1=21.000000 v2=15.500000 margin=5.500000
qwen35 debug logits position 8207: top1=248046 top2=198 v1=21.125000 v2=19.000000 margin=2.125000
qwen35 debug logits position 8208: top1=198 top2=248044 v1=28.750000 v2=10.875000 margin=17.875000
qwen35 debug logits position 8209: top1=248044 top2=248045 v1=30.000000 v2=19.750000 margin=10.250000
qwen35 debug logits position 8210: top1=248045 top2=248044 v1=26.375000 v2=17.125000 margin=9.250000
qwen35 debug logits position 8211: top1=248045 top2=248046 v1=30.500000 v2=20.875000 margin=9.625000
qwen35 debug logits position 8212: top1=248045 top2=248068 v1=29.000000 v2=18.875000 margin=10.125000
qwen35 debug logits position 8213: top1=248068 top2=248046 v1=21.875000 v2=21.125000 margin=0.750000
qwen35 debug logits position 8214: top1=198 top2=271 v1=28.500000 v2=27.875000 margin=0.625000
qwen35 debug logits position 8215: top1=760 top2=97237 v1=26.500000 v2=20.750000 margin=5.750000
qwen35 debug logits position 8216: top1=1156 top2=97237 v1=32.250000 v2=17.625000 margin=14.625000
qwen35 debug logits position 8217: top1=369 top2=579 v1=28.875000 v2=23.750000 margin=5.125000
qwen35 debug logits position 8218: top1=9859 top2=4313 v1=31.750000 v2=22.375000 margin=9.375000
qwen35 debug logits position 8219: top1=728 top2=264 v1=30.250000 v2=17.375000 margin=12.875000
qwen35 debug logits position 8220: top1=310 top2=1118 v1=31.000000 v2=17.375000 margin=13.625000
qwen35 debug logits position 8221: top1=1118 top2=2468 v1=27.625000 v2=27.500000 margin=0.125000
qwen35 debug logits position 8222: top1=2468 top2=1301 v1=31.125000 v2=24.000000 margin=7.125000
qwen35 debug logits position 8223: top1=328 top2=279 v1=31.375000 v2=25.750000 margin=5.625000
qwen35 debug logits position 8224: top1=2456 top2=76471 v1=30.250000 v2=16.125000 margin=14.125000
qwen35 debug logits position 8225: top1=55 top2=5955 v1=29.750000 v2=16.125000 margin=13.625000
qwen35 debug logits position 8226: top1=35205 top2=37163 v1=32.250000 v2=20.375000 margin=11.875000
qwen35 debug logits position 8227: top1=27325 top2=12 v1=28.125000 v2=16.625000 margin=11.500000
qwen35 debug logits position 8228: top1=54 top2=48 v1=26.500000 v2=17.625000 margin=8.875000
qwen35 debug logits position 8229: top1=923 top2=1642 v1=32.500000 v2=16.375000 margin=16.125000
qwen35 debug logits position 8230: top1=18 top2=19 v1=29.250000 v2=17.500000 margin=11.750000
qwen35 debug logits position 8231: top1=23 top2=24 v1=30.250000 v2=17.500000 margin=12.750000
qwen35 debug logits position 8232: top1=12 top2=19 v1=25.250000 v2=13.187500 margin=12.062500
qwen35 debug logits position 8233: top1=19 top2=18 v1=29.875000 v2=18.625000 margin=11.250000
qwen35 debug logits position 8234: top1=15 top2=23 v1=29.250000 v2=15.062500 margin=14.187500
qwen35 debug logits position 8235: top1=24 top2=19 v1=30.875000 v2=16.375000 margin=14.500000
qwen35 debug logits position 8236: top1=15 top2=21 v1=29.125000 v2=17.625000 margin=11.500000
qwen35 debug logits position 8237: top1=1 top2=487 v1=29.125000 v2=24.375000 margin=4.750000
qwen35 debug logits position 8238: top1=321 top2=1179 v1=33.000000 v2=25.375000 margin=7.625000
qwen35 debug logits position 8239: top1=1179 top2=29865 v1=40.750000 v2=22.750000 margin=18.000000
qwen35 debug logits position 8240: top1=29865 top2=2962 v1=31.500000 v2=29.625000 margin=1.875000
qwen35 debug logits position 8241: top1=2468 top2=100627 v1=35.750000 v2=22.750000 margin=13.000000
qwen35 debug logits position 8242: top1=279 top2=328 v1=33.000000 v2=23.875000 margin=9.125000
qwen35 debug logits position 8243: top1=3299 top2=4105 v1=35.500000 v2=22.875000 margin=12.625000
qwen35 debug logits position 8244: top1=328 top2=27502 v1=37.000000 v2=18.625000 margin=18.375000
qwen35 debug logits position 8245: top1=76471 top2=27502 v1=34.500000 v2=22.250000 margin=12.250000
qwen35 debug logits position 8246: top1=3158 top2=1 v1=30.125000 v2=24.500000 margin=5.625000
qwen35 debug logits position 8247: top1=271 top2=1061 v1=26.500000 v2=26.375000 margin=0.125000
qwen35 debug logits position 8248: top1=9764 top2=1919 v1=30.875000 v2=29.500000 margin=1.375000
qwen35 debug logits position 8249: top1=728 top2=311 v1=35.500000 v2=20.875000 margin=14.625000
qwen35 debug logits position 8250: top1=1732 top2=311 v1=28.125000 v2=28.000000 margin=0.125000
qwen35 debug logits position 8251: top1=279 top2=411 v1=32.750000 v2=30.125000 margin=2.625000
qwen35 debug logits position 8252: top1=10895 top2=7359 v1=35.000000 v2=32.500000 margin=2.500000
qwen35 debug logits position 8253: top1=6681 top2=25 v1=29.250000 v2=29.125000 margin=0.125000
qwen35 debug logits position 8254: top1=25 top2=430 v1=31.875000 v2=31.000000 margin=0.875000
qwen35 debug logits position 8255: top1=198 top2=1118 v1=28.875000 v2=25.125000 margin=3.750000
qwen35 debug logits position 8256: top1=16 top2=12 v1=35.500000 v2=22.375000 margin=13.125000
qwen35 debug logits position 8257: top1=13 top2=5339 v1=33.750000 v2=15.750000 margin=18.000000
qwen35 debug logits position 8258: top1=5339 top2=8984 v1=32.000000 v2=29.750000 margin=2.250000
qwen35 debug logits position 8259: top1=2468 top2=11 v1=37.000000 v2=26.375000 margin=10.625000
qwen35 debug logits position 8260: top1=25 top2=328 v1=26.625000 v2=24.500000 margin=2.125000
qwen35 debug logits position 8261: top1=9806 top2=328 v1=31.250000 v2=22.000000 margin=9.250000
qwen35 debug logits position 8262: top1=55 top2=48 v1=30.750000 v2=15.375000 margin=15.375000
qwen35 debug logits position 8263: top1=35205 top2=69046 v1=32.750000 v2=21.125000 margin=11.625000
qwen35 debug logits position 8264: top1=27325 top2=15377 v1=33.500000 v2=18.500000 margin=15.000000
qwen35 debug logits position 8265: top1=54 top2=48 v1=27.125000 v2=19.750000 margin=7.375000
qwen35 debug logits position 8266: top1=923 top2=1762 v1=33.250000 v2=17.250000 margin=16.000000
qwen35 debug logits position 8267: top1=18 top2=19 v1=28.500000 v2=15.062500 margin=13.437500
qwen35 debug logits position 8268: top1=23 top2=24 v1=32.750000 v2=18.750000 margin=14.000000
qwen35 debug logits position 8269: top1=12 top2=20819 v1=31.875000 v2=15.625000 margin=16.250000
qwen35 debug logits position 8270: top1=19 top2=18 v1=30.250000 v2=17.000000 margin=13.250000
qwen35 debug logits position 8271: top1=15 top2=16 v1=27.750000 v2=13.187500 margin=14.562500
qwen35 debug logits position 8272: top1=24 top2=19 v1=26.125000 v2=12.625000 margin=13.500000
qwen35 debug logits position 8273: top1=15 top2=21 v1=28.500000 v2=14.750000 margin=13.750000
qwen35 debug logits position 8274: top1=198 top2=318 v1=29.625000 v2=14.625000 margin=15.000000
qwen35 debug logits position 8275: top1=17 top2=248069 v1=32.250000 v2=19.375000 margin=12.875000
qwen35 debug logits position 8276: top1=13 top2=4844 v1=37.750000 v2=21.875000 margin=15.875000
qwen35 debug logits position 8277: top1=4844 top2=11861 v1=38.250000 v2=24.750000 margin=13.500000
qwen35 debug logits position 8278: top1=29865 top2=2962 v1=32.750000 v2=27.000000 margin=5.750000
qwen35 debug logits position 8279: top1=2468 top2=100627 v1=38.250000 v2=23.000000 margin=15.250000
qwen35 debug logits position 8280: top1=25 top2=279 v1=32.750000 v2=32.750000 margin=0.000000
qwen35 debug logits position 8281: top1=3299 top2=4105 v1=36.500000 v2=23.000000 margin=13.500000
qwen35 debug logits position 8282: top1=328 top2=25 v1=31.375000 v2=29.125000 margin=2.250000
qwen35 debug logits position 8283: top1=76471 top2=27502 v1=37.000000 v2=23.250000 margin=13.750000
qwen35 debug logits position 8284: top1=1 top2=3158 v1=32.000000 v2=22.000000 margin=10.000000
qwen35 debug logits position 8285: top1=271 top2=198 v1=29.250000 v2=22.875000 margin=6.375000
qwen35 debug logits position 8286: top1=760 top2=40 v1=29.875000 v2=28.875000 margin=1.000000
qwen35 debug logits position 8287: top1=7359 top2=1156 v1=26.875000 v2=25.875000 margin=1.000000
qwen35 debug logits position 8288: top1=2640 top2=369 v1=32.250000 v2=25.000000 margin=7.250000
qwen35 debug logits position 8289: top1=328 top2=310 v1=31.125000 v2=23.750000 margin=7.375000
qwen35 debug logits position 8290: top1=97709 top2=96218 v1=27.250000 v2=23.000000 margin=4.250000
qwen35 debug logits position 8291: top1=100627 top2=96854 v1=36.250000 v2=22.375000 margin=13.875000
qwen35 debug logits position 8292: top1=110211 top2=1 v1=27.500000 v2=23.125000 margin=4.375000
qwen35 debug logits position 8293: top1=27502 top2=76471 v1=31.000000 v2=22.000000 margin=9.000000
qwen35 debug logits position 8294: top1=1 top2=487 v1=33.500000 v2=24.500000 margin=9.000000
qwen35 debug logits position 8295: top1=864 top2=7063 v1=37.500000 v2=26.500000 margin=11.000000
qwen35 debug logits position 8296: top1=3254 top2=44679 v1=40.750000 v2=23.875000 margin=16.875000
qwen35 debug logits position 8297: top1=328 top2=29865 v1=35.250000 v2=26.875000 margin=8.375000
qwen35 debug logits position 8298: top1=20663 top2=9252 v1=35.750000 v2=29.750000 margin=6.000000
qwen35 debug logits position 8299: top1=63421 top2=1769 v1=41.500000 v2=29.125000 margin=12.375000
qwen35 debug logits position 8300: top1=2468 top2=45447 v1=36.500000 v2=22.625000 margin=13.875000
qwen35 debug logits position 8301: top1=279 top2=1719 v1=38.000000 v2=19.250000 margin=18.750000
qwen35 debug logits position 8302: top1=3299 top2=4105 v1=37.000000 v2=22.375000 margin=14.625000
qwen35 debug logits position 8303: top1=27502 top2=359 v1=31.875000 v2=27.500000 margin=4.375000
qwen35 debug logits position 8304: top1=3158 top2=1149 v1=31.875000 v2=30.000000 margin=1.875000
qwen35 debug logits position 8305: top1=353 top2=1061 v1=29.125000 v2=24.875000 margin=4.250000
qwen35 debug logits position 8306: top1=3172 top2=1220 v1=34.000000 v2=25.750000 margin=8.250000
qwen35 debug logits position 8307: top1=2468 top2=635 v1=32.750000 v2=24.250000 margin=8.500000
qwen35 debug logits position 8308: top1=424 top2=279 v1=27.750000 v2=25.750000 margin=2.000000
qwen35 debug logits position 8309: top1=264 top2=3679 v1=30.375000 v2=28.250000 margin=2.125000
qwen35 debug logits position 8310: top1=12891 top2=2342 v1=32.750000 v2=29.500000 margin=3.250000
qwen35 debug logits position 8311: top1=1324 top2=3946 v1=35.500000 v2=20.750000 margin=14.750000
qwen35 debug logits position 8312: top1=314 top2=2942 v1=35.500000 v2=20.375000 margin=15.125000
qwen35 debug logits position 8313: top1=2942 top2=35086 v1=38.000000 v2=21.625000 margin=16.375000
qwen35 debug logits position 8314: top1=13 top2=310 v1=28.000000 v2=27.875000 margin=0.125000
qwen35 debug logits position 8315: top1=198 top2=271 v1=29.500000 v2=22.750000 margin=6.750000
qwen35 debug logits position 8316: top1=248069 top2=510 v1=35.750000 v2=20.125000 margin=15.625000
qwen35 debug logits position 8317: top1=271 top2=198 v1=41.500000 v2=20.000000 margin=21.500000
qwen35 debug logits position 8318: top1=2456 top2=9806 v1=34.750000 v2=19.125000 margin=15.625000
qwen35 debug logits position 8319: top1=55 top2=48 v1=30.125000 v2=15.187500 margin=14.937500
qwen35 debug hidden embedding position 7: min=-0.0563965 max=0.0583496 mean_abs=0.0125982
qwen35 debug hidden embedding position 35: min=-0.4277344 max=0.4238281 mean_abs=0.0028664
qwen35 debug hidden layer-000 position 7: min=-0.5625000 max=16.7500000 mean_abs=0.0586561
qwen35 debug hidden layer-000 position 35: min=-0.4257812 max=11.5625000 mean_abs=0.0205823
qwen35 debug hidden layer-003 position 7: min=-2.5937500 max=32.0000000 mean_abs=0.1003231
qwen35 debug hidden layer-003 position 35: min=-1.9453125 max=19.6250000 mean_abs=0.0595289
qwen35 debug hidden layer-031 position 7: min=-17.5000000 max=69.0000000 mean_abs=0.4904949
qwen35 debug hidden layer-031 position 35: min=-19.7500000 max=67.5000000 mean_abs=0.6557042
qwen35 debug hidden layer-032 position 7: min=-17.7500000 max=62.2500000 mean_abs=0.4821762
qwen35 debug hidden layer-032 position 35: min=-19.2500000 max=65.5000000 mean_abs=0.6752387
qwen35 debug hidden layer-060 position 7: min=-35.5000000 max=164.0000000 mean_abs=2.3281907
qwen35 debug hidden layer-060 position 35: min=-24.8750000 max=205.0000000 mean_abs=1.6617522
qwen35 debug hidden layer-063 position 7: min=-81.0000000 max=67.5000000 mean_abs=3.3108679
qwen35 debug hidden layer-063 position 35: min=-66.5000000 max=114.0000000 mean_abs=2.5784432
qwen35 debug hidden embedding position 83: min=-0.0544434 max=0.0563965 mean_abs=0.0119220
qwen35 debug hidden layer-000 position 83: min=-0.7421875 max=22.6250000 mean_abs=0.0664310
qwen35 debug hidden layer-003 position 83: min=-1.4375000 max=31.5000000 mean_abs=0.0936771
qwen35 debug hidden layer-031 position 83: min=-12.8125000 max=68.0000000 mean_abs=0.5704976
qwen35 debug hidden layer-032 position 83: min=-12.8750000 max=60.7500000 mean_abs=0.5939768
qwen35 debug hidden layer-060 position 83: min=-29.6250000 max=173.0000000 mean_abs=2.0160302
qwen35 debug hidden layer-063 position 83: min=-75.0000000 max=280.0000000 mean_abs=3.8069986
qwen35 debug logits position 0: top1=2456 top2=76471 v1=24.125000 v2=16.500000 margin=7.625000
qwen35 debug logits position 16385: top1=55 top2=48 v1=27.250000 v2=13.687500 margin=13.562500
qwen35 debug logits position 16386: top1=35205 top2=69046 v1=30.875000 v2=19.000000 margin=11.875000
qwen35 debug logits position 16387: top1=27325 top2=12 v1=25.375000 v2=14.750000 margin=10.625000
qwen35 debug logits position 16388: top1=54 top2=12100 v1=24.375000 v2=13.812500 margin=10.562500
qwen35 debug logits position 16389: top1=923 top2=268 v1=24.625000 v2=13.812500 margin=10.812500
qwen35 debug logits position 16390: top1=18 top2=12 v1=23.875000 v2=11.937500 margin=11.937500
qwen35 debug logits position 16391: top1=23 top2=12 v1=23.750000 v2=12.812500 margin=10.937500
qwen35 debug logits position 16392: top1=12 top2=19 v1=21.375000 v2=11.750000 margin=9.625000
qwen35 debug logits position 16393: top1=19 top2=17 v1=23.750000 v2=12.625000 margin=11.125000
qwen35 debug logits position 16394: top1=15 top2=16 v1=22.750000 v2=10.562500 margin=12.187500
qwen35 debug logits position 16395: top1=24 top2=19 v1=22.375000 v2=11.250000 margin=11.125000
qwen35 debug logits position 16396: top1=15 top2=198 v1=24.125000 v2=14.750000 margin=9.375000
qwen35 debug logits position 16397: top1=198 top2=27502 v1=19.375000 v2=18.500000 margin=0.875000
qwen35 debug logits position 16398: top1=76471 top2=2456 v1=21.875000 v2=15.687500 margin=6.187500
qwen35 debug logits position 16399: top1=248046 top2=198 v1=20.625000 v2=19.000000 margin=1.625000
qwen35 debug logits position 16400: top1=198 top2=59 v1=28.625000 v2=10.437500 margin=18.187500
qwen35 debug logits position 16401: top1=248044 top2=248045 v1=31.375000 v2=18.000000 margin=13.375000
qwen35 debug logits position 16402: top1=248045 top2=248044 v1=26.875000 v2=15.562500 margin=11.312500
qwen35 debug logits position 16403: top1=248045 top2=248046 v1=27.500000 v2=19.875000 margin=7.625000
qwen35 debug logits position 16404: top1=248045 top2=248068 v1=29.000000 v2=17.250000 margin=11.750000
qwen35 debug logits position 16405: top1=248068 top2=248046 v1=22.250000 v2=21.500000 margin=0.750000
qwen35 debug logits position 16406: top1=198 top2=271 v1=27.750000 v2=26.875000 margin=0.875000
qwen35 debug logits position 16407: top1=760 top2=97237 v1=26.250000 v2=22.250000 margin=4.000000
qwen35 debug logits position 16408: top1=1156 top2=97237 v1=32.500000 v2=18.125000 margin=14.375000
qwen35 debug logits position 16409: top1=369 top2=682 v1=28.625000 v2=23.875000 margin=4.750000
qwen35 debug logits position 16410: top1=9859 top2=4313 v1=32.000000 v2=22.875000 margin=9.125000
qwen35 debug logits position 16411: top1=728 top2=264 v1=30.000000 v2=17.125000 margin=12.875000
qwen35 debug logits position 16412: top1=310 top2=1118 v1=31.000000 v2=17.375000 margin=13.625000
qwen35 debug logits position 16413: top1=1118 top2=2468 v1=28.375000 v2=27.625000 margin=0.750000
qwen35 debug logits position 16414: top1=2468 top2=1301 v1=31.000000 v2=23.750000 margin=7.250000
qwen35 debug logits position 16415: top1=328 top2=279 v1=31.375000 v2=24.750000 margin=6.625000
qwen35 debug logits position 16416: top1=2456 top2=76471 v1=30.125000 v2=16.750000 margin=13.375000
qwen35 debug logits position 16417: top1=55 top2=5955 v1=30.000000 v2=17.000000 margin=13.000000
qwen35 debug logits position 16418: top1=35205 top2=37163 v1=34.750000 v2=22.500000 margin=12.250000
qwen35 debug logits position 16419: top1=27325 top2=12 v1=28.250000 v2=16.625000 margin=11.625000
qwen35 debug logits position 16420: top1=54 top2=12100 v1=30.625000 v2=16.375000 margin=14.250000
qwen35 debug logits position 16421: top1=923 top2=2629 v1=30.125000 v2=15.250000 margin=14.875000
qwen35 debug logits position 16422: top1=18 top2=17 v1=27.250000 v2=14.750000 margin=12.500000
qwen35 debug logits position 16423: top1=23 top2=24 v1=30.500000 v2=17.375000 margin=13.125000
qwen35 debug logits position 16424: top1=12 top2=19 v1=26.375000 v2=13.812500 margin=12.562500
qwen35 debug logits position 16425: top1=19 top2=15 v1=29.125000 v2=21.375000 margin=7.750000
qwen35 debug logits position 16426: top1=15 top2=45205 v1=27.000000 v2=12.875000 margin=14.125000
qwen35 debug logits position 16427: top1=24 top2=19 v1=31.625000 v2=16.625000 margin=15.000000
qwen35 debug logits position 16428: top1=15 top2=21 v1=26.500000 v2=14.062500 margin=12.437500
qwen35 debug logits position 16429: top1=1 top2=487 v1=29.125000 v2=24.000000 margin=5.125000
qwen35 debug logits position 16430: top1=321 top2=1179 v1=33.500000 v2=25.375000 margin=8.125000
qwen35 debug logits position 16431: top1=1179 top2=98118 v1=41.000000 v2=23.250000 margin=17.750000
qwen35 debug logits position 16432: top1=29865 top2=2962 v1=32.250000 v2=29.875000 margin=2.375000
qwen35 debug logits position 16433: top1=2468 top2=100627 v1=36.250000 v2=23.250000 margin=13.000000
qwen35 debug logits position 16434: top1=279 top2=328 v1=33.750000 v2=24.000000 margin=9.750000
qwen35 debug logits position 16435: top1=3299 top2=4105 v1=37.000000 v2=24.000000 margin=13.000000
qwen35 debug logits position 16436: top1=328 top2=27502 v1=37.500000 v2=18.625000 margin=18.875000
qwen35 debug logits position 16437: top1=76471 top2=27502 v1=33.750000 v2=21.750000 margin=12.000000
qwen35 debug logits position 16438: top1=3158 top2=1 v1=30.500000 v2=24.625000 margin=5.875000
qwen35 debug logits position 16439: top1=271 top2=1061 v1=26.625000 v2=26.375000 margin=0.250000
qwen35 debug logits position 16440: top1=9764 top2=1919 v1=30.750000 v2=29.375000 margin=1.375000
qwen35 debug logits position 16441: top1=728 top2=311 v1=35.750000 v2=20.875000 margin=14.875000
qwen35 debug logits position 16442: top1=1732 top2=311 v1=27.875000 v2=27.625000 margin=0.250000
qwen35 debug logits position 16443: top1=279 top2=411 v1=32.500000 v2=30.625000 margin=1.875000
qwen35 debug logits position 16444: top1=10895 top2=7359 v1=34.750000 v2=32.000000 margin=2.750000
qwen35 debug logits position 16445: top1=6681 top2=25 v1=29.375000 v2=29.000000 margin=0.375000
qwen35 debug logits position 16446: top1=25 top2=430 v1=32.000000 v2=31.000000 margin=1.000000
qwen35 debug logits position 16447: top1=198 top2=1118 v1=29.125000 v2=25.000000 margin=4.125000
qwen35 debug logits position 16448: top1=16 top2=12 v1=35.250000 v2=21.750000 margin=13.500000
qwen35 debug logits position 16449: top1=13 top2=5339 v1=34.000000 v2=15.687500 margin=18.312500
qwen35 debug logits position 16450: top1=5339 top2=8984 v1=32.500000 v2=29.875000 margin=2.625000
qwen35 debug logits position 16451: top1=2468 top2=11 v1=37.000000 v2=26.875000 margin=10.125000
qwen35 debug logits position 16452: top1=25 top2=328 v1=27.375000 v2=25.375000 margin=2.000000
qwen35 debug logits position 16453: top1=9806 top2=328 v1=31.375000 v2=22.875000 margin=8.500000
qwen35 debug logits position 16454: top1=55 top2=56 v1=31.375000 v2=15.687500 margin=15.687500
qwen35 debug logits position 16455: top1=35205 top2=37163 v1=35.500000 v2=22.750000 margin=12.750000
qwen35 debug logits position 16456: top1=27325 top2=10846 v1=33.000000 v2=18.250000 margin=14.750000
qwen35 debug logits position 16457: top1=54 top2=48 v1=32.000000 v2=18.375000 margin=13.625000
qwen35 debug logits position 16458: top1=923 top2=1762 v1=32.000000 v2=16.250000 margin=15.750000
qwen35 debug logits position 16459: top1=18 top2=17 v1=28.625000 v2=15.687500 margin=12.937500
qwen35 debug logits position 16460: top1=23 top2=24 v1=34.000000 v2=20.500000 margin=13.500000
qwen35 debug logits position 16461: top1=12 top2=20819 v1=29.875000 v2=14.000000 margin=15.875000
qwen35 debug logits position 16462: top1=19 top2=15 v1=30.500000 v2=17.625000 margin=12.875000
qwen35 debug logits position 16463: top1=15 top2=16 v1=26.500000 v2=11.812500 margin=14.687500
qwen35 debug logits position 16464: top1=24 top2=19 v1=34.250000 v2=19.375000 margin=14.875000
qwen35 debug logits position 16465: top1=15 top2=198 v1=28.750000 v2=14.625000 margin=14.125000
qwen35 debug logits position 16466: top1=198 top2=318 v1=29.625000 v2=14.750000 margin=14.875000
qwen35 debug logits position 16467: top1=17 top2=248069 v1=31.875000 v2=18.750000 margin=13.125000
qwen35 debug logits position 16468: top1=13 top2=4844 v1=38.000000 v2=22.000000 margin=16.000000
qwen35 debug logits position 16469: top1=4844 top2=11861 v1=38.500000 v2=24.875000 margin=13.625000
qwen35 debug logits position 16470: top1=29865 top2=2962 v1=33.500000 v2=27.375000 margin=6.125000
qwen35 debug logits position 16471: top1=2468 top2=100627 v1=38.250000 v2=23.125000 margin=15.125000
qwen35 debug logits position 16472: top1=25 top2=279 v1=33.250000 v2=33.250000 margin=0.000000
qwen35 debug logits position 16473: top1=3299 top2=4105 v1=37.500000 v2=23.625000 margin=13.875000
qwen35 debug logits position 16474: top1=328 top2=25 v1=31.625000 v2=29.500000 margin=2.125000
qwen35 debug logits position 16475: top1=76471 top2=27502 v1=36.500000 v2=22.875000 margin=13.625000
qwen35 debug logits position 16476: top1=1 top2=3158 v1=32.250000 v2=21.875000 margin=10.375000
qwen35 debug logits position 16477: top1=271 top2=198 v1=29.500000 v2=22.750000 margin=6.750000
qwen35 debug logits position 16478: top1=760 top2=40 v1=30.000000 v2=29.000000 margin=1.000000
qwen35 debug logits position 16479: top1=7359 top2=1156 v1=26.875000 v2=25.875000 margin=1.000000
qwen35 debug logits position 16480: top1=2640 top2=369 v1=32.250000 v2=24.750000 margin=7.500000
qwen35 debug logits position 16481: top1=328 top2=310 v1=31.375000 v2=24.250000 margin=7.125000
qwen35 debug logits position 16482: top1=97709 top2=96218 v1=28.375000 v2=22.875000 margin=5.500000
qwen35 debug logits position 16483: top1=100627 top2=96854 v1=36.250000 v2=22.375000 margin=13.875000
qwen35 debug logits position 16484: top1=110211 top2=1 v1=26.750000 v2=23.000000 margin=3.750000
qwen35 debug logits position 16485: top1=27502 top2=76471 v1=31.250000 v2=22.125000 margin=9.125000
qwen35 debug logits position 16486: top1=1 top2=487 v1=33.750000 v2=24.250000 margin=9.500000
qwen35 debug logits position 16487: top1=864 top2=7063 v1=37.750000 v2=26.375000 margin=11.375000
qwen35 debug logits position 16488: top1=3254 top2=44679 v1=41.000000 v2=24.125000 margin=16.875000
qwen35 debug logits position 16489: top1=328 top2=29865 v1=36.000000 v2=26.875000 margin=9.125000
qwen35 debug logits position 16490: top1=20663 top2=9252 v1=36.000000 v2=29.625000 margin=6.375000
qwen35 debug logits position 16491: top1=63421 top2=1769 v1=42.000000 v2=29.500000 margin=12.500000
qwen35 debug logits position 16492: top1=2468 top2=45447 v1=36.750000 v2=22.750000 margin=14.000000
qwen35 debug logits position 16493: top1=279 top2=1719 v1=38.250000 v2=19.500000 margin=18.750000
qwen35 debug logits position 16494: top1=3299 top2=4105 v1=38.000000 v2=23.000000 margin=15.000000
qwen35 debug logits position 16495: top1=27502 top2=359 v1=33.000000 v2=28.125000 margin=4.875000
qwen35 debug logits position 16496: top1=3158 top2=1149 v1=32.250000 v2=29.875000 margin=2.375000
qwen35 debug logits position 16497: top1=353 top2=1061 v1=29.750000 v2=24.875000 margin=4.875000
qwen35 debug logits position 16498: top1=3172 top2=1220 v1=34.250000 v2=25.625000 margin=8.625000
qwen35 debug logits position 16499: top1=2468 top2=635 v1=32.750000 v2=23.750000 margin=9.000000
qwen35 debug logits position 16500: top1=424 top2=279 v1=28.250000 v2=26.250000 margin=2.000000
qwen35 debug logits position 16501: top1=264 top2=3679 v1=30.125000 v2=28.500000 margin=1.625000
qwen35 debug logits position 16502: top1=12891 top2=2342 v1=33.000000 v2=28.875000 margin=4.125000
qwen35 debug logits position 16503: top1=1324 top2=3946 v1=35.750000 v2=21.125000 margin=14.625000
qwen35 debug logits position 16504: top1=314 top2=2942 v1=36.000000 v2=20.375000 margin=15.625000
qwen35 debug logits position 16505: top1=2942 top2=35086 v1=38.250000 v2=21.875000 margin=16.375000
qwen35 debug logits position 16506: top1=310 top2=13 v1=28.000000 v2=27.875000 margin=0.125000
qwen35 debug logits position 16507: top1=19264 top2=19800 v1=28.375000 v2=27.250000 margin=1.125000
qwen35 debug logits position 16508: top1=279 top2=328 v1=29.125000 v2=27.500000 margin=1.625000
qwen35 debug logits position 16509: top1=5215 top2=18677 v1=27.125000 v2=25.125000 margin=2.000000
qwen35 debug logits position 16510: top1=1973 top2=13 v1=28.875000 v2=27.875000 margin=1.000000
qwen35 debug logits position 16511: top1=1602 top2=2019 v1=27.750000 v2=24.250000 margin=3.500000
qwen35 debug hidden embedding position 7: min=-0.0563965 max=0.0583496 mean_abs=0.0125982
qwen35 debug hidden embedding position 35: min=-0.4277344 max=0.4238281 mean_abs=0.0028664
qwen35 debug hidden layer-000 position 7: min=-0.5625000 max=16.7500000 mean_abs=0.0586561
qwen35 debug hidden layer-000 position 35: min=-0.4257812 max=11.5625000 mean_abs=0.0205823
qwen35 debug hidden layer-003 position 7: min=-2.5937500 max=32.0000000 mean_abs=0.1003231
qwen35 debug hidden layer-003 position 35: min=-1.9453125 max=19.6250000 mean_abs=0.0595289
qwen35 debug hidden layer-031 position 7: min=-17.5000000 max=69.0000000 mean_abs=0.4904949
qwen35 debug hidden layer-031 position 35: min=-19.7500000 max=67.5000000 mean_abs=0.6557042
qwen35 debug hidden layer-032 position 7: min=-17.7500000 max=62.2500000 mean_abs=0.4821762
qwen35 debug hidden layer-032 position 35: min=-19.2500000 max=65.5000000 mean_abs=0.6752387
qwen35 debug hidden layer-060 position 7: min=-35.5000000 max=164.0000000 mean_abs=2.3281907
qwen35 debug hidden layer-060 position 35: min=-24.8750000 max=205.0000000 mean_abs=1.6617522
qwen35 debug hidden layer-063 position 7: min=-81.0000000 max=67.5000000 mean_abs=3.3108679
qwen35 debug hidden layer-063 position 35: min=-66.5000000 max=114.0000000 mean_abs=2.5784432
qwen35 debug hidden embedding position 83: min=-0.0544434 max=0.0563965 mean_abs=0.0119220
qwen35 debug hidden layer-000 position 83: min=-0.7421875 max=22.6250000 mean_abs=0.0664310
qwen35 debug hidden layer-003 position 83: min=-1.4375000 max=31.5000000 mean_abs=0.0936771
qwen35 debug hidden layer-031 position 83: min=-12.8125000 max=68.0000000 mean_abs=0.5704976
qwen35 debug hidden layer-032 position 83: min=-12.8750000 max=60.7500000 mean_abs=0.5939768
qwen35 debug hidden layer-060 position 83: min=-29.6250000 max=173.0000000 mean_abs=2.0160302
qwen35 debug hidden layer-063 position 83: min=-75.0000000 max=280.0000000 mean_abs=3.8069986
qwen35 debug logits position 0: top1=2456 top2=76471 v1=24.125000 v2=16.500000 margin=7.625000
qwen35 debug logits position 16385: top1=55 top2=48 v1=27.250000 v2=13.687500 margin=13.562500
qwen35 debug logits position 16386: top1=35205 top2=69046 v1=30.875000 v2=19.000000 margin=11.875000
qwen35 debug logits position 16387: top1=27325 top2=12 v1=25.375000 v2=14.750000 margin=10.625000
qwen35 debug logits position 16388: top1=54 top2=12100 v1=24.375000 v2=13.812500 margin=10.562500
qwen35 debug logits position 16389: top1=923 top2=268 v1=24.625000 v2=13.812500 margin=10.812500
qwen35 debug logits position 16390: top1=18 top2=12 v1=23.875000 v2=11.937500 margin=11.937500
qwen35 debug logits position 16391: top1=23 top2=12 v1=23.750000 v2=12.812500 margin=10.937500
qwen35 debug logits position 16392: top1=12 top2=19 v1=21.375000 v2=11.750000 margin=9.625000
qwen35 debug logits position 16393: top1=19 top2=17 v1=23.750000 v2=12.625000 margin=11.125000
qwen35 debug logits position 16394: top1=15 top2=16 v1=22.750000 v2=10.562500 margin=12.187500
qwen35 debug logits position 16395: top1=24 top2=19 v1=22.375000 v2=11.250000 margin=11.125000
qwen35 debug logits position 16396: top1=15 top2=198 v1=24.125000 v2=14.750000 margin=9.375000
qwen35 debug logits position 16397: top1=198 top2=27502 v1=19.375000 v2=18.500000 margin=0.875000
qwen35 debug logits position 16398: top1=76471 top2=2456 v1=21.875000 v2=15.687500 margin=6.187500
qwen35 debug logits position 16399: top1=248046 top2=198 v1=20.625000 v2=19.000000 margin=1.625000
qwen35 debug logits position 16400: top1=198 top2=59 v1=28.625000 v2=10.437500 margin=18.187500
qwen35 debug logits position 16401: top1=248044 top2=248045 v1=31.375000 v2=18.000000 margin=13.375000
qwen35 debug logits position 16402: top1=248045 top2=248044 v1=26.875000 v2=15.562500 margin=11.312500
qwen35 debug logits position 16403: top1=248045 top2=248046 v1=27.500000 v2=19.875000 margin=7.625000
qwen35 debug logits position 16404: top1=248045 top2=248068 v1=29.000000 v2=17.250000 margin=11.750000
qwen35 debug logits position 16405: top1=248068 top2=248046 v1=22.250000 v2=21.500000 margin=0.750000
qwen35 debug logits position 16406: top1=198 top2=271 v1=27.750000 v2=26.875000 margin=0.875000
qwen35 debug logits position 16407: top1=760 top2=97237 v1=26.250000 v2=22.250000 margin=4.000000
qwen35 debug logits position 16408: top1=1156 top2=97237 v1=32.500000 v2=18.125000 margin=14.375000
qwen35 debug logits position 16409: top1=369 top2=682 v1=28.625000 v2=23.875000 margin=4.750000
qwen35 debug logits position 16410: top1=9859 top2=4313 v1=32.000000 v2=22.875000 margin=9.125000
qwen35 debug logits position 16411: top1=728 top2=264 v1=30.000000 v2=17.125000 margin=12.875000
qwen35 debug logits position 16412: top1=310 top2=1118 v1=31.000000 v2=17.375000 margin=13.625000
qwen35 debug logits position 16413: top1=1118 top2=2468 v1=28.375000 v2=27.625000 margin=0.750000
qwen35 debug logits position 16414: top1=2468 top2=1301 v1=31.000000 v2=23.750000 margin=7.250000
qwen35 debug logits position 16415: top1=328 top2=279 v1=31.375000 v2=24.750000 margin=6.625000
qwen35 debug logits position 16416: top1=2456 top2=76471 v1=30.125000 v2=16.750000 margin=13.375000
qwen35 debug logits position 16417: top1=55 top2=5955 v1=30.000000 v2=17.000000 margin=13.000000
qwen35 debug logits position 16418: top1=35205 top2=37163 v1=34.750000 v2=22.500000 margin=12.250000
qwen35 debug logits position 16419: top1=27325 top2=12 v1=28.250000 v2=16.625000 margin=11.625000
qwen35 debug logits position 16420: top1=54 top2=12100 v1=30.625000 v2=16.375000 margin=14.250000
qwen35 debug logits position 16421: top1=923 top2=2629 v1=30.125000 v2=15.250000 margin=14.875000
qwen35 debug logits position 16422: top1=18 top2=17 v1=27.250000 v2=14.750000 margin=12.500000
qwen35 debug logits position 16423: top1=23 top2=24 v1=30.500000 v2=17.375000 margin=13.125000
qwen35 debug logits position 16424: top1=12 top2=19 v1=26.375000 v2=13.812500 margin=12.562500
qwen35 debug logits position 16425: top1=19 top2=15 v1=29.125000 v2=21.375000 margin=7.750000
qwen35 debug logits position 16426: top1=15 top2=45205 v1=27.000000 v2=12.875000 margin=14.125000
qwen35 debug logits position 16427: top1=24 top2=19 v1=31.625000 v2=16.625000 margin=15.000000
qwen35 debug logits position 16428: top1=15 top2=21 v1=26.500000 v2=14.062500 margin=12.437500
qwen35 debug logits position 16429: top1=1 top2=487 v1=29.125000 v2=24.000000 margin=5.125000
qwen35 debug logits position 16430: top1=321 top2=1179 v1=33.500000 v2=25.375000 margin=8.125000
qwen35 debug logits position 16431: top1=1179 top2=98118 v1=41.000000 v2=23.250000 margin=17.750000
qwen35 debug logits position 16432: top1=29865 top2=2962 v1=32.250000 v2=29.875000 margin=2.375000
qwen35 debug logits position 16433: top1=2468 top2=100627 v1=36.250000 v2=23.250000 margin=13.000000
qwen35 debug logits position 16434: top1=279 top2=328 v1=33.750000 v2=24.000000 margin=9.750000
qwen35 debug logits position 16435: top1=3299 top2=4105 v1=37.000000 v2=24.000000 margin=13.000000
qwen35 debug logits position 16436: top1=328 top2=27502 v1=37.500000 v2=18.625000 margin=18.875000
qwen35 debug logits position 16437: top1=76471 top2=27502 v1=33.750000 v2=21.750000 margin=12.000000
qwen35 debug logits position 16438: top1=3158 top2=1 v1=30.500000 v2=24.625000 margin=5.875000
qwen35 debug logits position 16439: top1=271 top2=1061 v1=26.625000 v2=26.375000 margin=0.250000
qwen35 debug logits position 16440: top1=9764 top2=1919 v1=30.750000 v2=29.375000 margin=1.375000
qwen35 debug logits position 16441: top1=728 top2=311 v1=35.750000 v2=20.875000 margin=14.875000
qwen35 debug logits position 16442: top1=1732 top2=311 v1=27.875000 v2=27.625000 margin=0.250000
qwen35 debug logits position 16443: top1=279 top2=411 v1=32.500000 v2=30.625000 margin=1.875000
qwen35 debug logits position 16444: top1=10895 top2=7359 v1=34.750000 v2=32.000000 margin=2.750000
qwen35 debug logits position 16445: top1=6681 top2=25 v1=29.375000 v2=29.000000 margin=0.375000
qwen35 debug logits position 16446: top1=25 top2=430 v1=32.000000 v2=31.000000 margin=1.000000
qwen35 debug logits position 16447: top1=198 top2=1118 v1=29.125000 v2=25.000000 margin=4.125000
qwen35 debug logits position 16448: top1=16 top2=12 v1=35.250000 v2=21.750000 margin=13.500000
qwen35 debug logits position 16449: top1=13 top2=5339 v1=34.000000 v2=15.687500 margin=18.312500
qwen35 debug logits position 16450: top1=5339 top2=8984 v1=32.500000 v2=29.875000 margin=2.625000
qwen35 debug logits position 16451: top1=2468 top2=11 v1=37.000000 v2=26.875000 margin=10.125000
qwen35 debug logits position 16452: top1=25 top2=328 v1=27.375000 v2=25.375000 margin=2.000000
qwen35 debug logits position 16453: top1=9806 top2=328 v1=31.375000 v2=22.875000 margin=8.500000
qwen35 debug logits position 16454: top1=55 top2=56 v1=31.375000 v2=15.687500 margin=15.687500
qwen35 debug logits position 16455: top1=35205 top2=37163 v1=35.500000 v2=22.750000 margin=12.750000
qwen35 debug logits position 16456: top1=27325 top2=10846 v1=33.000000 v2=18.250000 margin=14.750000
qwen35 debug logits position 16457: top1=54 top2=48 v1=32.000000 v2=18.375000 margin=13.625000
qwen35 debug logits position 16458: top1=923 top2=1762 v1=32.000000 v2=16.250000 margin=15.750000
qwen35 debug logits position 16459: top1=18 top2=17 v1=28.625000 v2=15.687500 margin=12.937500
qwen35 debug logits position 16460: top1=23 top2=24 v1=34.000000 v2=20.500000 margin=13.500000
qwen35 debug logits position 16461: top1=12 top2=20819 v1=29.875000 v2=14.000000 margin=15.875000
qwen35 debug logits position 16462: top1=19 top2=15 v1=30.500000 v2=17.625000 margin=12.875000
qwen35 debug logits position 16463: top1=15 top2=16 v1=26.500000 v2=11.812500 margin=14.687500
qwen35 debug logits position 16464: top1=24 top2=19 v1=34.250000 v2=19.375000 margin=14.875000
qwen35 debug logits position 16465: top1=15 top2=198 v1=28.750000 v2=14.625000 margin=14.125000
qwen35 debug logits position 16466: top1=198 top2=318 v1=29.625000 v2=14.750000 margin=14.875000
qwen35 debug logits position 16467: top1=17 top2=248069 v1=31.875000 v2=18.750000 margin=13.125000
qwen35 debug logits position 16468: top1=13 top2=4844 v1=38.000000 v2=22.000000 margin=16.000000
qwen35 debug logits position 16469: top1=4844 top2=11861 v1=38.500000 v2=24.875000 margin=13.625000
qwen35 debug logits position 16470: top1=29865 top2=2962 v1=33.500000 v2=27.375000 margin=6.125000
qwen35 debug logits position 16471: top1=2468 top2=100627 v1=38.250000 v2=23.125000 margin=15.125000
qwen35 debug logits position 16472: top1=25 top2=279 v1=33.250000 v2=33.250000 margin=0.000000
qwen35 debug logits position 16473: top1=3299 top2=4105 v1=37.500000 v2=23.625000 margin=13.875000
qwen35 debug logits position 16474: top1=328 top2=25 v1=31.625000 v2=29.500000 margin=2.125000
qwen35 debug logits position 16475: top1=76471 top2=27502 v1=36.500000 v2=22.875000 margin=13.625000
qwen35 debug logits position 16476: top1=1 top2=3158 v1=32.250000 v2=21.875000 margin=10.375000
qwen35 debug logits position 16477: top1=271 top2=198 v1=29.500000 v2=22.750000 margin=6.750000
qwen35 debug logits position 16478: top1=760 top2=40 v1=30.000000 v2=29.000000 margin=1.000000
qwen35 debug logits position 16479: top1=7359 top2=1156 v1=26.875000 v2=25.875000 margin=1.000000
qwen35 debug logits position 16480: top1=2640 top2=369 v1=32.250000 v2=24.750000 margin=7.500000
qwen35 debug logits position 16481: top1=328 top2=310 v1=31.375000 v2=24.250000 margin=7.125000
qwen35 debug logits position 16482: top1=97709 top2=96218 v1=28.375000 v2=22.875000 margin=5.500000
qwen35 debug logits position 16483: top1=100627 top2=96854 v1=36.250000 v2=22.375000 margin=13.875000
qwen35 debug logits position 16484: top1=110211 top2=1 v1=26.750000 v2=23.000000 margin=3.750000
qwen35 debug logits position 16485: top1=27502 top2=76471 v1=31.250000 v2=22.125000 margin=9.125000
qwen35 debug logits position 16486: top1=1 top2=487 v1=33.750000 v2=24.250000 margin=9.500000
qwen35 debug logits position 16487: top1=864 top2=7063 v1=37.750000 v2=26.375000 margin=11.375000
qwen35 debug logits position 16488: top1=3254 top2=44679 v1=41.000000 v2=24.125000 margin=16.875000
qwen35 debug logits position 16489: top1=328 top2=29865 v1=36.000000 v2=26.875000 margin=9.125000
qwen35 debug logits position 16490: top1=20663 top2=9252 v1=36.000000 v2=29.625000 margin=6.375000
qwen35 debug logits position 16491: top1=63421 top2=1769 v1=42.000000 v2=29.500000 margin=12.500000
qwen35 debug logits position 16492: top1=2468 top2=45447 v1=36.750000 v2=22.750000 margin=14.000000
qwen35 debug logits position 16493: top1=279 top2=1719 v1=38.250000 v2=19.500000 margin=18.750000
qwen35 debug logits position 16494: top1=3299 top2=4105 v1=38.000000 v2=23.000000 margin=15.000000
qwen35 debug logits position 16495: top1=27502 top2=359 v1=33.000000 v2=28.125000 margin=4.875000
qwen35 debug logits position 16496: top1=3158 top2=1149 v1=32.250000 v2=29.875000 margin=2.375000
qwen35 debug logits position 16497: top1=353 top2=1061 v1=29.750000 v2=24.875000 margin=4.875000
qwen35 debug logits position 16498: top1=3172 top2=1220 v1=34.250000 v2=25.625000 margin=8.625000
qwen35 debug logits position 16499: top1=2468 top2=635 v1=32.750000 v2=23.750000 margin=9.000000
qwen35 debug logits position 16500: top1=424 top2=279 v1=28.250000 v2=26.250000 margin=2.000000
qwen35 debug logits position 16501: top1=264 top2=3679 v1=30.125000 v2=28.500000 margin=1.625000
qwen35 debug logits position 16502: top1=12891 top2=2342 v1=33.000000 v2=28.875000 margin=4.125000
qwen35 debug logits position 16503: top1=1324 top2=3946 v1=35.750000 v2=21.125000 margin=14.625000
qwen35 debug logits position 16504: top1=314 top2=2942 v1=36.000000 v2=20.375000 margin=15.625000
qwen35 debug logits position 16505: top1=2942 top2=35086 v1=38.250000 v2=21.875000 margin=16.375000
qwen35 debug logits position 16506: top1=310 top2=13 v1=28.000000 v2=27.875000 margin=0.125000
qwen35 debug logits position 16507: top1=19264 top2=19800 v1=28.375000 v2=27.250000 margin=1.125000
qwen35 debug logits position 16508: top1=279 top2=328 v1=29.125000 v2=27.500000 margin=1.625000
qwen35 debug logits position 16509: top1=5215 top2=18677 v1=27.125000 v2=25.125000 margin=2.000000
qwen35 debug logits position 16510: top1=1973 top2=13 v1=28.875000 v2=27.875000 margin=1.000000
qwen35 debug logits position 16511: top1=1602 top2=2019 v1=27.750000 v2=24.250000 margin=3.500000
qwen35 debug hidden embedding position 7: min=-0.0563965 max=0.0583496 mean_abs=0.0125982
qwen35 debug hidden embedding position 35: min=-0.4277344 max=0.4238281 mean_abs=0.0028664
qwen35 debug hidden layer-000 position 7: min=-0.5625000 max=16.7500000 mean_abs=0.0586561
qwen35 debug hidden layer-000 position 35: min=-0.4257812 max=11.5625000 mean_abs=0.0205823
qwen35 debug hidden layer-003 position 7: min=-2.5937500 max=32.0000000 mean_abs=0.1003231
qwen35 debug hidden layer-003 position 35: min=-1.9453125 max=19.6250000 mean_abs=0.0595289
qwen35 debug hidden layer-031 position 7: min=-17.5000000 max=69.0000000 mean_abs=0.4904949
qwen35 debug hidden layer-031 position 35: min=-19.7500000 max=67.5000000 mean_abs=0.6557042
qwen35 debug hidden layer-032 position 7: min=-17.7500000 max=62.2500000 mean_abs=0.4821762
qwen35 debug hidden layer-032 position 35: min=-19.2500000 max=65.5000000 mean_abs=0.6752387
qwen35 debug hidden layer-060 position 7: min=-35.5000000 max=164.0000000 mean_abs=2.3281907
qwen35 debug hidden layer-060 position 35: min=-24.8750000 max=205.0000000 mean_abs=1.6617522
qwen35 debug hidden layer-063 position 7: min=-81.0000000 max=67.5000000 mean_abs=3.3108679
qwen35 debug hidden layer-063 position 35: min=-66.5000000 max=114.0000000 mean_abs=2.5784432
qwen35 debug hidden embedding position 83: min=-0.0544434 max=0.0563965 mean_abs=0.0119220
qwen35 debug hidden layer-000 position 83: min=-0.7421875 max=22.6250000 mean_abs=0.0664310
qwen35 debug hidden layer-003 position 83: min=-1.4375000 max=31.5000000 mean_abs=0.0936771
qwen35 debug hidden layer-031 position 83: min=-12.8125000 max=68.0000000 mean_abs=0.5704976
qwen35 debug hidden layer-032 position 83: min=-12.8750000 max=60.7500000 mean_abs=0.5939768
qwen35 debug hidden layer-060 position 83: min=-29.6250000 max=173.0000000 mean_abs=2.0160302
qwen35 debug hidden layer-063 position 83: min=-75.0000000 max=280.0000000 mean_abs=3.8069986
qwen35 debug logits position 0: top1=2456 top2=76471 v1=24.125000 v2=16.500000 margin=7.625000
qwen35 debug logits position 16385: top1=55 top2=48 v1=27.250000 v2=13.687500 margin=13.562500
qwen35 debug logits position 16386: top1=35205 top2=69046 v1=30.875000 v2=19.000000 margin=11.875000
qwen35 debug logits position 16387: top1=27325 top2=12 v1=25.375000 v2=14.750000 margin=10.625000
qwen35 debug logits position 16388: top1=54 top2=12100 v1=24.375000 v2=13.812500 margin=10.562500
qwen35 debug logits position 16389: top1=923 top2=268 v1=24.625000 v2=13.812500 margin=10.812500
qwen35 debug logits position 16390: top1=18 top2=12 v1=23.875000 v2=11.937500 margin=11.937500
qwen35 debug logits position 16391: top1=23 top2=12 v1=23.750000 v2=12.812500 margin=10.937500
qwen35 debug logits position 16392: top1=12 top2=19 v1=21.375000 v2=11.750000 margin=9.625000
qwen35 debug logits position 16393: top1=19 top2=17 v1=23.750000 v2=12.625000 margin=11.125000
qwen35 debug logits position 16394: top1=15 top2=16 v1=22.750000 v2=10.562500 margin=12.187500
qwen35 debug logits position 16395: top1=24 top2=19 v1=22.375000 v2=11.250000 margin=11.125000
qwen35 debug logits position 16396: top1=15 top2=198 v1=24.125000 v2=14.750000 margin=9.375000
qwen35 debug logits position 16397: top1=198 top2=27502 v1=19.375000 v2=18.500000 margin=0.875000
qwen35 debug logits position 16398: top1=76471 top2=2456 v1=21.875000 v2=15.687500 margin=6.187500
qwen35 debug logits position 16399: top1=248046 top2=198 v1=20.625000 v2=19.000000 margin=1.625000
qwen35 debug logits position 16400: top1=198 top2=59 v1=28.625000 v2=10.437500 margin=18.187500
qwen35 debug logits position 16401: top1=248044 top2=248045 v1=31.375000 v2=18.000000 margin=13.375000
qwen35 debug logits position 16402: top1=248045 top2=248044 v1=26.875000 v2=15.562500 margin=11.312500
qwen35 debug logits position 16403: top1=248045 top2=248046 v1=27.500000 v2=19.875000 margin=7.625000
qwen35 debug logits position 16404: top1=248045 top2=248068 v1=29.000000 v2=17.250000 margin=11.750000
qwen35 debug logits position 16405: top1=248068 top2=248046 v1=22.250000 v2=21.500000 margin=0.750000
qwen35 debug logits position 16406: top1=198 top2=271 v1=27.750000 v2=26.875000 margin=0.875000
qwen35 debug logits position 16407: top1=760 top2=97237 v1=26.250000 v2=22.250000 margin=4.000000
qwen35 debug logits position 16408: top1=1156 top2=97237 v1=32.500000 v2=18.125000 margin=14.375000
qwen35 debug logits position 16409: top1=369 top2=682 v1=28.625000 v2=23.875000 margin=4.750000
qwen35 debug logits position 16410: top1=9859 top2=4313 v1=32.000000 v2=22.875000 margin=9.125000
qwen35 debug logits position 16411: top1=728 top2=264 v1=30.000000 v2=17.125000 margin=12.875000
qwen35 debug logits position 16412: top1=310 top2=1118 v1=31.000000 v2=17.375000 margin=13.625000
qwen35 debug logits position 16413: top1=1118 top2=2468 v1=28.375000 v2=27.625000 margin=0.750000
qwen35 debug logits position 16414: top1=2468 top2=1301 v1=31.000000 v2=23.750000 margin=7.250000
qwen35 debug logits position 16415: top1=328 top2=279 v1=31.375000 v2=24.750000 margin=6.625000
qwen35 debug logits position 16416: top1=2456 top2=76471 v1=30.125000 v2=16.750000 margin=13.375000
qwen35 debug logits position 16417: top1=55 top2=5955 v1=30.000000 v2=17.000000 margin=13.000000
qwen35 debug logits position 16418: top1=35205 top2=37163 v1=34.750000 v2=22.500000 margin=12.250000
qwen35 debug logits position 16419: top1=27325 top2=12 v1=28.250000 v2=16.625000 margin=11.625000
qwen35 debug logits position 16420: top1=54 top2=12100 v1=30.625000 v2=16.375000 margin=14.250000
qwen35 debug logits position 16421: top1=923 top2=2629 v1=30.125000 v2=15.250000 margin=14.875000
qwen35 debug logits position 16422: top1=18 top2=17 v1=27.250000 v2=14.750000 margin=12.500000
qwen35 debug logits position 16423: top1=23 top2=24 v1=30.500000 v2=17.375000 margin=13.125000
qwen35 debug logits position 16424: top1=12 top2=19 v1=26.375000 v2=13.812500 margin=12.562500
qwen35 debug logits position 16425: top1=19 top2=15 v1=29.125000 v2=21.375000 margin=7.750000
qwen35 debug logits position 16426: top1=15 top2=45205 v1=27.000000 v2=12.875000 margin=14.125000
qwen35 debug logits position 16427: top1=24 top2=19 v1=31.625000 v2=16.625000 margin=15.000000
qwen35 debug logits position 16428: top1=15 top2=21 v1=26.500000 v2=14.062500 margin=12.437500
qwen35 debug logits position 16429: top1=1 top2=487 v1=29.125000 v2=24.000000 margin=5.125000
qwen35 debug logits position 16430: top1=321 top2=1179 v1=33.500000 v2=25.375000 margin=8.125000
qwen35 debug logits position 16431: top1=1179 top2=98118 v1=41.000000 v2=23.250000 margin=17.750000
qwen35 debug logits position 16432: top1=29865 top2=2962 v1=32.250000 v2=29.875000 margin=2.375000
qwen35 debug logits position 16433: top1=2468 top2=100627 v1=36.250000 v2=23.250000 margin=13.000000
qwen35 debug logits position 16434: top1=279 top2=328 v1=33.750000 v2=24.000000 margin=9.750000
qwen35 debug logits position 16435: top1=3299 top2=4105 v1=37.000000 v2=24.000000 margin=13.000000
qwen35 debug logits position 16436: top1=328 top2=27502 v1=37.500000 v2=18.625000 margin=18.875000
qwen35 debug logits position 16437: top1=76471 top2=27502 v1=33.750000 v2=21.750000 margin=12.000000
qwen35 debug logits position 16438: top1=3158 top2=1 v1=30.500000 v2=24.625000 margin=5.875000
qwen35 debug logits position 16439: top1=271 top2=1061 v1=26.625000 v2=26.375000 margin=0.250000
qwen35 debug logits position 16440: top1=9764 top2=1919 v1=30.750000 v2=29.375000 margin=1.375000
qwen35 debug logits position 16441: top1=728 top2=311 v1=35.750000 v2=20.875000 margin=14.875000
qwen35 debug logits position 16442: top1=1732 top2=311 v1=27.875000 v2=27.625000 margin=0.250000
qwen35 debug logits position 16443: top1=279 top2=411 v1=32.500000 v2=30.625000 margin=1.875000
qwen35 debug logits position 16444: top1=10895 top2=7359 v1=34.750000 v2=32.000000 margin=2.750000
qwen35 debug logits position 16445: top1=6681 top2=25 v1=29.375000 v2=29.000000 margin=0.375000
qwen35 debug logits position 16446: top1=25 top2=430 v1=32.000000 v2=31.000000 margin=1.000000
qwen35 debug logits position 16447: top1=198 top2=1118 v1=29.125000 v2=25.000000 margin=4.125000
qwen35 debug logits position 16448: top1=16 top2=12 v1=35.250000 v2=21.750000 margin=13.500000
qwen35 debug logits position 16449: top1=13 top2=5339 v1=34.000000 v2=15.687500 margin=18.312500
qwen35 debug logits position 16450: top1=5339 top2=8984 v1=32.500000 v2=29.875000 margin=2.625000
qwen35 debug logits position 16451: top1=2468 top2=11 v1=37.000000 v2=26.875000 margin=10.125000
qwen35 debug logits position 16452: top1=25 top2=328 v1=27.375000 v2=25.375000 margin=2.000000
qwen35 debug logits position 16453: top1=9806 top2=328 v1=31.375000 v2=22.875000 margin=8.500000
qwen35 debug logits position 16454: top1=55 top2=56 v1=31.375000 v2=15.687500 margin=15.687500
qwen35 debug logits position 16455: top1=35205 top2=37163 v1=35.500000 v2=22.750000 margin=12.750000
qwen35 debug logits position 16456: top1=27325 top2=10846 v1=33.000000 v2=18.250000 margin=14.750000
qwen35 debug logits position 16457: top1=54 top2=48 v1=32.000000 v2=18.375000 margin=13.625000
qwen35 debug logits position 16458: top1=923 top2=1762 v1=32.000000 v2=16.250000 margin=15.750000
qwen35 debug logits position 16459: top1=18 top2=17 v1=28.625000 v2=15.687500 margin=12.937500
qwen35 debug logits position 16460: top1=23 top2=24 v1=34.000000 v2=20.500000 margin=13.500000
qwen35 debug logits position 16461: top1=12 top2=20819 v1=29.875000 v2=14.000000 margin=15.875000
qwen35 debug logits position 16462: top1=19 top2=15 v1=30.500000 v2=17.625000 margin=12.875000
qwen35 debug logits position 16463: top1=15 top2=16 v1=26.500000 v2=11.812500 margin=14.687500
qwen35 debug logits position 16464: top1=24 top2=19 v1=34.250000 v2=19.375000 margin=14.875000
qwen35 debug logits position 16465: top1=15 top2=198 v1=28.750000 v2=14.625000 margin=14.125000
qwen35 debug logits position 16466: top1=198 top2=318 v1=29.625000 v2=14.750000 margin=14.875000
qwen35 debug logits position 16467: top1=17 top2=248069 v1=31.875000 v2=18.750000 margin=13.125000
qwen35 debug logits position 16468: top1=13 top2=4844 v1=38.000000 v2=22.000000 margin=16.000000
qwen35 debug logits position 16469: top1=4844 top2=11861 v1=38.500000 v2=24.875000 margin=13.625000
qwen35 debug logits position 16470: top1=29865 top2=2962 v1=33.500000 v2=27.375000 margin=6.125000
qwen35 debug logits position 16471: top1=2468 top2=100627 v1=38.250000 v2=23.125000 margin=15.125000
qwen35 debug logits position 16472: top1=25 top2=279 v1=33.250000 v2=33.250000 margin=0.000000
qwen35 debug logits position 16473: top1=3299 top2=4105 v1=37.500000 v2=23.625000 margin=13.875000
qwen35 debug logits position 16474: top1=328 top2=25 v1=31.625000 v2=29.500000 margin=2.125000
qwen35 debug logits position 16475: top1=76471 top2=27502 v1=36.500000 v2=22.875000 margin=13.625000
qwen35 debug logits position 16476: top1=1 top2=3158 v1=32.250000 v2=21.875000 margin=10.375000
qwen35 debug logits position 16477: top1=271 top2=198 v1=29.500000 v2=22.750000 margin=6.750000
qwen35 debug logits position 16478: top1=760 top2=40 v1=30.000000 v2=29.000000 margin=1.000000
qwen35 debug logits position 16479: top1=7359 top2=1156 v1=26.875000 v2=25.875000 margin=1.000000
qwen35 debug logits position 16480: top1=2640 top2=369 v1=32.250000 v2=24.750000 margin=7.500000
qwen35 debug logits position 16481: top1=328 top2=310 v1=31.375000 v2=24.250000 margin=7.125000
qwen35 debug logits position 16482: top1=97709 top2=96218 v1=28.375000 v2=22.875000 margin=5.500000
qwen35 debug logits position 16483: top1=100627 top2=96854 v1=36.250000 v2=22.375000 margin=13.875000
qwen35 debug logits position 16484: top1=110211 top2=1 v1=26.750000 v2=23.000000 margin=3.750000
qwen35 debug logits position 16485: top1=27502 top2=76471 v1=31.250000 v2=22.125000 margin=9.125000
qwen35 debug logits position 16486: top1=1 top2=487 v1=33.750000 v2=24.250000 margin=9.500000
qwen35 debug logits position 16487: top1=864 top2=7063 v1=37.750000 v2=26.375000 margin=11.375000
qwen35 debug logits position 16488: top1=3254 top2=44679 v1=41.000000 v2=24.125000 margin=16.875000
qwen35 debug logits position 16489: top1=328 top2=29865 v1=36.000000 v2=26.875000 margin=9.125000
qwen35 debug logits position 16490: top1=20663 top2=9252 v1=36.000000 v2=29.625000 margin=6.375000
qwen35 debug logits position 16491: top1=63421 top2=1769 v1=42.000000 v2=29.500000 margin=12.500000
qwen35 debug logits position 16492: top1=2468 top2=45447 v1=36.750000 v2=22.750000 margin=14.000000
qwen35 debug logits position 16493: top1=279 top2=1719 v1=38.250000 v2=19.500000 margin=18.750000
qwen35 debug logits position 16494: top1=3299 top2=4105 v1=38.000000 v2=23.000000 margin=15.000000
qwen35 debug logits position 16495: top1=27502 top2=359 v1=33.000000 v2=28.125000 margin=4.875000
qwen35 debug logits position 16496: top1=3158 top2=1149 v1=32.250000 v2=29.875000 margin=2.375000
qwen35 debug logits position 16497: top1=353 top2=1061 v1=29.750000 v2=24.875000 margin=4.875000
qwen35 debug logits position 16498: top1=3172 top2=1220 v1=34.250000 v2=25.625000 margin=8.625000
qwen35 debug logits position 16499: top1=2468 top2=635 v1=32.750000 v2=23.750000 margin=9.000000
qwen35 debug logits position 16500: top1=424 top2=279 v1=28.250000 v2=26.250000 margin=2.000000
qwen35 debug logits position 16501: top1=264 top2=3679 v1=30.125000 v2=28.500000 margin=1.625000
qwen35 debug logits position 16502: top1=12891 top2=2342 v1=33.000000 v2=28.875000 margin=4.125000
qwen35 debug logits position 16503: top1=1324 top2=3946 v1=35.750000 v2=21.125000 margin=14.625000
qwen35 debug logits position 16504: top1=314 top2=2942 v1=36.000000 v2=20.375000 margin=15.625000
qwen35 debug logits position 16505: top1=2942 top2=35086 v1=38.250000 v2=21.875000 margin=16.375000
qwen35 debug logits position 16506: top1=310 top2=13 v1=28.000000 v2=27.875000 margin=0.125000
qwen35 debug logits position 16507: top1=19264 top2=19800 v1=28.375000 v2=27.250000 margin=1.125000
qwen35 debug logits position 16508: top1=279 top2=328 v1=29.125000 v2=27.500000 margin=1.625000
qwen35 debug logits position 16509: top1=5215 top2=18677 v1=27.125000 v2=25.125000 margin=2.000000
qwen35 debug logits position 16510: top1=1973 top2=13 v1=28.875000 v2=27.875000 margin=1.000000
qwen35 debug logits position 16511: top1=1602 top2=2019 v1=27.750000 v2=24.250000 margin=3.500000
qwen35 debug hidden embedding position 7: min=-0.0563965 max=0.0583496 mean_abs=0.0125982
qwen35 debug hidden embedding position 35: min=-0.4277344 max=0.4238281 mean_abs=0.0028664
qwen35 debug hidden layer-000 position 7: min=-0.5625000 max=16.7500000 mean_abs=0.0586561
qwen35 debug hidden layer-000 position 35: min=-0.4257812 max=11.5625000 mean_abs=0.0205823
qwen35 debug hidden layer-003 position 7: min=-2.5937500 max=32.0000000 mean_abs=0.1003231
qwen35 debug hidden layer-003 position 35: min=-1.9453125 max=19.6250000 mean_abs=0.0595289
qwen35 debug hidden layer-031 position 7: min=-17.5000000 max=69.0000000 mean_abs=0.4904949
qwen35 debug hidden layer-031 position 35: min=-19.7500000 max=67.5000000 mean_abs=0.6557042
qwen35 debug hidden layer-032 position 7: min=-17.7500000 max=62.2500000 mean_abs=0.4821762
qwen35 debug hidden layer-032 position 35: min=-19.2500000 max=65.5000000 mean_abs=0.6752387
qwen35 debug hidden layer-060 position 7: min=-35.5000000 max=164.0000000 mean_abs=2.3281907
qwen35 debug hidden layer-060 position 35: min=-24.8750000 max=205.0000000 mean_abs=1.6617522
qwen35 debug hidden layer-063 position 7: min=-81.0000000 max=67.5000000 mean_abs=3.3108679
qwen35 debug hidden layer-063 position 35: min=-66.5000000 max=114.0000000 mean_abs=2.5784432
qwen35 debug hidden embedding position 83: min=-0.0544434 max=0.0563965 mean_abs=0.0119220
qwen35 debug hidden layer-000 position 83: min=-0.7421875 max=22.6250000 mean_abs=0.0664310
qwen35 debug hidden layer-003 position 83: min=-1.4375000 max=31.5000000 mean_abs=0.0936771
qwen35 debug hidden layer-031 position 83: min=-12.8125000 max=68.0000000 mean_abs=0.5704976
qwen35 debug hidden layer-032 position 83: min=-12.8750000 max=60.7500000 mean_abs=0.5939768
qwen35 debug hidden layer-060 position 83: min=-29.6250000 max=173.0000000 mean_abs=2.0160302
qwen35 debug hidden layer-063 position 83: min=-75.0000000 max=280.0000000 mean_abs=3.8069986
qwen35 debug logits position 0: top1=2456 top2=76471 v1=24.125000 v2=16.500000 margin=7.625000
qwen35 debug logits position 16385: top1=55 top2=48 v1=27.250000 v2=13.687500 margin=13.562500
qwen35 debug logits position 16386: top1=35205 top2=69046 v1=30.875000 v2=19.000000 margin=11.875000
qwen35 debug logits position 16387: top1=27325 top2=12 v1=25.375000 v2=14.750000 margin=10.625000
qwen35 debug logits position 16388: top1=54 top2=12100 v1=24.375000 v2=13.812500 margin=10.562500
qwen35 debug logits position 16389: top1=923 top2=268 v1=24.625000 v2=13.812500 margin=10.812500
qwen35 debug logits position 16390: top1=18 top2=12 v1=23.875000 v2=11.937500 margin=11.937500
qwen35 debug logits position 16391: top1=23 top2=12 v1=23.750000 v2=12.812500 margin=10.937500
qwen35 debug logits position 16392: top1=12 top2=19 v1=21.375000 v2=11.750000 margin=9.625000
qwen35 debug logits position 16393: top1=19 top2=17 v1=23.750000 v2=12.625000 margin=11.125000
qwen35 debug logits position 16394: top1=15 top2=16 v1=22.750000 v2=10.562500 margin=12.187500
qwen35 debug logits position 16395: top1=24 top2=19 v1=22.375000 v2=11.250000 margin=11.125000
qwen35 debug logits position 16396: top1=15 top2=198 v1=24.125000 v2=14.750000 margin=9.375000
qwen35 debug logits position 16397: top1=198 top2=27502 v1=19.375000 v2=18.500000 margin=0.875000
qwen35 debug logits position 16398: top1=76471 top2=2456 v1=21.875000 v2=15.687500 margin=6.187500
qwen35 debug logits position 16399: top1=248046 top2=198 v1=20.625000 v2=19.000000 margin=1.625000
qwen35 debug logits position 16400: top1=198 top2=59 v1=28.625000 v2=10.437500 margin=18.187500
qwen35 debug logits position 16401: top1=248044 top2=248045 v1=31.375000 v2=18.000000 margin=13.375000
qwen35 debug logits position 16402: top1=248045 top2=248044 v1=26.875000 v2=15.562500 margin=11.312500
qwen35 debug logits position 16403: top1=248045 top2=248046 v1=27.500000 v2=19.875000 margin=7.625000
qwen35 debug logits position 16404: top1=248045 top2=248068 v1=29.000000 v2=17.250000 margin=11.750000
qwen35 debug logits position 16405: top1=248068 top2=248046 v1=22.250000 v2=21.500000 margin=0.750000
qwen35 debug logits position 16406: top1=198 top2=271 v1=27.750000 v2=26.875000 margin=0.875000
qwen35 debug logits position 16407: top1=760 top2=97237 v1=26.250000 v2=22.250000 margin=4.000000
qwen35 debug logits position 16408: top1=1156 top2=97237 v1=32.500000 v2=18.125000 margin=14.375000
qwen35 debug logits position 16409: top1=369 top2=682 v1=28.625000 v2=23.875000 margin=4.750000
qwen35 debug logits position 16410: top1=9859 top2=4313 v1=32.000000 v2=22.875000 margin=9.125000
qwen35 debug logits position 16411: top1=728 top2=264 v1=30.000000 v2=17.125000 margin=12.875000
qwen35 debug logits position 16412: top1=310 top2=1118 v1=31.000000 v2=17.375000 margin=13.625000
qwen35 debug logits position 16413: top1=1118 top2=2468 v1=28.375000 v2=27.625000 margin=0.750000
qwen35 debug logits position 16414: top1=2468 top2=1301 v1=31.000000 v2=23.750000 margin=7.250000
qwen35 debug logits position 16415: top1=328 top2=279 v1=31.375000 v2=24.750000 margin=6.625000
qwen35 debug logits position 16416: top1=2456 top2=76471 v1=30.125000 v2=16.750000 margin=13.375000
qwen35 debug logits position 16417: top1=55 top2=5955 v1=30.000000 v2=17.000000 margin=13.000000
qwen35 debug logits position 16418: top1=35205 top2=37163 v1=34.750000 v2=22.500000 margin=12.250000
qwen35 debug logits position 16419: top1=27325 top2=12 v1=28.250000 v2=16.625000 margin=11.625000
qwen35 debug logits position 16420: top1=54 top2=12100 v1=30.625000 v2=16.375000 margin=14.250000
qwen35 debug logits position 16421: top1=923 top2=2629 v1=30.125000 v2=15.250000 margin=14.875000
qwen35 debug logits position 16422: top1=18 top2=17 v1=27.250000 v2=14.750000 margin=12.500000
qwen35 debug logits position 16423: top1=23 top2=24 v1=30.500000 v2=17.375000 margin=13.125000
qwen35 debug logits position 16424: top1=12 top2=19 v1=26.375000 v2=13.812500 margin=12.562500
qwen35 debug logits position 16425: top1=19 top2=15 v1=29.125000 v2=21.375000 margin=7.750000
qwen35 debug logits position 16426: top1=15 top2=45205 v1=27.000000 v2=12.875000 margin=14.125000
qwen35 debug logits position 16427: top1=24 top2=19 v1=31.625000 v2=16.625000 margin=15.000000
qwen35 debug logits position 16428: top1=15 top2=21 v1=26.500000 v2=14.062500 margin=12.437500
qwen35 debug logits position 16429: top1=1 top2=487 v1=29.125000 v2=24.000000 margin=5.125000
qwen35 debug logits position 16430: top1=321 top2=1179 v1=33.500000 v2=25.375000 margin=8.125000
qwen35 debug logits position 16431: top1=1179 top2=98118 v1=41.000000 v2=23.250000 margin=17.750000
qwen35 debug logits position 16432: top1=29865 top2=2962 v1=32.250000 v2=29.875000 margin=2.375000
qwen35 debug logits position 16433: top1=2468 top2=100627 v1=36.250000 v2=23.250000 margin=13.000000
qwen35 debug logits position 16434: top1=279 top2=328 v1=33.750000 v2=24.000000 margin=9.750000
qwen35 debug logits position 16435: top1=3299 top2=4105 v1=37.000000 v2=24.000000 margin=13.000000
qwen35 debug logits position 16436: top1=328 top2=27502 v1=37.500000 v2=18.625000 margin=18.875000
qwen35 debug logits position 16437: top1=76471 top2=27502 v1=33.750000 v2=21.750000 margin=12.000000
qwen35 debug logits position 16438: top1=3158 top2=1 v1=30.500000 v2=24.625000 margin=5.875000
qwen35 debug logits position 16439: top1=271 top2=1061 v1=26.625000 v2=26.375000 margin=0.250000
qwen35 debug logits position 16440: top1=9764 top2=1919 v1=30.750000 v2=29.375000 margin=1.375000
qwen35 debug logits position 16441: top1=728 top2=311 v1=35.750000 v2=20.875000 margin=14.875000
qwen35 debug logits position 16442: top1=1732 top2=311 v1=27.875000 v2=27.625000 margin=0.250000
qwen35 debug logits position 16443: top1=279 top2=411 v1=32.500000 v2=30.625000 margin=1.875000
qwen35 debug logits position 16444: top1=10895 top2=7359 v1=34.750000 v2=32.000000 margin=2.750000
qwen35 debug logits position 16445: top1=6681 top2=25 v1=29.375000 v2=29.000000 margin=0.375000
qwen35 debug logits position 16446: top1=25 top2=430 v1=32.000000 v2=31.000000 margin=1.000000
qwen35 debug logits position 16447: top1=198 top2=1118 v1=29.125000 v2=25.000000 margin=4.125000
qwen35 debug logits position 16448: top1=16 top2=12 v1=35.250000 v2=21.750000 margin=13.500000
qwen35 debug logits position 16449: top1=13 top2=5339 v1=34.000000 v2=15.687500 margin=18.312500
qwen35 debug logits position 16450: top1=5339 top2=8984 v1=32.500000 v2=29.875000 margin=2.625000
qwen35 debug logits position 16451: top1=2468 top2=11 v1=37.000000 v2=26.875000 margin=10.125000
qwen35 debug logits position 16452: top1=25 top2=328 v1=27.375000 v2=25.375000 margin=2.000000
qwen35 debug logits position 16453: top1=9806 top2=328 v1=31.375000 v2=22.875000 margin=8.500000
qwen35 debug logits position 16454: top1=55 top2=56 v1=31.375000 v2=15.687500 margin=15.687500
qwen35 debug logits position 16455: top1=35205 top2=37163 v1=35.500000 v2=22.750000 margin=12.750000
qwen35 debug logits position 16456: top1=27325 top2=10846 v1=33.000000 v2=18.250000 margin=14.750000
qwen35 debug logits position 16457: top1=54 top2=48 v1=32.000000 v2=18.375000 margin=13.625000
qwen35 debug logits position 16458: top1=923 top2=1762 v1=32.000000 v2=16.250000 margin=15.750000
qwen35 debug logits position 16459: top1=18 top2=17 v1=28.625000 v2=15.687500 margin=12.937500
qwen35 debug logits position 16460: top1=23 top2=24 v1=34.000000 v2=20.500000 margin=13.500000
qwen35 debug logits position 16461: top1=12 top2=20819 v1=29.875000 v2=14.000000 margin=15.875000
qwen35 debug logits position 16462: top1=19 top2=15 v1=30.500000 v2=17.625000 margin=12.875000
qwen35 debug logits position 16463: top1=15 top2=16 v1=26.500000 v2=11.812500 margin=14.687500
qwen35 debug logits position 16464: top1=24 top2=19 v1=34.250000 v2=19.375000 margin=14.875000
qwen35 debug logits position 16465: top1=15 top2=198 v1=28.750000 v2=14.625000 margin=14.125000
qwen35 debug logits position 16466: top1=198 top2=318 v1=29.625000 v2=14.750000 margin=14.875000
qwen35 debug logits position 16467: top1=17 top2=248069 v1=31.875000 v2=18.750000 margin=13.125000
qwen35 debug logits position 16468: top1=13 top2=4844 v1=38.000000 v2=22.000000 margin=16.000000
qwen35 debug logits position 16469: top1=4844 top2=11861 v1=38.500000 v2=24.875000 margin=13.625000
qwen35 debug logits position 16470: top1=29865 top2=2962 v1=33.500000 v2=27.375000 margin=6.125000
qwen35 debug logits position 16471: top1=2468 top2=100627 v1=38.250000 v2=23.125000 margin=15.125000
qwen35 debug logits position 16472: top1=25 top2=279 v1=33.250000 v2=33.250000 margin=0.000000
qwen35 debug logits position 16473: top1=3299 top2=4105 v1=37.500000 v2=23.625000 margin=13.875000
qwen35 debug logits position 16474: top1=328 top2=25 v1=31.625000 v2=29.500000 margin=2.125000
qwen35 debug logits position 16475: top1=76471 top2=27502 v1=36.500000 v2=22.875000 margin=13.625000
qwen35 debug logits position 16476: top1=1 top2=3158 v1=32.250000 v2=21.875000 margin=10.375000
qwen35 debug logits position 16477: top1=271 top2=198 v1=29.500000 v2=22.750000 margin=6.750000
qwen35 debug logits position 16478: top1=760 top2=40 v1=30.000000 v2=29.000000 margin=1.000000
qwen35 debug logits position 16479: top1=7359 top2=1156 v1=26.875000 v2=25.875000 margin=1.000000
qwen35 debug logits position 16480: top1=2640 top2=369 v1=32.250000 v2=24.750000 margin=7.500000
qwen35 debug logits position 16481: top1=328 top2=310 v1=31.375000 v2=24.250000 margin=7.125000
qwen35 debug logits position 16482: top1=97709 top2=96218 v1=28.375000 v2=22.875000 margin=5.500000
qwen35 debug logits position 16483: top1=100627 top2=96854 v1=36.250000 v2=22.375000 margin=13.875000
qwen35 debug logits position 16484: top1=110211 top2=1 v1=26.750000 v2=23.000000 margin=3.750000
qwen35 debug logits position 16485: top1=27502 top2=76471 v1=31.250000 v2=22.125000 margin=9.125000
qwen35 debug logits position 16486: top1=1 top2=487 v1=33.750000 v2=24.250000 margin=9.500000
qwen35 debug logits position 16487: top1=864 top2=7063 v1=37.750000 v2=26.375000 margin=11.375000
qwen35 debug logits position 16488: top1=3254 top2=44679 v1=41.000000 v2=24.125000 margin=16.875000
qwen35 debug logits position 16489: top1=328 top2=29865 v1=36.000000 v2=26.875000 margin=9.125000
qwen35 debug logits position 16490: top1=20663 top2=9252 v1=36.000000 v2=29.625000 margin=6.375000
qwen35 debug logits position 16491: top1=63421 top2=1769 v1=42.000000 v2=29.500000 margin=12.500000
qwen35 debug logits position 16492: top1=2468 top2=45447 v1=36.750000 v2=22.750000 margin=14.000000
qwen35 debug logits position 16493: top1=279 top2=1719 v1=38.250000 v2=19.500000 margin=18.750000
qwen35 debug logits position 16494: top1=3299 top2=4105 v1=38.000000 v2=23.000000 margin=15.000000
qwen35 debug logits position 16495: top1=27502 top2=359 v1=33.000000 v2=28.125000 margin=4.875000
qwen35 debug logits position 16496: top1=3158 top2=1149 v1=32.250000 v2=29.875000 margin=2.375000
qwen35 debug logits position 16497: top1=353 top2=1061 v1=29.750000 v2=24.875000 margin=4.875000
qwen35 debug logits position 16498: top1=3172 top2=1220 v1=34.250000 v2=25.625000 margin=8.625000
qwen35 debug logits position 16499: top1=2468 top2=635 v1=32.750000 v2=23.750000 margin=9.000000
qwen35 debug logits position 16500: top1=424 top2=279 v1=28.250000 v2=26.250000 margin=2.000000
qwen35 debug logits position 16501: top1=264 top2=3679 v1=30.125000 v2=28.500000 margin=1.625000
qwen35 debug logits position 16502: top1=12891 top2=2342 v1=33.000000 v2=28.875000 margin=4.125000
qwen35 debug logits position 16503: top1=1324 top2=3946 v1=35.750000 v2=21.125000 margin=14.625000
qwen35 debug logits position 16504: top1=314 top2=2942 v1=36.000000 v2=20.375000 margin=15.625000
qwen35 debug logits position 16505: top1=2942 top2=35086 v1=38.250000 v2=21.875000 margin=16.375000
qwen35 debug logits position 16506: top1=310 top2=13 v1=28.000000 v2=27.875000 margin=0.125000
qwen35 debug logits position 16507: top1=19264 top2=19800 v1=28.375000 v2=27.250000 margin=1.125000
qwen35 debug logits position 16508: top1=279 top2=328 v1=29.125000 v2=27.500000 margin=1.625000
qwen35 debug logits position 16509: top1=5215 top2=18677 v1=27.125000 v2=25.125000 margin=2.000000
qwen35 debug logits position 16510: top1=1973 top2=13 v1=28.875000 v2=27.875000 margin=1.000000
qwen35 debug logits position 16511: top1=1602 top2=2019 v1=27.750000 v2=24.250000 margin=3.500000
qwen35 debug hidden embedding position 7: min=-0.0563965 max=0.0583496 mean_abs=0.0125982
qwen35 debug hidden embedding position 35: min=-0.4277344 max=0.4238281 mean_abs=0.0028664
qwen35 debug hidden layer-000 position 7: min=-0.5625000 max=16.7500000 mean_abs=0.0586561
qwen35 debug hidden layer-000 position 35: min=-0.4257812 max=11.5625000 mean_abs=0.0205823
qwen35 debug hidden layer-003 position 7: min=-2.5937500 max=32.0000000 mean_abs=0.1003231
qwen35 debug hidden layer-003 position 35: min=-1.9453125 max=19.6250000 mean_abs=0.0595289
qwen35 debug hidden layer-031 position 7: min=-17.5000000 max=69.0000000 mean_abs=0.4904949
qwen35 debug hidden layer-031 position 35: min=-19.7500000 max=67.5000000 mean_abs=0.6557042
qwen35 debug hidden layer-032 position 7: min=-17.7500000 max=62.2500000 mean_abs=0.4821762
qwen35 debug hidden layer-032 position 35: min=-19.2500000 max=65.5000000 mean_abs=0.6752387
qwen35 debug hidden layer-060 position 7: min=-35.5000000 max=164.0000000 mean_abs=2.3281907
qwen35 debug hidden layer-060 position 35: min=-24.8750000 max=205.0000000 mean_abs=1.6617522
qwen35 debug hidden layer-063 position 7: min=-81.0000000 max=67.5000000 mean_abs=3.3108679
qwen35 debug hidden layer-063 position 35: min=-66.5000000 max=114.0000000 mean_abs=2.5784432
qwen35 debug hidden embedding position 83: min=-0.0544434 max=0.0563965 mean_abs=0.0119220
qwen35 debug hidden layer-000 position 83: min=-0.7421875 max=22.6250000 mean_abs=0.0664310
qwen35 debug hidden layer-003 position 83: min=-1.4375000 max=31.5000000 mean_abs=0.0936771
qwen35 debug hidden layer-031 position 83: min=-12.8125000 max=68.0000000 mean_abs=0.5704976
qwen35 debug hidden layer-032 position 83: min=-12.8750000 max=60.7500000 mean_abs=0.5939768
qwen35 debug hidden layer-060 position 83: min=-29.6250000 max=173.0000000 mean_abs=2.0160302
qwen35 debug hidden layer-063 position 83: min=-75.0000000 max=280.0000000 mean_abs=3.8069986
qwen35 debug logits position 0: top1=2456 top2=76471 v1=24.125000 v2=16.500000 margin=7.625000
qwen35 debug logits position 16385: top1=55 top2=48 v1=27.250000 v2=13.687500 margin=13.562500
qwen35 debug logits position 16386: top1=35205 top2=69046 v1=30.875000 v2=19.000000 margin=11.875000
qwen35 debug logits position 16387: top1=27325 top2=12 v1=25.375000 v2=14.750000 margin=10.625000
qwen35 debug logits position 16388: top1=54 top2=12100 v1=24.375000 v2=13.812500 margin=10.562500
qwen35 debug logits position 16389: top1=923 top2=268 v1=24.625000 v2=13.812500 margin=10.812500
qwen35 debug logits position 16390: top1=18 top2=12 v1=23.875000 v2=11.937500 margin=11.937500
qwen35 debug logits position 16391: top1=23 top2=12 v1=23.750000 v2=12.812500 margin=10.937500
qwen35 debug logits position 16392: top1=12 top2=19 v1=21.375000 v2=11.750000 margin=9.625000
qwen35 debug logits position 16393: top1=19 top2=17 v1=23.750000 v2=12.625000 margin=11.125000
qwen35 debug logits position 16394: top1=15 top2=16 v1=22.750000 v2=10.562500 margin=12.187500
qwen35 debug logits position 16395: top1=24 top2=19 v1=22.375000 v2=11.250000 margin=11.125000
qwen35 debug logits position 16396: top1=15 top2=198 v1=24.125000 v2=14.750000 margin=9.375000
qwen35 debug logits position 16397: top1=198 top2=27502 v1=19.375000 v2=18.500000 margin=0.875000
qwen35 debug logits position 16398: top1=76471 top2=2456 v1=21.875000 v2=15.687500 margin=6.187500
qwen35 debug logits position 16399: top1=248046 top2=198 v1=20.625000 v2=19.000000 margin=1.625000
qwen35 debug logits position 16400: top1=198 top2=59 v1=28.625000 v2=10.437500 margin=18.187500
qwen35 debug logits position 16401: top1=248044 top2=248045 v1=31.375000 v2=18.000000 margin=13.375000
qwen35 debug logits position 16402: top1=248045 top2=248044 v1=26.875000 v2=15.562500 margin=11.312500
qwen35 debug logits position 16403: top1=248045 top2=248046 v1=27.500000 v2=19.875000 margin=7.625000
qwen35 debug logits position 16404: top1=248045 top2=248068 v1=29.000000 v2=17.250000 margin=11.750000
qwen35 debug logits position 16405: top1=248068 top2=248046 v1=22.250000 v2=21.500000 margin=0.750000
qwen35 debug logits position 16406: top1=198 top2=271 v1=27.750000 v2=26.875000 margin=0.875000
qwen35 debug logits position 16407: top1=760 top2=97237 v1=26.250000 v2=22.250000 margin=4.000000
qwen35 debug logits position 16408: top1=1156 top2=97237 v1=32.500000 v2=18.125000 margin=14.375000
qwen35 debug logits position 16409: top1=369 top2=682 v1=28.625000 v2=23.875000 margin=4.750000
qwen35 debug logits position 16410: top1=9859 top2=4313 v1=32.000000 v2=22.875000 margin=9.125000
qwen35 debug logits position 16411: top1=728 top2=264 v1=30.000000 v2=17.125000 margin=12.875000
qwen35 debug logits position 16412: top1=310 top2=1118 v1=31.000000 v2=17.375000 margin=13.625000
qwen35 debug logits position 16413: top1=1118 top2=2468 v1=28.375000 v2=27.625000 margin=0.750000
qwen35 debug logits position 16414: top1=2468 top2=1301 v1=31.000000 v2=23.750000 margin=7.250000
qwen35 debug logits position 16415: top1=328 top2=279 v1=31.375000 v2=24.750000 margin=6.625000
qwen35 debug logits position 16416: top1=2456 top2=76471 v1=30.125000 v2=16.750000 margin=13.375000
qwen35 debug logits position 16417: top1=55 top2=5955 v1=30.000000 v2=17.000000 margin=13.000000
qwen35 debug logits position 16418: top1=35205 top2=37163 v1=34.750000 v2=22.500000 margin=12.250000
qwen35 debug logits position 16419: top1=27325 top2=12 v1=28.250000 v2=16.625000 margin=11.625000
qwen35 debug logits position 16420: top1=54 top2=12100 v1=30.625000 v2=16.375000 margin=14.250000
qwen35 debug logits position 16421: top1=923 top2=2629 v1=30.125000 v2=15.250000 margin=14.875000
qwen35 debug logits position 16422: top1=18 top2=17 v1=27.250000 v2=14.750000 margin=12.500000
qwen35 debug logits position 16423: top1=23 top2=24 v1=30.500000 v2=17.375000 margin=13.125000
qwen35 debug logits position 16424: top1=12 top2=19 v1=26.375000 v2=13.812500 margin=12.562500
qwen35 debug logits position 16425: top1=19 top2=15 v1=29.125000 v2=21.375000 margin=7.750000
qwen35 debug logits position 16426: top1=15 top2=45205 v1=27.000000 v2=12.875000 margin=14.125000
qwen35 debug logits position 16427: top1=24 top2=19 v1=31.625000 v2=16.625000 margin=15.000000
qwen35 debug logits position 16428: top1=15 top2=21 v1=26.500000 v2=14.062500 margin=12.437500
qwen35 debug logits position 16429: top1=1 top2=487 v1=29.125000 v2=24.000000 margin=5.125000
qwen35 debug logits position 16430: top1=321 top2=1179 v1=33.500000 v2=25.375000 margin=8.125000
qwen35 debug logits position 16431: top1=1179 top2=98118 v1=41.000000 v2=23.250000 margin=17.750000
qwen35 debug logits position 16432: top1=29865 top2=2962 v1=32.250000 v2=29.875000 margin=2.375000
qwen35 debug logits position 16433: top1=2468 top2=100627 v1=36.250000 v2=23.250000 margin=13.000000
qwen35 debug logits position 16434: top1=279 top2=328 v1=33.750000 v2=24.000000 margin=9.750000
qwen35 debug logits position 16435: top1=3299 top2=4105 v1=37.000000 v2=24.000000 margin=13.000000
qwen35 debug logits position 16436: top1=328 top2=27502 v1=37.500000 v2=18.625000 margin=18.875000
qwen35 debug logits position 16437: top1=76471 top2=27502 v1=33.750000 v2=21.750000 margin=12.000000
qwen35 debug logits position 16438: top1=3158 top2=1 v1=30.500000 v2=24.625000 margin=5.875000
qwen35 debug logits position 16439: top1=271 top2=1061 v1=26.625000 v2=26.375000 margin=0.250000
qwen35 debug logits position 16440: top1=9764 top2=1919 v1=30.750000 v2=29.375000 margin=1.375000
qwen35 debug logits position 16441: top1=728 top2=311 v1=35.750000 v2=20.875000 margin=14.875000
qwen35 debug logits position 16442: top1=1732 top2=311 v1=27.875000 v2=27.625000 margin=0.250000
qwen35 debug logits position 16443: top1=279 top2=411 v1=32.500000 v2=30.625000 margin=1.875000
qwen35 debug logits position 16444: top1=10895 top2=7359 v1=34.750000 v2=32.000000 margin=2.750000
qwen35 debug logits position 16445: top1=6681 top2=25 v1=29.375000 v2=29.000000 margin=0.375000
qwen35 debug logits position 16446: top1=25 top2=430 v1=32.000000 v2=31.000000 margin=1.000000
qwen35 debug logits position 16447: top1=198 top2=1118 v1=29.125000 v2=25.000000 margin=4.125000
qwen35 debug logits position 16448: top1=16 top2=12 v1=35.250000 v2=21.750000 margin=13.500000
qwen35 debug logits position 16449: top1=13 top2=5339 v1=34.000000 v2=15.687500 margin=18.312500
qwen35 debug logits position 16450: top1=5339 top2=8984 v1=32.500000 v2=29.875000 margin=2.625000
qwen35 debug logits position 16451: top1=2468 top2=11 v1=37.000000 v2=26.875000 margin=10.125000
qwen35 debug logits position 16452: top1=25 top2=328 v1=27.375000 v2=25.375000 margin=2.000000
qwen35 debug logits position 16453: top1=9806 top2=328 v1=31.375000 v2=22.875000 margin=8.500000
qwen35 debug logits position 16454: top1=55 top2=56 v1=31.375000 v2=15.687500 margin=15.687500
qwen35 debug logits position 16455: top1=35205 top2=37163 v1=35.500000 v2=22.750000 margin=12.750000
qwen35 debug logits position 16456: top1=27325 top2=10846 v1=33.000000 v2=18.250000 margin=14.750000
qwen35 debug logits position 16457: top1=54 top2=48 v1=32.000000 v2=18.375000 margin=13.625000
qwen35 debug logits position 16458: top1=923 top2=1762 v1=32.000000 v2=16.250000 margin=15.750000
qwen35 debug logits position 16459: top1=18 top2=17 v1=28.625000 v2=15.687500 margin=12.937500
qwen35 debug logits position 16460: top1=23 top2=24 v1=34.000000 v2=20.500000 margin=13.500000
qwen35 debug logits position 16461: top1=12 top2=20819 v1=29.875000 v2=14.000000 margin=15.875000
qwen35 debug logits position 16462: top1=19 top2=15 v1=30.500000 v2=17.625000 margin=12.875000
qwen35 debug logits position 16463: top1=15 top2=16 v1=26.500000 v2=11.812500 margin=14.687500
qwen35 debug logits position 16464: top1=24 top2=19 v1=34.250000 v2=19.375000 margin=14.875000
qwen35 debug logits position 16465: top1=15 top2=198 v1=28.750000 v2=14.625000 margin=14.125000
qwen35 debug logits position 16466: top1=198 top2=318 v1=29.625000 v2=14.750000 margin=14.875000
qwen35 debug logits position 16467: top1=17 top2=248069 v1=31.875000 v2=18.750000 margin=13.125000
qwen35 debug logits position 16468: top1=13 top2=4844 v1=38.000000 v2=22.000000 margin=16.000000
qwen35 debug logits position 16469: top1=4844 top2=11861 v1=38.500000 v2=24.875000 margin=13.625000
qwen35 debug logits position 16470: top1=29865 top2=2962 v1=33.500000 v2=27.375000 margin=6.125000
qwen35 debug logits position 16471: top1=2468 top2=100627 v1=38.250000 v2=23.125000 margin=15.125000
qwen35 debug logits position 16472: top1=25 top2=279 v1=33.250000 v2=33.250000 margin=0.000000
qwen35 debug logits position 16473: top1=3299 top2=4105 v1=37.500000 v2=23.625000 margin=13.875000
qwen35 debug logits position 16474: top1=328 top2=25 v1=31.625000 v2=29.500000 margin=2.125000
qwen35 debug logits position 16475: top1=76471 top2=27502 v1=36.500000 v2=22.875000 margin=13.625000
qwen35 debug logits position 16476: top1=1 top2=3158 v1=32.250000 v2=21.875000 margin=10.375000
qwen35 debug logits position 16477: top1=271 top2=198 v1=29.500000 v2=22.750000 margin=6.750000
qwen35 debug logits position 16478: top1=760 top2=40 v1=30.000000 v2=29.000000 margin=1.000000
qwen35 debug logits position 16479: top1=7359 top2=1156 v1=26.875000 v2=25.875000 margin=1.000000
qwen35 debug logits position 16480: top1=2640 top2=369 v1=32.250000 v2=24.750000 margin=7.500000
qwen35 debug logits position 16481: top1=328 top2=310 v1=31.375000 v2=24.250000 margin=7.125000
qwen35 debug logits position 16482: top1=97709 top2=96218 v1=28.375000 v2=22.875000 margin=5.500000
qwen35 debug logits position 16483: top1=100627 top2=96854 v1=36.250000 v2=22.375000 margin=13.875000
qwen35 debug logits position 16484: top1=110211 top2=1 v1=26.750000 v2=23.000000 margin=3.750000
qwen35 debug logits position 16485: top1=27502 top2=76471 v1=31.250000 v2=22.125000 margin=9.125000
qwen35 debug logits position 16486: top1=1 top2=487 v1=33.750000 v2=24.250000 margin=9.500000
qwen35 debug logits position 16487: top1=864 top2=7063 v1=37.750000 v2=26.375000 margin=11.375000
qwen35 debug logits position 16488: top1=3254 top2=44679 v1=41.000000 v2=24.125000 margin=16.875000
qwen35 debug logits position 16489: top1=328 top2=29865 v1=36.000000 v2=26.875000 margin=9.125000
qwen35 debug logits position 16490: top1=20663 top2=9252 v1=36.000000 v2=29.625000 margin=6.375000
qwen35 debug logits position 16491: top1=63421 top2=1769 v1=42.000000 v2=29.500000 margin=12.500000
qwen35 debug logits position 16492: top1=2468 top2=45447 v1=36.750000 v2=22.750000 margin=14.000000
qwen35 debug logits position 16493: top1=279 top2=1719 v1=38.250000 v2=19.500000 margin=18.750000
qwen35 debug logits position 16494: top1=3299 top2=4105 v1=38.000000 v2=23.000000 margin=15.000000
qwen35 debug logits position 16495: top1=27502 top2=359 v1=33.000000 v2=28.125000 margin=4.875000
qwen35 debug logits position 16496: top1=3158 top2=1149 v1=32.250000 v2=29.875000 margin=2.375000
qwen35 debug logits position 16497: top1=353 top2=1061 v1=29.750000 v2=24.875000 margin=4.875000
qwen35 debug logits position 16498: top1=3172 top2=1220 v1=34.250000 v2=25.625000 margin=8.625000
qwen35 debug logits position 16499: top1=2468 top2=635 v1=32.750000 v2=23.750000 margin=9.000000
qwen35 debug logits position 16500: top1=424 top2=279 v1=28.250000 v2=26.250000 margin=2.000000
qwen35 debug logits position 16501: top1=264 top2=3679 v1=30.125000 v2=28.500000 margin=1.625000
qwen35 debug logits position 16502: top1=12891 top2=2342 v1=33.000000 v2=28.875000 margin=4.125000
qwen35 debug logits position 16503: top1=1324 top2=3946 v1=35.750000 v2=21.125000 margin=14.625000
qwen35 debug logits position 16504: top1=314 top2=2942 v1=36.000000 v2=20.375000 margin=15.625000
qwen35 debug logits position 16505: top1=2942 top2=35086 v1=38.250000 v2=21.875000 margin=16.375000
qwen35 debug logits position 16506: top1=310 top2=13 v1=28.000000 v2=27.875000 margin=0.125000
qwen35 debug logits position 16507: top1=19264 top2=19800 v1=28.375000 v2=27.250000 margin=1.125000
qwen35 debug logits position 16508: top1=279 top2=328 v1=29.125000 v2=27.500000 margin=1.625000
qwen35 debug logits position 16509: top1=5215 top2=18677 v1=27.125000 v2=25.125000 margin=2.000000
qwen35 debug logits position 16510: top1=1973 top2=13 v1=28.875000 v2=27.875000 margin=1.000000
qwen35 debug logits position 16511: top1=1602 top2=2019 v1=27.750000 v2=24.250000 margin=3.500000
qwen35 debug hidden embedding position 7: min=-0.0563965 max=0.0583496 mean_abs=0.0125982
qwen35 debug hidden embedding position 35: min=-0.4277344 max=0.4238281 mean_abs=0.0028664
qwen35 debug hidden layer-000 position 7: min=-0.5625000 max=16.7500000 mean_abs=0.0586561
qwen35 debug hidden layer-000 position 35: min=-0.4257812 max=11.5625000 mean_abs=0.0205823
qwen35 debug hidden layer-003 position 7: min=-2.5937500 max=32.0000000 mean_abs=0.1003231
qwen35 debug hidden layer-003 position 35: min=-1.9453125 max=19.6250000 mean_abs=0.0595289
qwen35 debug hidden layer-031 position 7: min=-17.5000000 max=69.0000000 mean_abs=0.4904949
qwen35 debug hidden layer-031 position 35: min=-19.7500000 max=67.5000000 mean_abs=0.6557042
qwen35 debug hidden layer-032 position 7: min=-17.7500000 max=62.2500000 mean_abs=0.4821762
qwen35 debug hidden layer-032 position 35: min=-19.2500000 max=65.5000000 mean_abs=0.6752387
qwen35 debug hidden layer-060 position 7: min=-35.5000000 max=164.0000000 mean_abs=2.3281907
qwen35 debug hidden layer-060 position 35: min=-24.8750000 max=205.0000000 mean_abs=1.6617522
qwen35 debug hidden layer-063 position 7: min=-81.0000000 max=67.5000000 mean_abs=3.3108679
qwen35 debug hidden layer-063 position 35: min=-66.5000000 max=114.0000000 mean_abs=2.5784432
qwen35 debug hidden embedding position 83: min=-0.0544434 max=0.0563965 mean_abs=0.0119220
qwen35 debug hidden layer-000 position 83: min=-0.7421875 max=22.6250000 mean_abs=0.0664310
qwen35 debug hidden layer-003 position 83: min=-1.4375000 max=31.5000000 mean_abs=0.0936771
qwen35 debug hidden layer-031 position 83: min=-12.8125000 max=68.0000000 mean_abs=0.5704976
qwen35 debug hidden layer-032 position 83: min=-12.8750000 max=60.7500000 mean_abs=0.5939768
qwen35 debug hidden layer-060 position 83: min=-29.6250000 max=173.0000000 mean_abs=2.0160302
qwen35 debug hidden layer-063 position 83: min=-75.0000000 max=280.0000000 mean_abs=3.8069986
qwen35 debug logits position 0: top1=2456 top2=76471 v1=24.125000 v2=16.500000 margin=7.625000
qwen35 debug logits position 16385: top1=55 top2=48 v1=27.250000 v2=13.687500 margin=13.562500
qwen35 debug logits position 16386: top1=35205 top2=69046 v1=30.875000 v2=19.000000 margin=11.875000
qwen35 debug logits position 16387: top1=27325 top2=12 v1=25.375000 v2=14.750000 margin=10.625000
qwen35 debug logits position 16388: top1=54 top2=12100 v1=24.375000 v2=13.812500 margin=10.562500
qwen35 debug logits position 16389: top1=923 top2=268 v1=24.625000 v2=13.812500 margin=10.812500
qwen35 debug logits position 16390: top1=18 top2=12 v1=23.875000 v2=11.937500 margin=11.937500
qwen35 debug logits position 16391: top1=23 top2=12 v1=23.750000 v2=12.812500 margin=10.937500
qwen35 debug logits position 16392: top1=12 top2=19 v1=21.375000 v2=11.750000 margin=9.625000
qwen35 debug logits position 16393: top1=19 top2=17 v1=23.750000 v2=12.625000 margin=11.125000
qwen35 debug logits position 16394: top1=15 top2=16 v1=22.750000 v2=10.562500 margin=12.187500
qwen35 debug logits position 16395: top1=24 top2=19 v1=22.375000 v2=11.250000 margin=11.125000
qwen35 debug logits position 16396: top1=15 top2=198 v1=24.125000 v2=14.750000 margin=9.375000
qwen35 debug logits position 16397: top1=198 top2=27502 v1=19.375000 v2=18.500000 margin=0.875000
qwen35 debug logits position 16398: top1=76471 top2=2456 v1=21.875000 v2=15.687500 margin=6.187500
qwen35 debug logits position 16399: top1=248046 top2=198 v1=20.625000 v2=19.000000 margin=1.625000
qwen35 debug logits position 16400: top1=198 top2=59 v1=28.625000 v2=10.437500 margin=18.187500
qwen35 debug logits position 16401: top1=248044 top2=248045 v1=31.375000 v2=18.000000 margin=13.375000
qwen35 debug logits position 16402: top1=248045 top2=248044 v1=26.875000 v2=15.562500 margin=11.312500
qwen35 debug logits position 16403: top1=248045 top2=248046 v1=27.500000 v2=19.875000 margin=7.625000
qwen35 debug logits position 16404: top1=248045 top2=248068 v1=29.000000 v2=17.250000 margin=11.750000
qwen35 debug logits position 16405: top1=248068 top2=248046 v1=22.250000 v2=21.500000 margin=0.750000
qwen35 debug logits position 16406: top1=198 top2=271 v1=27.750000 v2=26.875000 margin=0.875000
qwen35 debug logits position 16407: top1=760 top2=97237 v1=26.250000 v2=22.250000 margin=4.000000
qwen35 debug logits position 16408: top1=1156 top2=97237 v1=32.500000 v2=18.125000 margin=14.375000
qwen35 debug logits position 16409: top1=369 top2=682 v1=28.625000 v2=23.875000 margin=4.750000
qwen35 debug logits position 16410: top1=9859 top2=4313 v1=32.000000 v2=22.875000 margin=9.125000
qwen35 debug logits position 16411: top1=728 top2=264 v1=30.000000 v2=17.125000 margin=12.875000
qwen35 debug logits position 16412: top1=310 top2=1118 v1=31.000000 v2=17.375000 margin=13.625000
qwen35 debug logits position 16413: top1=1118 top2=2468 v1=28.375000 v2=27.625000 margin=0.750000
qwen35 debug logits position 16414: top1=2468 top2=1301 v1=31.000000 v2=23.750000 margin=7.250000
qwen35 debug logits position 16415: top1=328 top2=279 v1=31.375000 v2=24.750000 margin=6.625000
qwen35 debug logits position 16416: top1=2456 top2=76471 v1=30.125000 v2=16.750000 margin=13.375000
qwen35 debug logits position 16417: top1=55 top2=5955 v1=30.000000 v2=17.000000 margin=13.000000
qwen35 debug logits position 16418: top1=35205 top2=37163 v1=34.750000 v2=22.500000 margin=12.250000
qwen35 debug logits position 16419: top1=27325 top2=12 v1=28.250000 v2=16.625000 margin=11.625000
qwen35 debug logits position 16420: top1=54 top2=12100 v1=30.625000 v2=16.375000 margin=14.250000
qwen35 debug logits position 16421: top1=923 top2=2629 v1=30.125000 v2=15.250000 margin=14.875000
qwen35 debug logits position 16422: top1=18 top2=17 v1=27.250000 v2=14.750000 margin=12.500000
qwen35 debug logits position 16423: top1=23 top2=24 v1=30.500000 v2=17.375000 margin=13.125000
qwen35 debug logits position 16424: top1=12 top2=19 v1=26.375000 v2=13.812500 margin=12.562500
qwen35 debug logits position 16425: top1=19 top2=15 v1=29.125000 v2=21.375000 margin=7.750000
qwen35 debug logits position 16426: top1=15 top2=45205 v1=27.000000 v2=12.875000 margin=14.125000
qwen35 debug logits position 16427: top1=24 top2=19 v1=31.625000 v2=16.625000 margin=15.000000
qwen35 debug logits position 16428: top1=15 top2=21 v1=26.500000 v2=14.062500 margin=12.437500
qwen35 debug logits position 16429: top1=1 top2=487 v1=29.125000 v2=24.000000 margin=5.125000
qwen35 debug logits position 16430: top1=321 top2=1179 v1=33.500000 v2=25.375000 margin=8.125000
qwen35 debug logits position 16431: top1=1179 top2=98118 v1=41.000000 v2=23.250000 margin=17.750000
qwen35 debug logits position 16432: top1=29865 top2=2962 v1=32.250000 v2=29.875000 margin=2.375000
qwen35 debug logits position 16433: top1=2468 top2=100627 v1=36.250000 v2=23.250000 margin=13.000000
qwen35 debug logits position 16434: top1=279 top2=328 v1=33.750000 v2=24.000000 margin=9.750000
qwen35 debug logits position 16435: top1=3299 top2=4105 v1=37.000000 v2=24.000000 margin=13.000000
qwen35 debug logits position 16436: top1=328 top2=27502 v1=37.500000 v2=18.625000 margin=18.875000
qwen35 debug logits position 16437: top1=76471 top2=27502 v1=33.750000 v2=21.750000 margin=12.000000
qwen35 debug logits position 16438: top1=3158 top2=1 v1=30.500000 v2=24.625000 margin=5.875000
qwen35 debug logits position 16439: top1=271 top2=1061 v1=26.625000 v2=26.375000 margin=0.250000
qwen35 debug logits position 16440: top1=9764 top2=1919 v1=30.750000 v2=29.375000 margin=1.375000
qwen35 debug logits position 16441: top1=728 top2=311 v1=35.750000 v2=20.875000 margin=14.875000
qwen35 debug logits position 16442: top1=1732 top2=311 v1=27.875000 v2=27.625000 margin=0.250000
qwen35 debug logits position 16443: top1=279 top2=411 v1=32.500000 v2=30.625000 margin=1.875000
qwen35 debug logits position 16444: top1=10895 top2=7359 v1=34.750000 v2=32.000000 margin=2.750000
qwen35 debug logits position 16445: top1=6681 top2=25 v1=29.375000 v2=29.000000 margin=0.375000
qwen35 debug logits position 16446: top1=25 top2=430 v1=32.000000 v2=31.000000 margin=1.000000
qwen35 debug logits position 16447: top1=198 top2=1118 v1=29.125000 v2=25.000000 margin=4.125000
qwen35 debug logits position 16448: top1=16 top2=12 v1=35.250000 v2=21.750000 margin=13.500000
qwen35 debug logits position 16449: top1=13 top2=5339 v1=34.000000 v2=15.687500 margin=18.312500
qwen35 debug logits position 16450: top1=5339 top2=8984 v1=32.500000 v2=29.875000 margin=2.625000
qwen35 debug logits position 16451: top1=2468 top2=11 v1=37.000000 v2=26.875000 margin=10.125000
qwen35 debug logits position 16452: top1=25 top2=328 v1=27.375000 v2=25.375000 margin=2.000000
qwen35 debug logits position 16453: top1=9806 top2=328 v1=31.375000 v2=22.875000 margin=8.500000
qwen35 debug logits position 16454: top1=55 top2=56 v1=31.375000 v2=15.687500 margin=15.687500
qwen35 debug logits position 16455: top1=35205 top2=37163 v1=35.500000 v2=22.750000 margin=12.750000
qwen35 debug logits position 16456: top1=27325 top2=10846 v1=33.000000 v2=18.250000 margin=14.750000
qwen35 debug logits position 16457: top1=54 top2=48 v1=32.000000 v2=18.375000 margin=13.625000
qwen35 debug logits position 16458: top1=923 top2=1762 v1=32.000000 v2=16.250000 margin=15.750000
qwen35 debug logits position 16459: top1=18 top2=17 v1=28.625000 v2=15.687500 margin=12.937500
qwen35 debug logits position 16460: top1=23 top2=24 v1=34.000000 v2=20.500000 margin=13.500000
qwen35 debug logits position 16461: top1=12 top2=20819 v1=29.875000 v2=14.000000 margin=15.875000
qwen35 debug logits position 16462: top1=19 top2=15 v1=30.500000 v2=17.625000 margin=12.875000
qwen35 debug logits position 16463: top1=15 top2=16 v1=26.500000 v2=11.812500 margin=14.687500
qwen35 debug logits position 16464: top1=24 top2=19 v1=34.250000 v2=19.375000 margin=14.875000
qwen35 debug logits position 16465: top1=15 top2=198 v1=28.750000 v2=14.625000 margin=14.125000
qwen35 debug logits position 16466: top1=198 top2=318 v1=29.625000 v2=14.750000 margin=14.875000
qwen35 debug logits position 16467: top1=17 top2=248069 v1=31.875000 v2=18.750000 margin=13.125000
qwen35 debug logits position 16468: top1=13 top2=4844 v1=38.000000 v2=22.000000 margin=16.000000
qwen35 debug logits position 16469: top1=4844 top2=11861 v1=38.500000 v2=24.875000 margin=13.625000
qwen35 debug logits position 16470: top1=29865 top2=2962 v1=33.500000 v2=27.375000 margin=6.125000
qwen35 debug logits position 16471: top1=2468 top2=100627 v1=38.250000 v2=23.125000 margin=15.125000
qwen35 debug logits position 16472: top1=25 top2=279 v1=33.250000 v2=33.250000 margin=0.000000
qwen35 debug logits position 16473: top1=3299 top2=4105 v1=37.500000 v2=23.625000 margin=13.875000
qwen35 debug logits position 16474: top1=328 top2=25 v1=31.625000 v2=29.500000 margin=2.125000
qwen35 debug logits position 16475: top1=76471 top2=27502 v1=36.500000 v2=22.875000 margin=13.625000
qwen35 debug logits position 16476: top1=1 top2=3158 v1=32.250000 v2=21.875000 margin=10.375000
qwen35 debug logits position 16477: top1=271 top2=198 v1=29.500000 v2=22.750000 margin=6.750000
qwen35 debug logits position 16478: top1=760 top2=40 v1=30.000000 v2=29.000000 margin=1.000000
qwen35 debug logits position 16479: top1=7359 top2=1156 v1=26.875000 v2=25.875000 margin=1.000000
qwen35 debug logits position 16480: top1=2640 top2=369 v1=32.250000 v2=24.750000 margin=7.500000
qwen35 debug logits position 16481: top1=328 top2=310 v1=31.375000 v2=24.250000 margin=7.125000
qwen35 debug logits position 16482: top1=97709 top2=96218 v1=28.375000 v2=22.875000 margin=5.500000
qwen35 debug logits position 16483: top1=100627 top2=96854 v1=36.250000 v2=22.375000 margin=13.875000
qwen35 debug logits position 16484: top1=110211 top2=1 v1=26.750000 v2=23.000000 margin=3.750000
qwen35 debug logits position 16485: top1=27502 top2=76471 v1=31.250000 v2=22.125000 margin=9.125000
qwen35 debug logits position 16486: top1=1 top2=487 v1=33.750000 v2=24.250000 margin=9.500000
qwen35 debug logits position 16487: top1=864 top2=7063 v1=37.750000 v2=26.375000 margin=11.375000
qwen35 debug logits position 16488: top1=3254 top2=44679 v1=41.000000 v2=24.125000 margin=16.875000
qwen35 debug logits position 16489: top1=328 top2=29865 v1=36.000000 v2=26.875000 margin=9.125000
qwen35 debug logits position 16490: top1=20663 top2=9252 v1=36.000000 v2=29.625000 margin=6.375000
qwen35 debug logits position 16491: top1=63421 top2=1769 v1=42.000000 v2=29.500000 margin=12.500000
qwen35 debug logits position 16492: top1=2468 top2=45447 v1=36.750000 v2=22.750000 margin=14.000000
qwen35 debug logits position 16493: top1=279 top2=1719 v1=38.250000 v2=19.500000 margin=18.750000
qwen35 debug logits position 16494: top1=3299 top2=4105 v1=38.000000 v2=23.000000 margin=15.000000
qwen35 debug logits position 16495: top1=27502 top2=359 v1=33.000000 v2=28.125000 margin=4.875000
qwen35 debug logits position 16496: top1=3158 top2=1149 v1=32.250000 v2=29.875000 margin=2.375000
qwen35 debug logits position 16497: top1=353 top2=1061 v1=29.750000 v2=24.875000 margin=4.875000
qwen35 debug logits position 16498: top1=3172 top2=1220 v1=34.250000 v2=25.625000 margin=8.625000
qwen35 debug logits position 16499: top1=2468 top2=635 v1=32.750000 v2=23.750000 margin=9.000000
qwen35 debug logits position 16500: top1=424 top2=279 v1=28.250000 v2=26.250000 margin=2.000000
qwen35 debug logits position 16501: top1=264 top2=3679 v1=30.125000 v2=28.500000 margin=1.625000
qwen35 debug logits position 16502: top1=12891 top2=2342 v1=33.000000 v2=28.875000 margin=4.125000
qwen35 debug logits position 16503: top1=1324 top2=3946 v1=35.750000 v2=21.125000 margin=14.625000
qwen35 debug logits position 16504: top1=314 top2=2942 v1=36.000000 v2=20.375000 margin=15.625000
qwen35 debug logits position 16505: top1=2942 top2=35086 v1=38.250000 v2=21.875000 margin=16.375000
qwen35 debug logits position 16506: top1=310 top2=13 v1=28.000000 v2=27.875000 margin=0.125000
qwen35 debug logits position 16507: top1=19264 top2=19800 v1=28.375000 v2=27.250000 margin=1.125000
qwen35 debug logits position 16508: top1=279 top2=328 v1=29.125000 v2=27.500000 margin=1.625000
qwen35 debug logits position 16509: top1=5215 top2=18677 v1=27.125000 v2=25.125000 margin=2.000000
qwen35 debug logits position 16510: top1=1973 top2=13 v1=28.875000 v2=27.875000 margin=1.000000
qwen35 debug logits position 16511: top1=1602 top2=2019 v1=27.750000 v2=24.250000 margin=3.500000
