CUDA 0: NVIDIA GeForce RTX 4090 (GPU-343bc895-b011-22fa-4449-97207aa2bdec)
qwen35 debug logits position 0: top1=5328 top2=198 v1=10.250000 v2=9.250000 margin=1.000000
qwen35 debug logits position 2: top1=3165 top2=3300 v1=14.125000 v2=13.375000 margin=0.750000
qwen35 debug hidden embedding position 7: min=-0.0546875 max=0.0634766 mean_abs=0.0126335
qwen35 debug hidden embedding position 35: min=-0.0576172 max=0.0522461 mean_abs=0.0118315
qwen35 debug hidden layer-000 position 7: min=-0.5117188 max=16.5000000 mean_abs=0.0431779
qwen35 debug hidden layer-000 position 35: min=-0.5820312 max=19.7500000 mean_abs=0.0469485
qwen35 debug hidden layer-003 position 7: min=-3.0000000 max=31.7500000 mean_abs=0.0793459
qwen35 debug hidden layer-003 position 35: min=-1.8906250 max=30.1250000 mean_abs=0.0711057
qwen35 debug hidden layer-031 position 7: min=-21.5000000 max=71.0000000 mean_abs=0.6871067
qwen35 debug hidden layer-031 position 35: min=-14.2500000 max=73.0000000 mean_abs=0.6132768
qwen35 debug hidden layer-032 position 7: min=-21.2500000 max=70.5000000 mean_abs=0.6866806
qwen35 debug hidden layer-032 position 35: min=-14.0000000 max=67.0000000 mean_abs=0.6425401
qwen35 debug hidden layer-060 position 7: min=-38.7500000 max=184.0000000 mean_abs=2.3000515
qwen35 debug hidden layer-060 position 35: min=-32.2500000 max=188.0000000 mean_abs=2.3893098
qwen35 debug hidden layer-063 position 7: min=-123.0000000 max=203.0000000 mean_abs=3.9317035
qwen35 debug hidden layer-063 position 35: min=-92.0000000 max=203.0000000 mean_abs=3.6143266
qwen35 debug hidden embedding position 7: min=-0.2832031 max=0.3046875 mean_abs=0.0055488
qwen35 debug hidden layer-000 position 7: min=-0.3691406 max=12.0625000 mean_abs=0.0236909
qwen35 debug hidden layer-003 position 7: min=-2.7187500 max=27.1250000 mean_abs=0.0907624
qwen35 debug hidden layer-031 position 7: min=-14.6250000 max=57.7500000 mean_abs=0.5849555
qwen35 debug hidden layer-032 position 7: min=-14.6250000 max=53.2500000 mean_abs=0.5840638
qwen35 debug hidden layer-060 position 7: min=-24.3750000 max=88.5000000 mean_abs=2.8796911
qwen35 debug hidden layer-063 position 7: min=-74.0000000 max=235.0000000 mean_abs=5.3651766
qwen35 debug logits position 0: top1=2037 top2=198 v1=11.562500 v2=11.437500 margin=0.125000
qwen35 debug hidden embedding position 7: min=-0.2832031 max=0.3046875 mean_abs=0.0055488
qwen35 debug hidden layer-000 position 7: min=-0.3691406 max=12.0625000 mean_abs=0.0236909
qwen35 debug hidden layer-003 position 7: min=-2.7187500 max=27.1250000 mean_abs=0.0907624
qwen35 debug hidden layer-031 position 7: min=-14.6250000 max=57.7500000 mean_abs=0.5849555
qwen35 debug hidden layer-032 position 7: min=-14.6250000 max=53.2500000 mean_abs=0.5840638
qwen35 debug hidden layer-060 position 7: min=-24.3750000 max=88.5000000 mean_abs=2.8796911
qwen35 debug hidden layer-063 position 7: min=-74.0000000 max=235.0000000 mean_abs=5.3651766
qwen35 debug logits position 0: top1=2037 top2=198 v1=11.562500 v2=11.437500 margin=0.125000
qwen35 debug logits position 9: top1=9 top2=11961 v1=15.125000 v2=12.125000 margin=3.000000
qwen35 debug logits position 10: top1=10 top2=43181 v1=18.250000 v2=16.750000 margin=1.500000
qwen35 debug logits position 11: top1=4838 top2=1288 v1=19.000000 v2=15.000000 margin=4.000000
qwen35 debug logits position 12: top1=1665 top2=13 v1=20.375000 v2=17.500000 margin=2.875000
qwen35 debug logits position 13: top1=25 top2=15 v1=18.625000 v2=18.000000 margin=0.625000
qwen35 debug logits position 14: top1=33898 top2=26 v1=23.250000 v2=20.375000 margin=2.875000
qwen35 debug logits position 15: top1=2110 top2=19279 v1=21.375000 v2=15.375000 margin=6.000000
qwen35 debug hidden embedding position 7: min=-0.2832031 max=0.3046875 mean_abs=0.0055488
qwen35 debug hidden layer-000 position 7: min=-0.3691406 max=12.0625000 mean_abs=0.0236909
qwen35 debug hidden layer-003 position 7: min=-2.7187500 max=27.1250000 mean_abs=0.0907624
qwen35 debug hidden layer-031 position 7: min=-14.6250000 max=57.7500000 mean_abs=0.5849555
qwen35 debug hidden layer-032 position 7: min=-14.6250000 max=53.2500000 mean_abs=0.5840638
qwen35 debug hidden layer-060 position 7: min=-24.3750000 max=88.5000000 mean_abs=2.8796911
qwen35 debug hidden layer-063 position 7: min=-74.0000000 max=235.0000000 mean_abs=5.3651766
qwen35 debug logits position 0: top1=2037 top2=198 v1=11.562500 v2=11.437500 margin=0.125000
qwen35 debug hidden embedding position 7: min=-0.2832031 max=0.3046875 mean_abs=0.0055488
qwen35 debug hidden layer-000 position 7: min=-0.3691406 max=12.0625000 mean_abs=0.0236909
qwen35 debug hidden layer-003 position 7: min=-2.7187500 max=27.1250000 mean_abs=0.0907624
qwen35 debug hidden layer-031 position 7: min=-14.6250000 max=57.7500000 mean_abs=0.5849555
qwen35 debug hidden layer-032 position 7: min=-14.6250000 max=53.2500000 mean_abs=0.5840638
qwen35 debug hidden layer-060 position 7: min=-24.3750000 max=88.5000000 mean_abs=2.8796911
qwen35 debug hidden layer-063 position 7: min=-74.0000000 max=235.0000000 mean_abs=5.3651766
qwen35 debug logits position 0: top1=2037 top2=198 v1=11.562500 v2=11.437500 margin=0.125000
qwen35 debug logits position 9: top1=9 top2=11961 v1=15.125000 v2=12.125000 margin=3.000000
qwen35 debug logits position 10: top1=10 top2=43181 v1=18.250000 v2=16.750000 margin=1.500000
qwen35 debug logits position 11: top1=4838 top2=1288 v1=19.000000 v2=15.000000 margin=4.000000
qwen35 debug hidden embedding position 7: min=-0.0546875 max=0.0634766 mean_abs=0.0126335
qwen35 debug hidden embedding position 35: min=-0.0576172 max=0.0522461 mean_abs=0.0118315
qwen35 debug hidden layer-000 position 7: min=-0.5117188 max=16.5000000 mean_abs=0.0431779
qwen35 debug hidden layer-000 position 35: min=-0.5820312 max=19.7500000 mean_abs=0.0469485
qwen35 debug hidden layer-003 position 7: min=-3.0000000 max=31.7500000 mean_abs=0.0793459
qwen35 debug hidden layer-003 position 35: min=-1.8906250 max=30.1250000 mean_abs=0.0711057
qwen35 debug hidden layer-031 position 7: min=-21.5000000 max=71.0000000 mean_abs=0.6871067
qwen35 debug hidden layer-031 position 35: min=-14.2500000 max=73.0000000 mean_abs=0.6132768
qwen35 debug hidden layer-032 position 7: min=-21.2500000 max=70.5000000 mean_abs=0.6866806
qwen35 debug hidden layer-032 position 35: min=-14.0000000 max=67.0000000 mean_abs=0.6425401
qwen35 debug hidden layer-060 position 7: min=-38.7500000 max=184.0000000 mean_abs=2.3000515
qwen35 debug hidden layer-060 position 35: min=-32.2500000 max=188.0000000 mean_abs=2.3893098
qwen35 debug hidden layer-063 position 7: min=-123.0000000 max=203.0000000 mean_abs=3.9317035
qwen35 debug hidden layer-063 position 35: min=-92.0000000 max=203.0000000 mean_abs=3.6143266
qwen35 debug hidden embedding position 83: min=-0.3164062 max=0.2441406 mean_abs=0.0068631
qwen35 debug hidden layer-000 position 83: min=-0.2373047 max=13.0000000 mean_abs=0.0203701
qwen35 debug hidden layer-003 position 83: min=-1.5781250 max=20.5000000 mean_abs=0.0608145
qwen35 debug hidden layer-031 position 83: min=-13.8750000 max=66.5000000 mean_abs=0.6074917
qwen35 debug hidden layer-032 position 83: min=-13.3750000 max=67.0000000 mean_abs=0.6416845
qwen35 debug hidden layer-060 position 83: min=-17.2500000 max=172.0000000 mean_abs=2.0716314
qwen35 debug hidden layer-063 position 83: min=-57.2500000 max=136.0000000 mean_abs=3.4314179
qwen35 debug logits position 0: top1=46594 top2=76707 v1=24.125000 v2=17.875000 margin=6.250000
qwen35 debug logits position 8193: top1=12 top2=20 v1=24.375000 v2=12.187500 margin=12.187500
qwen35 debug logits position 8194: top1=20 top2=19 v1=26.250000 v2=13.187500 margin=13.062500
qwen35 debug logits position 8195: top1=17 top2=16 v1=26.500000 v2=11.875000 margin=14.625000
qwen35 debug hidden embedding position 7: min=-0.0563965 max=0.0583496 mean_abs=0.0125982
qwen35 debug hidden embedding position 35: min=-0.0673828 max=0.0825195 mean_abs=0.0123046
qwen35 debug hidden layer-000 position 7: min=-0.5507812 max=16.7500000 mean_abs=0.0575258
qwen35 debug hidden layer-000 position 35: min=-0.2617188 max=15.6875000 mean_abs=0.0405904
qwen35 debug hidden layer-003 position 7: min=-2.6562500 max=32.0000000 mean_abs=0.0995327
qwen35 debug hidden layer-003 position 35: min=-1.4375000 max=24.7500000 mean_abs=0.0739413
qwen35 debug hidden layer-031 position 7: min=-17.3750000 max=68.5000000 mean_abs=0.4924363
qwen35 debug hidden layer-031 position 35: min=-13.2500000 max=61.7500000 mean_abs=0.5891870
qwen35 debug hidden layer-032 position 7: min=-17.6250000 max=62.0000000 mean_abs=0.4852604
qwen35 debug hidden layer-032 position 35: min=-13.1250000 max=56.5000000 mean_abs=0.5794882
qwen35 debug hidden layer-060 position 7: min=-38.7500000 max=144.0000000 mean_abs=2.5346056
qwen35 debug hidden layer-060 position 35: min=-29.5000000 max=137.0000000 mean_abs=2.4070668
qwen35 debug hidden layer-063 position 7: min=-91.0000000 max=81.0000000 mean_abs=3.5498026
qwen35 debug hidden layer-063 position 35: min=-67.5000000 max=105.5000000 mean_abs=4.0146792
qwen35 debug hidden embedding position 83: min=-0.0649414 max=0.0510254 mean_abs=0.0121268
qwen35 debug hidden layer-000 position 83: min=-0.4492188 max=20.3750000 mean_abs=0.0559196
qwen35 debug hidden layer-003 position 83: min=-2.1406250 max=28.7500000 mean_abs=0.1091673
qwen35 debug hidden layer-031 position 83: min=-12.7500000 max=72.5000000 mean_abs=0.6426863
qwen35 debug hidden layer-032 position 83: min=-12.3125000 max=67.0000000 mean_abs=0.6239845
qwen35 debug hidden layer-060 position 83: min=-25.8750000 max=35.2500000 mean_abs=2.4286345
qwen35 debug hidden layer-063 position 83: min=-53.5000000 max=78.5000000 mean_abs=3.6181339
qwen35 debug logits position 0: top1=2456 top2=40 v1=20.000000 v2=16.625000 margin=3.375000
qwen35 debug logits position 1025: top1=55 top2=48 v1=24.625000 v2=13.875000 margin=10.750000
qwen35 debug logits position 1026: top1=35205 top2=69046 v1=28.500000 v2=18.125000 margin=10.375000
qwen35 debug logits position 1027: top1=27325 top2=12 v1=23.250000 v2=14.062500 margin=9.187500
qwen35 debug logits position 1028: top1=54 top2=48 v1=22.375000 v2=13.875000 margin=8.500000
qwen35 debug logits position 1029: top1=923 top2=12 v1=23.500000 v2=13.812500 margin=9.687500
qwen35 debug logits position 1030: top1=18 top2=12 v1=22.625000 v2=12.875000 margin=9.750000
qwen35 debug logits position 1031: top1=23 top2=12 v1=23.125000 v2=13.562500 margin=9.562500
qwen35 debug logits position 1032: top1=12 top2=19 v1=20.625000 v2=11.875000 margin=8.750000
qwen35 debug logits position 1033: top1=19 top2=17 v1=23.375000 v2=12.750000 margin=10.625000
qwen35 debug logits position 1034: top1=15 top2=12 v1=21.375000 v2=9.875000 margin=11.500000
qwen35 debug logits position 1035: top1=24 top2=19 v1=21.500000 v2=10.812500 margin=10.687500
qwen35 debug logits position 1036: top1=15 top2=198 v1=23.125000 v2=13.937500 margin=9.187500
qwen35 debug logits position 1037: top1=198 top2=27502 v1=20.000000 v2=19.000000 margin=1.000000
qwen35 debug logits position 1038: top1=76471 top2=2456 v1=21.125000 v2=15.687500 margin=5.437500
qwen35 debug hidden embedding position 7: min=-0.2832031 max=0.3046875 mean_abs=0.0055488
qwen35 debug hidden layer-000 position 7: min=-0.3691406 max=12.0625000 mean_abs=0.0236909
qwen35 debug hidden layer-003 position 7: min=-2.7187500 max=27.1250000 mean_abs=0.0907624
qwen35 debug hidden layer-031 position 7: min=-14.6250000 max=57.7500000 mean_abs=0.5849555
qwen35 debug hidden layer-032 position 7: min=-14.6250000 max=53.2500000 mean_abs=0.5840638
qwen35 debug hidden layer-060 position 7: min=-24.3750000 max=88.5000000 mean_abs=2.8796911
qwen35 debug hidden layer-063 position 7: min=-74.0000000 max=235.0000000 mean_abs=5.3651766
qwen35 debug logits position 0: top1=2037 top2=198 v1=11.562500 v2=11.437500 margin=0.125000
qwen35 debug logits position 9: top1=9 top2=11961 v1=15.125000 v2=12.125000 margin=3.000000
qwen35 debug logits position 10: top1=10 top2=43181 v1=18.250000 v2=16.750000 margin=1.500000
qwen35 debug logits position 11: top1=4838 top2=1288 v1=19.000000 v2=15.000000 margin=4.000000
qwen35 debug logits position 12: top1=1665 top2=13 v1=20.375000 v2=17.500000 margin=2.875000
qwen35 debug hidden embedding position 7: min=-0.0563965 max=0.0583496 mean_abs=0.0125982
qwen35 debug hidden embedding position 35: min=-0.0673828 max=0.0825195 mean_abs=0.0123046
qwen35 debug hidden layer-000 position 7: min=-0.5507812 max=16.7500000 mean_abs=0.0575258
qwen35 debug hidden layer-000 position 35: min=-0.2617188 max=15.6875000 mean_abs=0.0405904
qwen35 debug hidden layer-003 position 7: min=-2.6562500 max=32.0000000 mean_abs=0.0995327
qwen35 debug hidden layer-003 position 35: min=-1.4375000 max=24.7500000 mean_abs=0.0739413
qwen35 debug hidden layer-031 position 7: min=-17.3750000 max=68.5000000 mean_abs=0.4924363
qwen35 debug hidden layer-031 position 35: min=-13.2500000 max=61.7500000 mean_abs=0.5891870
qwen35 debug hidden layer-032 position 7: min=-17.6250000 max=62.0000000 mean_abs=0.4852604
qwen35 debug hidden layer-032 position 35: min=-13.1250000 max=56.5000000 mean_abs=0.5794882
qwen35 debug hidden layer-060 position 7: min=-38.7500000 max=144.0000000 mean_abs=2.5346056
qwen35 debug hidden layer-060 position 35: min=-29.5000000 max=137.0000000 mean_abs=2.4070668
qwen35 debug hidden layer-063 position 7: min=-91.0000000 max=81.0000000 mean_abs=3.5498026
qwen35 debug hidden layer-063 position 35: min=-67.5000000 max=105.5000000 mean_abs=4.0146792
qwen35 debug hidden embedding position 83: min=-0.0649414 max=0.0510254 mean_abs=0.0121268
qwen35 debug hidden layer-000 position 83: min=-0.4492188 max=20.3750000 mean_abs=0.0559196
qwen35 debug hidden layer-003 position 83: min=-2.1406250 max=28.7500000 mean_abs=0.1091673
qwen35 debug hidden layer-031 position 83: min=-12.7500000 max=72.5000000 mean_abs=0.6426863
qwen35 debug hidden layer-032 position 83: min=-12.3125000 max=67.0000000 mean_abs=0.6239845
qwen35 debug hidden layer-060 position 83: min=-25.8750000 max=35.2500000 mean_abs=2.4286345
qwen35 debug hidden layer-063 position 83: min=-53.5000000 max=78.5000000 mean_abs=3.6181339
qwen35 debug logits position 0: top1=2456 top2=40 v1=20.000000 v2=16.625000 margin=3.375000
qwen35 debug logits position 1025: top1=55 top2=48 v1=24.625000 v2=13.875000 margin=10.750000
qwen35 debug logits position 1026: top1=35205 top2=69046 v1=28.500000 v2=18.125000 margin=10.375000
qwen35 debug logits position 1027: top1=27325 top2=12 v1=23.250000 v2=14.062500 margin=9.187500
qwen35 debug logits position 1028: top1=54 top2=48 v1=22.375000 v2=13.875000 margin=8.500000
qwen35 debug logits position 1029: top1=923 top2=12 v1=23.500000 v2=13.812500 margin=9.687500
qwen35 debug logits position 1030: top1=18 top2=12 v1=22.625000 v2=12.875000 margin=9.750000
qwen35 debug logits position 1031: top1=23 top2=12 v1=23.125000 v2=13.562500 margin=9.562500
qwen35 debug logits position 1032: top1=12 top2=19 v1=20.625000 v2=11.875000 margin=8.750000
qwen35 debug logits position 1033: top1=19 top2=17 v1=23.375000 v2=12.750000 margin=10.625000
qwen35 debug hidden embedding position 7: min=-0.2832031 max=0.3046875 mean_abs=0.0055488
qwen35 debug hidden layer-000 position 7: min=-0.3691406 max=12.0625000 mean_abs=0.0236909
qwen35 debug hidden layer-003 position 7: min=-2.7187500 max=27.1250000 mean_abs=0.0907624
qwen35 debug hidden layer-031 position 7: min=-14.6250000 max=57.7500000 mean_abs=0.5849555
qwen35 debug hidden layer-032 position 7: min=-14.6250000 max=53.2500000 mean_abs=0.5840638
qwen35 debug hidden layer-060 position 7: min=-24.3750000 max=88.5000000 mean_abs=2.8796911
qwen35 debug hidden layer-063 position 7: min=-74.0000000 max=235.0000000 mean_abs=5.3651766
qwen35 debug logits position 0: top1=2037 top2=198 v1=11.562500 v2=11.437500 margin=0.125000
qwen35 debug hidden embedding position 7: min=-0.2832031 max=0.3046875 mean_abs=0.0055488
qwen35 debug hidden layer-000 position 7: min=-0.3691406 max=12.0625000 mean_abs=0.0236909
qwen35 debug hidden layer-003 position 7: min=-2.7187500 max=27.1250000 mean_abs=0.0907624
qwen35 debug hidden layer-031 position 7: min=-14.6250000 max=57.7500000 mean_abs=0.5849555
qwen35 debug hidden layer-032 position 7: min=-14.6250000 max=53.2500000 mean_abs=0.5840638
qwen35 debug hidden layer-060 position 7: min=-24.3750000 max=88.5000000 mean_abs=2.8796911
qwen35 debug hidden layer-063 position 7: min=-74.0000000 max=235.0000000 mean_abs=5.3651766
qwen35 debug logits position 0: top1=2037 top2=198 v1=11.562500 v2=11.437500 margin=0.125000
qwen35 debug logits position 9: top1=9 top2=11961 v1=15.125000 v2=12.125000 margin=3.000000
qwen35 debug logits position 10: top1=10 top2=43181 v1=18.250000 v2=16.750000 margin=1.500000
qwen35 debug logits position 11: top1=4838 top2=1288 v1=19.000000 v2=15.000000 margin=4.000000
qwen35 debug hidden embedding position 7: min=-0.2832031 max=0.3046875 mean_abs=0.0055488
qwen35 debug hidden layer-000 position 7: min=-0.3691406 max=12.0625000 mean_abs=0.0236909
qwen35 debug hidden layer-003 position 7: min=-2.7187500 max=27.1250000 mean_abs=0.0907624
qwen35 debug hidden layer-031 position 7: min=-14.6250000 max=57.7500000 mean_abs=0.5849555
qwen35 debug hidden layer-032 position 7: min=-14.6250000 max=53.2500000 mean_abs=0.5840638
qwen35 debug hidden layer-060 position 7: min=-24.3750000 max=88.5000000 mean_abs=2.8796911
qwen35 debug hidden layer-063 position 7: min=-74.0000000 max=235.0000000 mean_abs=5.3651766
qwen35 debug logits position 0: top1=2037 top2=198 v1=11.562500 v2=11.437500 margin=0.125000
qwen35 debug logits position 9: top1=9 top2=11961 v1=15.125000 v2=12.125000 margin=3.000000
qwen35 debug logits position 10: top1=10 top2=43181 v1=18.250000 v2=16.750000 margin=1.500000
qwen35 debug logits position 11: top1=4838 top2=1288 v1=19.000000 v2=15.000000 margin=4.000000
qwen35 debug logits position 12: top1=1665 top2=13 v1=20.375000 v2=17.500000 margin=2.875000
qwen35 debug hidden embedding position 7: min=-0.0563965 max=0.0583496 mean_abs=0.0125982
qwen35 debug hidden embedding position 35: min=-0.0673828 max=0.0825195 mean_abs=0.0123046
qwen35 debug hidden layer-000 position 7: min=-0.5507812 max=16.7500000 mean_abs=0.0575258
qwen35 debug hidden layer-000 position 35: min=-0.2617188 max=15.6875000 mean_abs=0.0405904
qwen35 debug hidden layer-003 position 7: min=-2.6562500 max=32.0000000 mean_abs=0.0995327
qwen35 debug hidden layer-003 position 35: min=-1.4375000 max=24.7500000 mean_abs=0.0739413
qwen35 debug hidden layer-031 position 7: min=-17.3750000 max=68.5000000 mean_abs=0.4924363
qwen35 debug hidden layer-031 position 35: min=-13.2500000 max=61.7500000 mean_abs=0.5891870
qwen35 debug hidden layer-032 position 7: min=-17.6250000 max=62.0000000 mean_abs=0.4852604
qwen35 debug hidden layer-032 position 35: min=-13.1250000 max=56.5000000 mean_abs=0.5794882
qwen35 debug hidden layer-060 position 7: min=-38.7500000 max=144.0000000 mean_abs=2.5346056
qwen35 debug hidden layer-060 position 35: min=-29.5000000 max=137.0000000 mean_abs=2.4070668
qwen35 debug hidden layer-063 position 7: min=-91.0000000 max=81.0000000 mean_abs=3.5498026
qwen35 debug hidden layer-063 position 35: min=-67.5000000 max=105.5000000 mean_abs=4.0146792
qwen35 debug hidden embedding position 83: min=-0.0649414 max=0.0510254 mean_abs=0.0121268
qwen35 debug hidden layer-000 position 83: min=-0.4492188 max=20.3750000 mean_abs=0.0559196
qwen35 debug hidden layer-003 position 83: min=-2.1406250 max=28.7500000 mean_abs=0.1091673
qwen35 debug hidden layer-031 position 83: min=-12.7500000 max=72.5000000 mean_abs=0.6426863
qwen35 debug hidden layer-032 position 83: min=-12.3125000 max=67.0000000 mean_abs=0.6239845
qwen35 debug hidden layer-060 position 83: min=-25.8750000 max=35.2500000 mean_abs=2.4286345
qwen35 debug hidden layer-063 position 83: min=-53.5000000 max=78.5000000 mean_abs=3.6181339
qwen35 debug logits position 0: top1=2456 top2=40 v1=20.000000 v2=16.625000 margin=3.375000
qwen35 debug logits position 1025: top1=55 top2=48 v1=24.625000 v2=13.875000 margin=10.750000
qwen35 debug logits position 1026: top1=35205 top2=69046 v1=28.500000 v2=18.125000 margin=10.375000
qwen35 debug logits position 1027: top1=27325 top2=12 v1=23.250000 v2=14.062500 margin=9.187500
qwen35 debug logits position 1028: top1=54 top2=48 v1=22.375000 v2=13.875000 margin=8.500000
qwen35 debug logits position 1029: top1=923 top2=12 v1=23.500000 v2=13.812500 margin=9.687500
qwen35 debug logits position 1030: top1=18 top2=12 v1=22.625000 v2=12.875000 margin=9.750000
qwen35 debug logits position 1031: top1=23 top2=12 v1=23.125000 v2=13.562500 margin=9.562500
qwen35 debug logits position 1032: top1=12 top2=19 v1=20.625000 v2=11.875000 margin=8.750000
qwen35 debug logits position 1033: top1=19 top2=17 v1=23.375000 v2=12.750000 margin=10.625000
qwen35 debug logits position 1034: top1=15 top2=12 v1=21.375000 v2=9.875000 margin=11.500000
qwen35 debug logits position 1035: top1=24 top2=19 v1=21.500000 v2=10.812500 margin=10.687500
qwen35 debug hidden embedding position 7: min=-0.0563965 max=0.0583496 mean_abs=0.0125982
qwen35 debug hidden embedding position 35: min=-0.0673828 max=0.0825195 mean_abs=0.0123046
qwen35 debug hidden layer-000 position 7: min=-0.5507812 max=16.7500000 mean_abs=0.0575258
qwen35 debug hidden layer-000 position 35: min=-0.2617188 max=15.6875000 mean_abs=0.0405904
qwen35 debug hidden layer-003 position 7: min=-2.6562500 max=32.0000000 mean_abs=0.0995327
qwen35 debug hidden layer-003 position 35: min=-1.4375000 max=24.7500000 mean_abs=0.0739413
qwen35 debug hidden layer-031 position 7: min=-17.3750000 max=68.5000000 mean_abs=0.4924363
qwen35 debug hidden layer-031 position 35: min=-13.2500000 max=61.7500000 mean_abs=0.5891870
qwen35 debug hidden layer-032 position 7: min=-17.6250000 max=62.0000000 mean_abs=0.4852604
qwen35 debug hidden layer-032 position 35: min=-13.1250000 max=56.5000000 mean_abs=0.5794882
qwen35 debug hidden layer-060 position 7: min=-38.7500000 max=144.0000000 mean_abs=2.5346056
qwen35 debug hidden layer-060 position 35: min=-29.5000000 max=137.0000000 mean_abs=2.4070668
qwen35 debug hidden layer-063 position 7: min=-91.0000000 max=81.0000000 mean_abs=3.5498026
qwen35 debug hidden layer-063 position 35: min=-67.5000000 max=105.5000000 mean_abs=4.0146792
qwen35 debug hidden embedding position 83: min=-0.0649414 max=0.0510254 mean_abs=0.0121268
qwen35 debug hidden layer-000 position 83: min=-0.4492188 max=20.3750000 mean_abs=0.0559196
qwen35 debug hidden layer-003 position 83: min=-2.1406250 max=28.7500000 mean_abs=0.1091673
qwen35 debug hidden layer-031 position 83: min=-12.7500000 max=72.5000000 mean_abs=0.6426863
qwen35 debug hidden layer-032 position 83: min=-12.3125000 max=67.0000000 mean_abs=0.6239845
qwen35 debug hidden layer-060 position 83: min=-25.8750000 max=35.2500000 mean_abs=2.4286345
qwen35 debug hidden layer-063 position 83: min=-53.5000000 max=78.5000000 mean_abs=3.6181339
qwen35 debug logits position 0: top1=2456 top2=40 v1=20.000000 v2=16.625000 margin=3.375000
qwen35 debug logits position 1025: top1=55 top2=48 v1=24.625000 v2=13.875000 margin=10.750000
qwen35 debug logits position 1026: top1=35205 top2=69046 v1=28.500000 v2=18.125000 margin=10.375000
qwen35 debug logits position 1027: top1=27325 top2=12 v1=23.250000 v2=14.062500 margin=9.187500
qwen35 debug logits position 1028: top1=54 top2=48 v1=22.375000 v2=13.875000 margin=8.500000
qwen35 debug hidden embedding position 7: min=-0.0563965 max=0.0583496 mean_abs=0.0125982
qwen35 debug hidden embedding position 35: min=-0.0673828 max=0.0825195 mean_abs=0.0123046
qwen35 debug hidden layer-000 position 7: min=-0.5507812 max=16.7500000 mean_abs=0.0575258
qwen35 debug hidden layer-000 position 35: min=-0.2617188 max=15.6875000 mean_abs=0.0405904
qwen35 debug hidden layer-003 position 7: min=-2.6562500 max=32.0000000 mean_abs=0.0995327
qwen35 debug hidden layer-003 position 35: min=-1.4375000 max=24.7500000 mean_abs=0.0739413
qwen35 debug hidden layer-031 position 7: min=-17.3750000 max=68.5000000 mean_abs=0.4924363
qwen35 debug hidden layer-031 position 35: min=-13.2500000 max=61.7500000 mean_abs=0.5891870
qwen35 debug hidden layer-032 position 7: min=-17.6250000 max=62.0000000 mean_abs=0.4852604
qwen35 debug hidden layer-032 position 35: min=-13.1250000 max=56.5000000 mean_abs=0.5794882
qwen35 debug hidden layer-060 position 7: min=-38.7500000 max=144.0000000 mean_abs=2.5346056
qwen35 debug hidden layer-060 position 35: min=-29.5000000 max=137.0000000 mean_abs=2.4070668
qwen35 debug hidden layer-063 position 7: min=-91.0000000 max=81.0000000 mean_abs=3.5498026
qwen35 debug hidden layer-063 position 35: min=-67.5000000 max=105.5000000 mean_abs=4.0146792
qwen35 debug hidden embedding position 83: min=-0.0649414 max=0.0510254 mean_abs=0.0121268
qwen35 debug hidden layer-000 position 83: min=-0.4492188 max=20.3750000 mean_abs=0.0559196
qwen35 debug hidden layer-003 position 83: min=-2.1406250 max=28.7500000 mean_abs=0.1091673
qwen35 debug hidden layer-031 position 83: min=-12.7500000 max=72.5000000 mean_abs=0.6426863
qwen35 debug hidden layer-032 position 83: min=-12.3125000 max=67.0000000 mean_abs=0.6239845
qwen35 debug hidden layer-060 position 83: min=-25.8750000 max=35.2500000 mean_abs=2.4286345
qwen35 debug hidden layer-063 position 83: min=-53.5000000 max=78.5000000 mean_abs=3.6181339
qwen35 debug logits position 0: top1=2456 top2=40 v1=20.000000 v2=16.625000 margin=3.375000
qwen35 debug logits position 1025: top1=55 top2=48 v1=24.625000 v2=13.875000 margin=10.750000
qwen35 debug logits position 1026: top1=35205 top2=69046 v1=28.500000 v2=18.125000 margin=10.375000
qwen35 debug logits position 1027: top1=27325 top2=12 v1=23.250000 v2=14.062500 margin=9.187500
qwen35 debug logits position 1028: top1=54 top2=48 v1=22.375000 v2=13.875000 margin=8.500000
qwen35 debug logits position 1029: top1=923 top2=12 v1=23.500000 v2=13.812500 margin=9.687500
qwen35 debug logits position 1030: top1=18 top2=12 v1=22.625000 v2=12.875000 margin=9.750000
qwen35 debug hidden embedding position 7: min=-0.2832031 max=0.3046875 mean_abs=0.0055488
qwen35 debug hidden layer-000 position 7: min=-0.3691406 max=12.0625000 mean_abs=0.0236909
qwen35 debug hidden layer-003 position 7: min=-2.7187500 max=27.1250000 mean_abs=0.0907624
qwen35 debug hidden layer-031 position 7: min=-14.6250000 max=57.7500000 mean_abs=0.5849555
qwen35 debug hidden layer-032 position 7: min=-14.6250000 max=53.2500000 mean_abs=0.5840638
qwen35 debug hidden layer-060 position 7: min=-24.3750000 max=88.5000000 mean_abs=2.8796911
qwen35 debug hidden layer-063 position 7: min=-74.0000000 max=235.0000000 mean_abs=5.3651766
qwen35 debug logits position 0: top1=2037 top2=198 v1=11.562500 v2=11.437500 margin=0.125000
qwen35 debug logits position 9: top1=9 top2=11961 v1=15.125000 v2=12.125000 margin=3.000000
qwen35 debug logits position 10: top1=10 top2=43181 v1=18.250000 v2=16.750000 margin=1.500000
qwen35 debug logits position 11: top1=4838 top2=1288 v1=19.000000 v2=15.000000 margin=4.000000
qwen35 debug logits position 12: top1=1665 top2=13 v1=20.375000 v2=17.500000 margin=2.875000
qwen35 debug logits position 13: top1=25 top2=15 v1=18.625000 v2=18.000000 margin=0.625000
qwen35 debug logits position 14: top1=33898 top2=26 v1=23.250000 v2=20.375000 margin=2.875000
qwen35 debug hidden embedding position 7: min=-0.0563965 max=0.0583496 mean_abs=0.0125982
qwen35 debug hidden embedding position 35: min=-0.0673828 max=0.0825195 mean_abs=0.0123046
qwen35 debug hidden layer-000 position 7: min=-0.5507812 max=16.7500000 mean_abs=0.0575258
qwen35 debug hidden layer-000 position 35: min=-0.2617188 max=15.6875000 mean_abs=0.0405904
qwen35 debug hidden layer-003 position 7: min=-2.6562500 max=32.0000000 mean_abs=0.0995327
qwen35 debug hidden layer-003 position 35: min=-1.4375000 max=24.7500000 mean_abs=0.0739413
qwen35 debug hidden layer-031 position 7: min=-17.3750000 max=68.5000000 mean_abs=0.4924363
qwen35 debug hidden layer-031 position 35: min=-13.2500000 max=61.7500000 mean_abs=0.5891870
qwen35 debug hidden layer-032 position 7: min=-17.6250000 max=62.0000000 mean_abs=0.4852604
qwen35 debug hidden layer-032 position 35: min=-13.1250000 max=56.5000000 mean_abs=0.5794882
qwen35 debug hidden layer-060 position 7: min=-38.7500000 max=144.0000000 mean_abs=2.5346056
qwen35 debug hidden layer-060 position 35: min=-29.5000000 max=137.0000000 mean_abs=2.4070668
qwen35 debug hidden layer-063 position 7: min=-91.0000000 max=81.0000000 mean_abs=3.5498026
qwen35 debug hidden layer-063 position 35: min=-67.5000000 max=105.5000000 mean_abs=4.0146792
qwen35 debug hidden embedding position 83: min=-0.0649414 max=0.0510254 mean_abs=0.0121268
qwen35 debug hidden layer-000 position 83: min=-0.4492188 max=20.3750000 mean_abs=0.0559196
qwen35 debug hidden layer-003 position 83: min=-2.1406250 max=28.7500000 mean_abs=0.1091673
qwen35 debug hidden layer-031 position 83: min=-12.7500000 max=72.5000000 mean_abs=0.6426863
qwen35 debug hidden layer-032 position 83: min=-12.3125000 max=67.0000000 mean_abs=0.6239845
qwen35 debug hidden layer-060 position 83: min=-25.8750000 max=35.2500000 mean_abs=2.4286345
qwen35 debug hidden layer-063 position 83: min=-53.5000000 max=78.5000000 mean_abs=3.6181339
qwen35 debug logits position 0: top1=2456 top2=40 v1=20.000000 v2=16.625000 margin=3.375000
qwen35 debug logits position 1025: top1=55 top2=48 v1=24.625000 v2=13.875000 margin=10.750000
qwen35 debug logits position 1026: top1=35205 top2=69046 v1=28.500000 v2=18.125000 margin=10.375000
qwen35 debug logits position 1027: top1=27325 top2=12 v1=23.250000 v2=14.062500 margin=9.187500
qwen35 debug logits position 1028: top1=54 top2=48 v1=22.375000 v2=13.875000 margin=8.500000
qwen35 debug logits position 1029: top1=923 top2=12 v1=23.500000 v2=13.812500 margin=9.687500
qwen35 debug logits position 1030: top1=18 top2=12 v1=22.625000 v2=12.875000 margin=9.750000
qwen35 debug logits position 1031: top1=23 top2=12 v1=23.125000 v2=13.562500 margin=9.562500
qwen35 debug logits position 1032: top1=12 top2=19 v1=20.625000 v2=11.875000 margin=8.750000
qwen35 debug logits position 1033: top1=19 top2=17 v1=23.375000 v2=12.750000 margin=10.625000
qwen35 debug logits position 1034: top1=15 top2=12 v1=21.375000 v2=9.875000 margin=11.500000
qwen35 debug logits position 1035: top1=24 top2=19 v1=21.500000 v2=10.812500 margin=10.687500
qwen35 debug logits position 1036: top1=15 top2=198 v1=23.125000 v2=13.937500 margin=9.187500
qwen35 debug logits position 1037: top1=198 top2=27502 v1=20.000000 v2=19.000000 margin=1.000000
qwen35 debug hidden embedding position 7: min=-0.2832031 max=0.3046875 mean_abs=0.0055488
qwen35 debug hidden layer-000 position 7: min=-0.3691406 max=12.0625000 mean_abs=0.0236909
qwen35 debug hidden layer-003 position 7: min=-2.7187500 max=27.1250000 mean_abs=0.0907624
qwen35 debug hidden layer-031 position 7: min=-14.6250000 max=57.7500000 mean_abs=0.5849555
qwen35 debug hidden layer-032 position 7: min=-14.6250000 max=53.2500000 mean_abs=0.5840638
qwen35 debug hidden layer-060 position 7: min=-24.3750000 max=88.5000000 mean_abs=2.8796911
qwen35 debug hidden layer-063 position 7: min=-74.0000000 max=235.0000000 mean_abs=5.3651766
qwen35 debug logits position 0: top1=2037 top2=198 v1=11.562500 v2=11.437500 margin=0.125000
qwen35 debug logits position 9: top1=9 top2=11961 v1=15.125000 v2=12.125000 margin=3.000000
qwen35 debug logits position 10: top1=10 top2=43181 v1=18.250000 v2=16.750000 margin=1.500000
qwen35 debug hidden embedding position 7: min=-0.2832031 max=0.3046875 mean_abs=0.0055488
qwen35 debug hidden layer-000 position 7: min=-0.3691406 max=12.0625000 mean_abs=0.0236909
qwen35 debug hidden layer-003 position 7: min=-2.7187500 max=27.1250000 mean_abs=0.0907624
qwen35 debug hidden layer-031 position 7: min=-14.6250000 max=57.7500000 mean_abs=0.5849555
qwen35 debug hidden layer-032 position 7: min=-14.6250000 max=53.2500000 mean_abs=0.5840638
qwen35 debug hidden layer-060 position 7: min=-24.3750000 max=88.5000000 mean_abs=2.8796911
qwen35 debug hidden layer-063 position 7: min=-74.0000000 max=235.0000000 mean_abs=5.3651766
qwen35 debug logits position 0: top1=2037 top2=198 v1=11.562500 v2=11.437500 margin=0.125000
qwen35 debug hidden embedding position 7: min=-0.0563965 max=0.0583496 mean_abs=0.0125982
qwen35 debug hidden embedding position 35: min=-0.0673828 max=0.0825195 mean_abs=0.0123046
qwen35 debug hidden layer-000 position 7: min=-0.5507812 max=16.7500000 mean_abs=0.0575258
qwen35 debug hidden layer-000 position 35: min=-0.2617188 max=15.6875000 mean_abs=0.0405904
qwen35 debug hidden layer-003 position 7: min=-2.6562500 max=32.0000000 mean_abs=0.0995327
qwen35 debug hidden layer-003 position 35: min=-1.4375000 max=24.7500000 mean_abs=0.0739413
qwen35 debug hidden layer-031 position 7: min=-17.3750000 max=68.5000000 mean_abs=0.4924363
qwen35 debug hidden layer-031 position 35: min=-13.2500000 max=61.7500000 mean_abs=0.5891870
qwen35 debug hidden layer-032 position 7: min=-17.6250000 max=62.0000000 mean_abs=0.4852604
qwen35 debug hidden layer-032 position 35: min=-13.1250000 max=56.5000000 mean_abs=0.5794882
qwen35 debug hidden layer-060 position 7: min=-38.7500000 max=144.0000000 mean_abs=2.5346056
qwen35 debug hidden layer-060 position 35: min=-29.5000000 max=137.0000000 mean_abs=2.4070668
qwen35 debug hidden layer-063 position 7: min=-91.0000000 max=81.0000000 mean_abs=3.5498026
qwen35 debug hidden layer-063 position 35: min=-67.5000000 max=105.5000000 mean_abs=4.0146792
qwen35 debug hidden embedding position 83: min=-0.0649414 max=0.0510254 mean_abs=0.0121268
qwen35 debug hidden layer-000 position 83: min=-0.4492188 max=20.3750000 mean_abs=0.0559196
qwen35 debug hidden layer-003 position 83: min=-2.1406250 max=28.7500000 mean_abs=0.1091673
qwen35 debug hidden layer-031 position 83: min=-12.7500000 max=72.5000000 mean_abs=0.6426863
qwen35 debug hidden layer-032 position 83: min=-12.3125000 max=67.0000000 mean_abs=0.6239845
qwen35 debug hidden layer-060 position 83: min=-25.8750000 max=35.2500000 mean_abs=2.4286345
qwen35 debug hidden layer-063 position 83: min=-53.5000000 max=78.5000000 mean_abs=3.6181339
qwen35 debug logits position 0: top1=2456 top2=40 v1=20.000000 v2=16.625000 margin=3.375000
qwen35 debug logits position 1025: top1=55 top2=48 v1=24.625000 v2=13.875000 margin=10.750000
qwen35 debug logits position 1026: top1=35205 top2=69046 v1=28.500000 v2=18.125000 margin=10.375000
qwen35 debug logits position 1027: top1=27325 top2=12 v1=23.250000 v2=14.062500 margin=9.187500
qwen35 debug logits position 1028: top1=54 top2=48 v1=22.375000 v2=13.875000 margin=8.500000
qwen35 debug logits position 1029: top1=923 top2=12 v1=23.500000 v2=13.812500 margin=9.687500
qwen35 debug logits position 1030: top1=18 top2=12 v1=22.625000 v2=12.875000 margin=9.750000
qwen35 debug logits position 1031: top1=23 top2=12 v1=23.125000 v2=13.562500 margin=9.562500
qwen35 debug logits position 1032: top1=12 top2=19 v1=20.625000 v2=11.875000 margin=8.750000
qwen35 debug logits position 1033: top1=19 top2=17 v1=23.375000 v2=12.750000 margin=10.625000
qwen35 debug logits position 1034: top1=15 top2=12 v1=21.375000 v2=9.875000 margin=11.500000
qwen35 debug hidden embedding position 7: min=-0.0563965 max=0.0583496 mean_abs=0.0125982
qwen35 debug hidden embedding position 35: min=-0.0673828 max=0.0825195 mean_abs=0.0123046
qwen35 debug hidden layer-000 position 7: min=-0.5507812 max=16.7500000 mean_abs=0.0575258
qwen35 debug hidden layer-000 position 35: min=-0.2617188 max=15.6875000 mean_abs=0.0405904
qwen35 debug hidden layer-003 position 7: min=-2.6562500 max=32.0000000 mean_abs=0.0995327
qwen35 debug hidden layer-003 position 35: min=-1.4375000 max=24.7500000 mean_abs=0.0739413
qwen35 debug hidden layer-031 position 7: min=-17.3750000 max=68.5000000 mean_abs=0.4924363
qwen35 debug hidden layer-031 position 35: min=-13.2500000 max=61.7500000 mean_abs=0.5891870
qwen35 debug hidden layer-032 position 7: min=-17.6250000 max=62.0000000 mean_abs=0.4852604
qwen35 debug hidden layer-032 position 35: min=-13.1250000 max=56.5000000 mean_abs=0.5794882
qwen35 debug hidden layer-060 position 7: min=-38.7500000 max=144.0000000 mean_abs=2.5346056
qwen35 debug hidden layer-060 position 35: min=-29.5000000 max=137.0000000 mean_abs=2.4070668
qwen35 debug hidden layer-063 position 7: min=-91.0000000 max=81.0000000 mean_abs=3.5498026
qwen35 debug hidden layer-063 position 35: min=-67.5000000 max=105.5000000 mean_abs=4.0146792
qwen35 debug hidden embedding position 83: min=-0.0649414 max=0.0510254 mean_abs=0.0121268
qwen35 debug hidden layer-000 position 83: min=-0.4492188 max=20.3750000 mean_abs=0.0559196
qwen35 debug hidden layer-003 position 83: min=-2.1406250 max=28.7500000 mean_abs=0.1091673
qwen35 debug hidden layer-031 position 83: min=-12.7500000 max=72.5000000 mean_abs=0.6426863
qwen35 debug hidden layer-032 position 83: min=-12.3125000 max=67.0000000 mean_abs=0.6239845
qwen35 debug hidden layer-060 position 83: min=-25.8750000 max=35.2500000 mean_abs=2.4286345
qwen35 debug hidden layer-063 position 83: min=-53.5000000 max=78.5000000 mean_abs=3.6181339
qwen35 debug logits position 0: top1=2456 top2=40 v1=20.000000 v2=16.625000 margin=3.375000
qwen35 debug logits position 1025: top1=55 top2=48 v1=24.625000 v2=13.875000 margin=10.750000
qwen35 debug logits position 1026: top1=35205 top2=69046 v1=28.500000 v2=18.125000 margin=10.375000
qwen35 debug logits position 1027: top1=27325 top2=12 v1=23.250000 v2=14.062500 margin=9.187500
qwen35 debug logits position 1028: top1=54 top2=48 v1=22.375000 v2=13.875000 margin=8.500000
qwen35 debug logits position 1029: top1=923 top2=12 v1=23.500000 v2=13.812500 margin=9.687500
qwen35 debug logits position 1030: top1=18 top2=12 v1=22.625000 v2=12.875000 margin=9.750000
qwen35 debug logits position 1031: top1=23 top2=12 v1=23.125000 v2=13.562500 margin=9.562500
qwen35 debug logits position 1032: top1=12 top2=19 v1=20.625000 v2=11.875000 margin=8.750000
qwen35 debug logits position 1033: top1=19 top2=17 v1=23.375000 v2=12.750000 margin=10.625000
qwen35 debug hidden embedding position 7: min=-0.2832031 max=0.3046875 mean_abs=0.0055488
qwen35 debug hidden layer-000 position 7: min=-0.3691406 max=12.0625000 mean_abs=0.0236909
qwen35 debug hidden layer-003 position 7: min=-2.7187500 max=27.1250000 mean_abs=0.0907624
qwen35 debug hidden layer-031 position 7: min=-14.6250000 max=57.7500000 mean_abs=0.5849555
qwen35 debug hidden layer-032 position 7: min=-14.6250000 max=53.2500000 mean_abs=0.5840638
qwen35 debug hidden layer-060 position 7: min=-24.3750000 max=88.5000000 mean_abs=2.8796911
qwen35 debug hidden layer-063 position 7: min=-74.0000000 max=235.0000000 mean_abs=5.3651766
qwen35 debug logits position 0: top1=2037 top2=198 v1=11.562500 v2=11.437500 margin=0.125000
qwen35 debug logits position 9: top1=9 top2=11961 v1=15.125000 v2=12.125000 margin=3.000000
qwen35 debug logits position 10: top1=10 top2=43181 v1=18.250000 v2=16.750000 margin=1.500000
qwen35 debug logits position 11: top1=4838 top2=1288 v1=19.000000 v2=15.000000 margin=4.000000
qwen35 debug logits position 12: top1=1665 top2=13 v1=20.375000 v2=17.500000 margin=2.875000
qwen35 debug logits position 13: top1=25 top2=15 v1=18.625000 v2=18.000000 margin=0.625000
qwen35 debug hidden embedding position 7: min=-0.2832031 max=0.3046875 mean_abs=0.0055488
qwen35 debug hidden layer-000 position 7: min=-0.3691406 max=12.0625000 mean_abs=0.0236909
qwen35 debug hidden layer-003 position 7: min=-2.7187500 max=27.1250000 mean_abs=0.0907624
qwen35 debug hidden layer-031 position 7: min=-14.6250000 max=57.7500000 mean_abs=0.5849555
qwen35 debug hidden layer-032 position 7: min=-14.6250000 max=53.2500000 mean_abs=0.5840638
qwen35 debug hidden layer-060 position 7: min=-24.3750000 max=88.5000000 mean_abs=2.8796911
qwen35 debug hidden layer-063 position 7: min=-74.0000000 max=235.0000000 mean_abs=5.3651766
qwen35 debug logits position 0: top1=2037 top2=198 v1=11.562500 v2=11.437500 margin=0.125000
qwen35 debug logits position 9: top1=9 top2=11961 v1=15.125000 v2=12.125000 margin=3.000000
qwen35 debug hidden embedding position 7: min=-0.2832031 max=0.3046875 mean_abs=0.0055488
qwen35 debug hidden layer-000 position 7: min=-0.3691406 max=12.0625000 mean_abs=0.0236909
qwen35 debug hidden layer-003 position 7: min=-2.7187500 max=27.1250000 mean_abs=0.0907624
qwen35 debug hidden layer-031 position 7: min=-14.6250000 max=57.7500000 mean_abs=0.5849555
qwen35 debug hidden layer-032 position 7: min=-14.6250000 max=53.2500000 mean_abs=0.5840638
qwen35 debug hidden layer-060 position 7: min=-24.3750000 max=88.5000000 mean_abs=2.8796911
qwen35 debug hidden layer-063 position 7: min=-74.0000000 max=235.0000000 mean_abs=5.3651766
qwen35 debug logits position 0: top1=2037 top2=198 v1=11.562500 v2=11.437500 margin=0.125000
qwen35 debug hidden embedding position 7: min=-0.2832031 max=0.3046875 mean_abs=0.0055488
qwen35 debug hidden layer-000 position 7: min=-0.3691406 max=12.0625000 mean_abs=0.0236909
qwen35 debug hidden layer-003 position 7: min=-2.7187500 max=27.1250000 mean_abs=0.0907624
qwen35 debug hidden layer-031 position 7: min=-14.6250000 max=57.7500000 mean_abs=0.5849555
qwen35 debug hidden layer-032 position 7: min=-14.6250000 max=53.2500000 mean_abs=0.5840638
qwen35 debug hidden layer-060 position 7: min=-24.3750000 max=88.5000000 mean_abs=2.8796911
qwen35 debug hidden layer-063 position 7: min=-74.0000000 max=235.0000000 mean_abs=5.3651766
qwen35 debug logits position 0: top1=2037 top2=198 v1=11.562500 v2=11.437500 margin=0.125000
qwen35 debug logits position 9: top1=9 top2=11961 v1=15.125000 v2=12.125000 margin=3.000000
qwen35 debug logits position 10: top1=10 top2=43181 v1=18.250000 v2=16.750000 margin=1.500000
qwen35 debug logits position 11: top1=4838 top2=1288 v1=19.000000 v2=15.000000 margin=4.000000
qwen35 debug logits position 12: top1=1665 top2=13 v1=20.375000 v2=17.500000 margin=2.875000
qwen35 debug hidden embedding position 7: min=-0.2832031 max=0.3046875 mean_abs=0.0055488
qwen35 debug hidden layer-000 position 7: min=-0.3691406 max=12.0625000 mean_abs=0.0236909
qwen35 debug hidden layer-003 position 7: min=-2.7187500 max=27.1250000 mean_abs=0.0907624
qwen35 debug hidden layer-031 position 7: min=-14.6250000 max=57.7500000 mean_abs=0.5849555
qwen35 debug hidden layer-032 position 7: min=-14.6250000 max=53.2500000 mean_abs=0.5840638
qwen35 debug hidden layer-060 position 7: min=-24.3750000 max=88.5000000 mean_abs=2.8796911
qwen35 debug hidden layer-063 position 7: min=-74.0000000 max=235.0000000 mean_abs=5.3651766
qwen35 debug logits position 0: top1=2037 top2=198 v1=11.562500 v2=11.437500 margin=0.125000
qwen35 debug logits position 9: top1=9 top2=11961 v1=15.125000 v2=12.125000 margin=3.000000
qwen35 debug hidden embedding position 7: min=-0.2832031 max=0.3046875 mean_abs=0.0055488
qwen35 debug hidden layer-000 position 7: min=-0.3691406 max=12.0625000 mean_abs=0.0236909
qwen35 debug hidden layer-003 position 7: min=-2.7187500 max=27.1250000 mean_abs=0.0907624
qwen35 debug hidden layer-031 position 7: min=-14.6250000 max=57.7500000 mean_abs=0.5849555
qwen35 debug hidden layer-032 position 7: min=-14.6250000 max=53.2500000 mean_abs=0.5840638
qwen35 debug hidden layer-060 position 7: min=-24.3750000 max=88.5000000 mean_abs=2.8796911
qwen35 debug hidden layer-063 position 7: min=-74.0000000 max=235.0000000 mean_abs=5.3651766
qwen35 debug logits position 0: top1=2037 top2=198 v1=11.562500 v2=11.437500 margin=0.125000
qwen35 debug hidden embedding position 7: min=-0.2832031 max=0.3046875 mean_abs=0.0055488
qwen35 debug hidden layer-000 position 7: min=-0.3691406 max=12.0625000 mean_abs=0.0236909
qwen35 debug hidden layer-003 position 7: min=-2.7187500 max=27.1250000 mean_abs=0.0907624
qwen35 debug hidden layer-031 position 7: min=-14.6250000 max=57.7500000 mean_abs=0.5849555
qwen35 debug hidden layer-032 position 7: min=-14.6250000 max=53.2500000 mean_abs=0.5840638
qwen35 debug hidden layer-060 position 7: min=-24.3750000 max=88.5000000 mean_abs=2.8796911
qwen35 debug hidden layer-063 position 7: min=-74.0000000 max=235.0000000 mean_abs=5.3651766
qwen35 debug logits position 0: top1=2037 top2=198 v1=11.562500 v2=11.437500 margin=0.125000
qwen35 debug hidden embedding position 7: min=-0.2832031 max=0.3046875 mean_abs=0.0055488
qwen35 debug hidden layer-000 position 7: min=-0.3691406 max=12.0625000 mean_abs=0.0236909
qwen35 debug hidden layer-003 position 7: min=-2.7187500 max=27.1250000 mean_abs=0.0907624
qwen35 debug hidden layer-031 position 7: min=-14.6250000 max=57.7500000 mean_abs=0.5849555
qwen35 debug hidden layer-032 position 7: min=-14.6250000 max=53.2500000 mean_abs=0.5840638
qwen35 debug hidden layer-060 position 7: min=-24.3750000 max=88.5000000 mean_abs=2.8796911
qwen35 debug hidden layer-063 position 7: min=-74.0000000 max=235.0000000 mean_abs=5.3651766
qwen35 debug logits position 0: top1=2037 top2=198 v1=11.562500 v2=11.437500 margin=0.125000
qwen35 debug logits position 9: top1=9 top2=11961 v1=15.125000 v2=12.125000 margin=3.000000
qwen35 debug logits position 10: top1=10 top2=43181 v1=18.250000 v2=16.750000 margin=1.500000
qwen35 debug logits position 11: top1=4838 top2=1288 v1=19.000000 v2=15.000000 margin=4.000000
qwen35 debug logits position 12: top1=1665 top2=13 v1=20.375000 v2=17.500000 margin=2.875000
qwen35 debug logits position 13: top1=25 top2=15 v1=18.625000 v2=18.000000 margin=0.625000
qwen35 debug hidden embedding position 7: min=-0.2832031 max=0.3046875 mean_abs=0.0055488
qwen35 debug hidden layer-000 position 7: min=-0.3691406 max=12.0625000 mean_abs=0.0236909
qwen35 debug hidden layer-003 position 7: min=-2.7187500 max=27.1250000 mean_abs=0.0907624
qwen35 debug hidden layer-031 position 7: min=-14.6250000 max=57.7500000 mean_abs=0.5849555
qwen35 debug hidden layer-032 position 7: min=-14.6250000 max=53.2500000 mean_abs=0.5840638
qwen35 debug hidden layer-060 position 7: min=-24.3750000 max=88.5000000 mean_abs=2.8796911
qwen35 debug hidden layer-063 position 7: min=-74.0000000 max=235.0000000 mean_abs=5.3651766
qwen35 debug logits position 0: top1=2037 top2=198 v1=11.562500 v2=11.437500 margin=0.125000
qwen35 debug logits position 9: top1=9 top2=11961 v1=15.125000 v2=12.125000 margin=3.000000
qwen35 debug logits position 10: top1=10 top2=43181 v1=18.250000 v2=16.750000 margin=1.500000
qwen35 debug logits position 11: top1=4838 top2=1288 v1=19.000000 v2=15.000000 margin=4.000000
qwen35 debug logits position 12: top1=1665 top2=13 v1=20.375000 v2=17.500000 margin=2.875000
qwen35 debug logits position 13: top1=25 top2=15 v1=18.625000 v2=18.000000 margin=0.625000
qwen35 debug logits position 14: top1=33898 top2=26 v1=23.250000 v2=20.375000 margin=2.875000
qwen35 debug logits position 15: top1=2110 top2=19279 v1=21.375000 v2=15.375000 margin=6.000000
qwen35 debug hidden embedding position 7: min=-0.2832031 max=0.3046875 mean_abs=0.0055488
qwen35 debug hidden layer-000 position 7: min=-0.3691406 max=12.0625000 mean_abs=0.0236909
qwen35 debug hidden layer-003 position 7: min=-2.7187500 max=27.1250000 mean_abs=0.0907624
qwen35 debug hidden layer-031 position 7: min=-14.6250000 max=57.7500000 mean_abs=0.5849555
qwen35 debug hidden layer-032 position 7: min=-14.6250000 max=53.2500000 mean_abs=0.5840638
qwen35 debug hidden layer-060 position 7: min=-24.3750000 max=88.5000000 mean_abs=2.8796911
qwen35 debug hidden layer-063 position 7: min=-74.0000000 max=235.0000000 mean_abs=5.3651766
qwen35 debug logits position 0: top1=2037 top2=198 v1=11.562500 v2=11.437500 margin=0.125000
qwen35 debug logits position 9: top1=9 top2=11961 v1=15.125000 v2=12.125000 margin=3.000000
qwen35 debug hidden embedding position 7: min=-0.2832031 max=0.3046875 mean_abs=0.0055488
qwen35 debug hidden layer-000 position 7: min=-0.3691406 max=12.0625000 mean_abs=0.0236909
qwen35 debug hidden layer-003 position 7: min=-2.7187500 max=27.1250000 mean_abs=0.0907624
qwen35 debug hidden layer-031 position 7: min=-14.6250000 max=57.7500000 mean_abs=0.5849555
qwen35 debug hidden layer-032 position 7: min=-14.6250000 max=53.2500000 mean_abs=0.5840638
qwen35 debug hidden layer-060 position 7: min=-24.3750000 max=88.5000000 mean_abs=2.8796911
qwen35 debug hidden layer-063 position 7: min=-74.0000000 max=235.0000000 mean_abs=5.3651766
qwen35 debug logits position 0: top1=2037 top2=198 v1=11.562500 v2=11.437500 margin=0.125000
qwen35 debug logits position 9: top1=9 top2=11961 v1=15.125000 v2=12.125000 margin=3.000000
qwen35 debug logits position 10: top1=10 top2=43181 v1=18.250000 v2=16.750000 margin=1.500000
qwen35 debug logits position 11: top1=4838 top2=1288 v1=19.000000 v2=15.000000 margin=4.000000
qwen35 debug logits position 12: top1=1665 top2=13 v1=20.375000 v2=17.500000 margin=2.875000
qwen35 debug logits position 13: top1=25 top2=15 v1=18.625000 v2=18.000000 margin=0.625000
qwen35 debug logits position 14: top1=33898 top2=26 v1=23.250000 v2=20.375000 margin=2.875000
qwen35 debug hidden embedding position 7: min=-0.2832031 max=0.3046875 mean_abs=0.0055488
qwen35 debug hidden layer-000 position 7: min=-0.3691406 max=12.0625000 mean_abs=0.0236909
qwen35 debug hidden layer-003 position 7: min=-2.7187500 max=27.1250000 mean_abs=0.0907624
qwen35 debug hidden layer-031 position 7: min=-14.6250000 max=57.7500000 mean_abs=0.5849555
qwen35 debug hidden layer-032 position 7: min=-14.6250000 max=53.2500000 mean_abs=0.5840638
qwen35 debug hidden layer-060 position 7: min=-24.3750000 max=88.5000000 mean_abs=2.8796911
qwen35 debug hidden layer-063 position 7: min=-74.0000000 max=235.0000000 mean_abs=5.3651766
qwen35 debug logits position 0: top1=2037 top2=198 v1=11.562500 v2=11.437500 margin=0.125000
qwen35 debug logits position 9: top1=9 top2=11961 v1=15.125000 v2=12.125000 margin=3.000000
qwen35 debug logits position 10: top1=10 top2=43181 v1=18.250000 v2=16.750000 margin=1.500000
qwen35 debug logits position 11: top1=4838 top2=1288 v1=19.000000 v2=15.000000 margin=4.000000
qwen35 debug logits position 12: top1=1665 top2=13 v1=20.375000 v2=17.500000 margin=2.875000
qwen35 debug logits position 13: top1=25 top2=15 v1=18.625000 v2=18.000000 margin=0.625000
qwen35 debug logits position 14: top1=33898 top2=26 v1=23.250000 v2=20.375000 margin=2.875000
qwen35 debug logits position 15: top1=2110 top2=19279 v1=21.375000 v2=15.375000 margin=6.000000
qwen35 debug hidden embedding position 7: min=-0.0563965 max=0.0583496 mean_abs=0.0125982
qwen35 debug hidden embedding position 35: min=-0.0673828 max=0.0825195 mean_abs=0.0123046
qwen35 debug hidden layer-000 position 7: min=-0.5507812 max=16.7500000 mean_abs=0.0575258
qwen35 debug hidden layer-000 position 35: min=-0.2617188 max=15.6875000 mean_abs=0.0405904
qwen35 debug hidden layer-003 position 7: min=-2.6562500 max=32.0000000 mean_abs=0.0995327
qwen35 debug hidden layer-003 position 35: min=-1.4375000 max=24.7500000 mean_abs=0.0739413
qwen35 debug hidden layer-031 position 7: min=-17.3750000 max=68.5000000 mean_abs=0.4924363
qwen35 debug hidden layer-031 position 35: min=-13.2500000 max=61.7500000 mean_abs=0.5891870
qwen35 debug hidden layer-032 position 7: min=-17.6250000 max=62.0000000 mean_abs=0.4852604
qwen35 debug hidden layer-032 position 35: min=-13.1250000 max=56.5000000 mean_abs=0.5794882
qwen35 debug hidden layer-060 position 7: min=-38.7500000 max=144.0000000 mean_abs=2.5346056
qwen35 debug hidden layer-060 position 35: min=-29.5000000 max=137.0000000 mean_abs=2.4070668
qwen35 debug hidden layer-063 position 7: min=-91.0000000 max=81.0000000 mean_abs=3.5498026
qwen35 debug hidden layer-063 position 35: min=-67.5000000 max=105.5000000 mean_abs=4.0146792
qwen35 debug hidden embedding position 83: min=-0.0649414 max=0.0510254 mean_abs=0.0121268
qwen35 debug hidden layer-000 position 83: min=-0.4492188 max=20.3750000 mean_abs=0.0559196
qwen35 debug hidden layer-003 position 83: min=-2.1406250 max=28.7500000 mean_abs=0.1091673
qwen35 debug hidden layer-031 position 83: min=-12.7500000 max=72.5000000 mean_abs=0.6426863
qwen35 debug hidden layer-032 position 83: min=-12.3125000 max=67.0000000 mean_abs=0.6239845
qwen35 debug hidden layer-060 position 83: min=-25.8750000 max=35.2500000 mean_abs=2.4286345
qwen35 debug hidden layer-063 position 83: min=-53.5000000 max=78.5000000 mean_abs=3.6181339
qwen35 debug logits position 0: top1=2456 top2=40 v1=20.000000 v2=16.625000 margin=3.375000
qwen35 debug logits position 1025: top1=55 top2=48 v1=24.625000 v2=13.875000 margin=10.750000
qwen35 debug logits position 1026: top1=35205 top2=69046 v1=28.500000 v2=18.125000 margin=10.375000
qwen35 debug logits position 1027: top1=27325 top2=12 v1=23.250000 v2=14.062500 margin=9.187500
qwen35 debug logits position 1028: top1=54 top2=48 v1=22.375000 v2=13.875000 margin=8.500000
qwen35 debug logits position 1029: top1=923 top2=12 v1=23.500000 v2=13.812500 margin=9.687500
qwen35 debug logits position 1030: top1=18 top2=12 v1=22.625000 v2=12.875000 margin=9.750000
qwen35 debug hidden embedding position 7: min=-0.2832031 max=0.3046875 mean_abs=0.0055488
qwen35 debug hidden layer-000 position 7: min=-0.3691406 max=12.0625000 mean_abs=0.0236909
qwen35 debug hidden layer-003 position 7: min=-2.7187500 max=27.1250000 mean_abs=0.0907624
qwen35 debug hidden layer-031 position 7: min=-14.6250000 max=57.7500000 mean_abs=0.5849555
qwen35 debug hidden layer-032 position 7: min=-14.6250000 max=53.2500000 mean_abs=0.5840638
qwen35 debug hidden layer-060 position 7: min=-24.3750000 max=88.5000000 mean_abs=2.8796911
qwen35 debug hidden layer-063 position 7: min=-74.0000000 max=235.0000000 mean_abs=5.3651766
qwen35 debug logits position 0: top1=2037 top2=198 v1=11.562500 v2=11.437500 margin=0.125000
qwen35 debug logits position 9: top1=9 top2=11961 v1=15.125000 v2=12.125000 margin=3.000000
qwen35 debug logits position 10: top1=10 top2=43181 v1=18.250000 v2=16.750000 margin=1.500000
qwen35 debug logits position 11: top1=4838 top2=1288 v1=19.000000 v2=15.000000 margin=4.000000
qwen35 debug logits position 12: top1=1665 top2=13 v1=20.375000 v2=17.500000 margin=2.875000
qwen35 debug logits position 13: top1=25 top2=15 v1=18.625000 v2=18.000000 margin=0.625000
qwen35 debug hidden embedding position 7: min=-0.2832031 max=0.3046875 mean_abs=0.0055488
qwen35 debug hidden layer-000 position 7: min=-0.3691406 max=12.0625000 mean_abs=0.0236909
qwen35 debug hidden layer-003 position 7: min=-2.7187500 max=27.1250000 mean_abs=0.0907624
qwen35 debug hidden layer-031 position 7: min=-14.6250000 max=57.7500000 mean_abs=0.5849555
qwen35 debug hidden layer-032 position 7: min=-14.6250000 max=53.2500000 mean_abs=0.5840638
qwen35 debug hidden layer-060 position 7: min=-24.3750000 max=88.5000000 mean_abs=2.8796911
qwen35 debug hidden layer-063 position 7: min=-74.0000000 max=235.0000000 mean_abs=5.3651766
qwen35 debug logits position 0: top1=2037 top2=198 v1=11.562500 v2=11.437500 margin=0.125000
qwen35 debug logits position 9: top1=9 top2=11961 v1=15.125000 v2=12.125000 margin=3.000000
qwen35 debug hidden embedding position 7: min=-0.0546875 max=0.0634766 mean_abs=0.0126335
qwen35 debug hidden embedding position 35: min=-0.0576172 max=0.0522461 mean_abs=0.0118315
qwen35 debug hidden layer-000 position 7: min=-0.5117188 max=16.5000000 mean_abs=0.0431779
qwen35 debug hidden layer-000 position 35: min=-0.5820312 max=19.7500000 mean_abs=0.0469485
qwen35 debug hidden layer-003 position 7: min=-3.0000000 max=31.7500000 mean_abs=0.0793459
qwen35 debug hidden layer-003 position 35: min=-1.8906250 max=30.1250000 mean_abs=0.0711057
qwen35 debug hidden layer-031 position 7: min=-21.5000000 max=71.0000000 mean_abs=0.6871067
qwen35 debug hidden layer-031 position 35: min=-14.2500000 max=73.0000000 mean_abs=0.6132768
qwen35 debug hidden layer-032 position 7: min=-21.2500000 max=70.5000000 mean_abs=0.6866806
qwen35 debug hidden layer-032 position 35: min=-14.0000000 max=67.0000000 mean_abs=0.6425401
qwen35 debug hidden layer-060 position 7: min=-38.7500000 max=184.0000000 mean_abs=2.3000515
qwen35 debug hidden layer-060 position 35: min=-32.2500000 max=188.0000000 mean_abs=2.3893098
qwen35 debug hidden layer-063 position 7: min=-123.0000000 max=203.0000000 mean_abs=3.9317035
qwen35 debug hidden layer-063 position 35: min=-92.0000000 max=203.0000000 mean_abs=3.6143266
qwen35 debug hidden embedding position 83: min=-0.3164062 max=0.2441406 mean_abs=0.0068631
qwen35 debug hidden layer-000 position 83: min=-0.2373047 max=13.0000000 mean_abs=0.0203701
qwen35 debug hidden layer-003 position 83: min=-1.5781250 max=20.5000000 mean_abs=0.0608145
qwen35 debug hidden layer-031 position 83: min=-13.8750000 max=66.5000000 mean_abs=0.6074917
qwen35 debug hidden layer-032 position 83: min=-13.3750000 max=67.0000000 mean_abs=0.6416845
qwen35 debug hidden layer-060 position 83: min=-17.2500000 max=172.0000000 mean_abs=2.0716314
qwen35 debug hidden layer-063 position 83: min=-57.2500000 max=136.0000000 mean_abs=3.4314179
qwen35 debug logits position 0: top1=46594 top2=76707 v1=24.125000 v2=17.875000 margin=6.250000
qwen35 debug logits position 8193: top1=12 top2=20 v1=24.375000 v2=12.187500 margin=12.187500
qwen35 debug logits position 8194: top1=20 top2=19 v1=26.250000 v2=13.187500 margin=13.062500
qwen35 debug logits position 8195: top1=17 top2=16 v1=26.500000 v2=11.875000 margin=14.625000
qwen35 debug logits position 8196: top1=16 top2=248046 v1=25.875000 v2=12.125000 margin=13.750000
qwen35 debug hidden embedding position 7: min=-0.2832031 max=0.3046875 mean_abs=0.0055488
qwen35 debug hidden layer-000 position 7: min=-0.3691406 max=12.0625000 mean_abs=0.0236909
qwen35 debug hidden layer-003 position 7: min=-2.7187500 max=27.1250000 mean_abs=0.0907624
qwen35 debug hidden layer-031 position 7: min=-14.6250000 max=57.7500000 mean_abs=0.5849555
qwen35 debug hidden layer-032 position 7: min=-14.6250000 max=53.2500000 mean_abs=0.5840638
qwen35 debug hidden layer-060 position 7: min=-24.3750000 max=88.5000000 mean_abs=2.8796911
qwen35 debug hidden layer-063 position 7: min=-74.0000000 max=235.0000000 mean_abs=5.3651766
qwen35 debug logits position 0: top1=2037 top2=198 v1=11.562500 v2=11.437500 margin=0.125000
qwen35 debug logits position 9: top1=9 top2=11961 v1=15.125000 v2=12.125000 margin=3.000000
qwen35 debug logits position 10: top1=10 top2=43181 v1=18.250000 v2=16.750000 margin=1.500000
qwen35 debug logits position 11: top1=4838 top2=1288 v1=19.000000 v2=15.000000 margin=4.000000
qwen35 debug logits position 12: top1=1665 top2=13 v1=20.375000 v2=17.500000 margin=2.875000
qwen35 debug logits position 13: top1=25 top2=15 v1=18.625000 v2=18.000000 margin=0.625000
qwen35 debug logits position 14: top1=33898 top2=26 v1=23.250000 v2=20.375000 margin=2.875000
qwen35 debug hidden embedding position 7: min=-0.0563965 max=0.0583496 mean_abs=0.0125982
qwen35 debug hidden embedding position 35: min=-0.0673828 max=0.0825195 mean_abs=0.0123046
qwen35 debug hidden layer-000 position 7: min=-0.5507812 max=16.7500000 mean_abs=0.0575258
qwen35 debug hidden layer-000 position 35: min=-0.2617188 max=15.6875000 mean_abs=0.0405904
qwen35 debug hidden layer-003 position 7: min=-2.6562500 max=32.0000000 mean_abs=0.0995327
qwen35 debug hidden layer-003 position 35: min=-1.4375000 max=24.7500000 mean_abs=0.0739413
qwen35 debug hidden layer-031 position 7: min=-17.3750000 max=68.5000000 mean_abs=0.4924363
qwen35 debug hidden layer-031 position 35: min=-13.2500000 max=61.7500000 mean_abs=0.5891870
qwen35 debug hidden layer-032 position 7: min=-17.6250000 max=62.0000000 mean_abs=0.4852604
qwen35 debug hidden layer-032 position 35: min=-13.1250000 max=56.5000000 mean_abs=0.5794882
qwen35 debug hidden layer-060 position 7: min=-38.7500000 max=144.0000000 mean_abs=2.5346056
qwen35 debug hidden layer-060 position 35: min=-29.5000000 max=137.0000000 mean_abs=2.4070668
qwen35 debug hidden layer-063 position 7: min=-91.0000000 max=81.0000000 mean_abs=3.5498026
qwen35 debug hidden layer-063 position 35: min=-67.5000000 max=105.5000000 mean_abs=4.0146792
qwen35 debug hidden embedding position 83: min=-0.0649414 max=0.0510254 mean_abs=0.0121268
qwen35 debug hidden layer-000 position 83: min=-0.4492188 max=20.3750000 mean_abs=0.0559196
qwen35 debug hidden layer-003 position 83: min=-2.1406250 max=28.7500000 mean_abs=0.1091673
qwen35 debug hidden layer-031 position 83: min=-12.7500000 max=72.5000000 mean_abs=0.6426863
qwen35 debug hidden layer-032 position 83: min=-12.3125000 max=67.0000000 mean_abs=0.6239845
qwen35 debug hidden layer-060 position 83: min=-25.8750000 max=35.2500000 mean_abs=2.4286345
qwen35 debug hidden layer-063 position 83: min=-53.5000000 max=78.5000000 mean_abs=3.6181339
qwen35 debug logits position 0: top1=2456 top2=40 v1=20.000000 v2=16.625000 margin=3.375000
qwen35 debug logits position 1025: top1=55 top2=48 v1=24.625000 v2=13.875000 margin=10.750000
qwen35 debug logits position 1026: top1=35205 top2=69046 v1=28.500000 v2=18.125000 margin=10.375000
qwen35 debug logits position 1027: top1=27325 top2=12 v1=23.250000 v2=14.062500 margin=9.187500
qwen35 debug hidden embedding position 7: min=-0.2832031 max=0.3046875 mean_abs=0.0055488
qwen35 debug hidden layer-000 position 7: min=-0.3691406 max=12.0625000 mean_abs=0.0236909
qwen35 debug hidden layer-003 position 7: min=-2.7187500 max=27.1250000 mean_abs=0.0907624
qwen35 debug hidden layer-031 position 7: min=-14.6250000 max=57.7500000 mean_abs=0.5849555
qwen35 debug hidden layer-032 position 7: min=-14.6250000 max=53.2500000 mean_abs=0.5840638
qwen35 debug hidden layer-060 position 7: min=-24.3750000 max=88.5000000 mean_abs=2.8796911
qwen35 debug hidden layer-063 position 7: min=-74.0000000 max=235.0000000 mean_abs=5.3651766
qwen35 debug logits position 0: top1=2037 top2=198 v1=11.562500 v2=11.437500 margin=0.125000
qwen35 debug logits position 9: top1=9 top2=11961 v1=15.125000 v2=12.125000 margin=3.000000
qwen35 debug hidden embedding position 7: min=-0.2832031 max=0.3046875 mean_abs=0.0055488
qwen35 debug hidden layer-000 position 7: min=-0.3691406 max=12.0625000 mean_abs=0.0236909
qwen35 debug hidden layer-003 position 7: min=-2.7187500 max=27.1250000 mean_abs=0.0907624
qwen35 debug hidden layer-031 position 7: min=-14.6250000 max=57.7500000 mean_abs=0.5849555
qwen35 debug hidden layer-032 position 7: min=-14.6250000 max=53.2500000 mean_abs=0.5840638
qwen35 debug hidden layer-060 position 7: min=-24.3750000 max=88.5000000 mean_abs=2.8796911
qwen35 debug hidden layer-063 position 7: min=-74.0000000 max=235.0000000 mean_abs=5.3651766
qwen35 debug logits position 0: top1=2037 top2=198 v1=11.562500 v2=11.437500 margin=0.125000
qwen35 debug hidden embedding position 7: min=-0.2832031 max=0.3046875 mean_abs=0.0055488
qwen35 debug hidden layer-000 position 7: min=-0.3691406 max=12.0625000 mean_abs=0.0236909
qwen35 debug hidden layer-003 position 7: min=-2.7187500 max=27.1250000 mean_abs=0.0907624
qwen35 debug hidden layer-031 position 7: min=-14.6250000 max=57.7500000 mean_abs=0.5849555
qwen35 debug hidden layer-032 position 7: min=-14.6250000 max=53.2500000 mean_abs=0.5840638
qwen35 debug hidden layer-060 position 7: min=-24.3750000 max=88.5000000 mean_abs=2.8796911
qwen35 debug hidden layer-063 position 7: min=-74.0000000 max=235.0000000 mean_abs=5.3651766
qwen35 debug logits position 0: top1=2037 top2=198 v1=11.562500 v2=11.437500 margin=0.125000
qwen35 debug logits position 9: top1=9 top2=11961 v1=15.125000 v2=12.125000 margin=3.000000
qwen35 debug logits position 10: top1=10 top2=43181 v1=18.250000 v2=16.750000 margin=1.500000
qwen35 debug logits position 11: top1=4838 top2=1288 v1=19.000000 v2=15.000000 margin=4.000000
qwen35 debug logits position 12: top1=1665 top2=13 v1=20.375000 v2=17.500000 margin=2.875000
qwen35 debug logits position 13: top1=25 top2=15 v1=18.625000 v2=18.000000 margin=0.625000
qwen35 debug logits position 14: top1=33898 top2=26 v1=23.250000 v2=20.375000 margin=2.875000
qwen35 debug logits position 15: top1=2110 top2=19279 v1=21.375000 v2=15.375000 margin=6.000000
qwen35 debug hidden embedding position 7: min=-0.2832031 max=0.3046875 mean_abs=0.0055488
qwen35 debug hidden layer-000 position 7: min=-0.3691406 max=12.0625000 mean_abs=0.0236909
qwen35 debug hidden layer-003 position 7: min=-2.7187500 max=27.1250000 mean_abs=0.0907624
qwen35 debug hidden layer-031 position 7: min=-14.6250000 max=57.7500000 mean_abs=0.5849555
qwen35 debug hidden layer-032 position 7: min=-14.6250000 max=53.2500000 mean_abs=0.5840638
qwen35 debug hidden layer-060 position 7: min=-24.3750000 max=88.5000000 mean_abs=2.8796911
qwen35 debug hidden layer-063 position 7: min=-74.0000000 max=235.0000000 mean_abs=5.3651766
qwen35 debug logits position 0: top1=2037 top2=198 v1=11.562500 v2=11.437500 margin=0.125000
qwen35 debug logits position 9: top1=9 top2=11961 v1=15.125000 v2=12.125000 margin=3.000000
qwen35 debug logits position 10: top1=10 top2=43181 v1=18.250000 v2=16.750000 margin=1.500000
qwen35 debug logits position 11: top1=4838 top2=1288 v1=19.000000 v2=15.000000 margin=4.000000
qwen35 debug logits position 12: top1=1665 top2=13 v1=20.375000 v2=17.500000 margin=2.875000
qwen35 debug logits position 13: top1=25 top2=15 v1=18.625000 v2=18.000000 margin=0.625000
qwen35 debug hidden embedding position 7: min=-0.2832031 max=0.3046875 mean_abs=0.0055488
qwen35 debug hidden layer-000 position 7: min=-0.3691406 max=12.0625000 mean_abs=0.0236909
qwen35 debug hidden layer-003 position 7: min=-2.7187500 max=27.1250000 mean_abs=0.0907624
qwen35 debug hidden layer-031 position 7: min=-14.6250000 max=57.7500000 mean_abs=0.5849555
qwen35 debug hidden layer-032 position 7: min=-14.6250000 max=53.2500000 mean_abs=0.5840638
qwen35 debug hidden layer-060 position 7: min=-24.3750000 max=88.5000000 mean_abs=2.8796911
qwen35 debug hidden layer-063 position 7: min=-74.0000000 max=235.0000000 mean_abs=5.3651766
qwen35 debug logits position 0: top1=2037 top2=198 v1=11.562500 v2=11.437500 margin=0.125000
qwen35 debug logits position 9: top1=9 top2=11961 v1=15.125000 v2=12.125000 margin=3.000000
qwen35 debug logits position 10: top1=10 top2=43181 v1=18.250000 v2=16.750000 margin=1.500000
qwen35 debug logits position 11: top1=4838 top2=1288 v1=19.000000 v2=15.000000 margin=4.000000
qwen35 debug logits position 12: top1=1665 top2=13 v1=20.375000 v2=17.500000 margin=2.875000
qwen35 debug hidden embedding position 7: min=-0.2832031 max=0.3046875 mean_abs=0.0055488
qwen35 debug hidden layer-000 position 7: min=-0.3691406 max=12.0625000 mean_abs=0.0236909
qwen35 debug hidden layer-003 position 7: min=-2.7187500 max=27.1250000 mean_abs=0.0907624
qwen35 debug hidden layer-031 position 7: min=-14.6250000 max=57.7500000 mean_abs=0.5849555
qwen35 debug hidden layer-032 position 7: min=-14.6250000 max=53.2500000 mean_abs=0.5840638
qwen35 debug hidden layer-060 position 7: min=-24.3750000 max=88.5000000 mean_abs=2.8796911
qwen35 debug hidden layer-063 position 7: min=-74.0000000 max=235.0000000 mean_abs=5.3651766
qwen35 debug logits position 0: top1=2037 top2=198 v1=11.562500 v2=11.437500 margin=0.125000
qwen35 debug logits position 9: top1=9 top2=11961 v1=15.125000 v2=12.125000 margin=3.000000
qwen35 debug logits position 10: top1=10 top2=43181 v1=18.250000 v2=16.750000 margin=1.500000
qwen35 debug hidden embedding position 7: min=-0.0563965 max=0.0583496 mean_abs=0.0125982
qwen35 debug hidden embedding position 35: min=-0.0673828 max=0.0825195 mean_abs=0.0123046
qwen35 debug hidden layer-000 position 7: min=-0.5507812 max=16.7500000 mean_abs=0.0575258
qwen35 debug hidden layer-000 position 35: min=-0.2617188 max=15.6875000 mean_abs=0.0405904
qwen35 debug hidden layer-003 position 7: min=-2.6562500 max=32.0000000 mean_abs=0.0995327
qwen35 debug hidden layer-003 position 35: min=-1.4375000 max=24.7500000 mean_abs=0.0739413
qwen35 debug hidden layer-031 position 7: min=-17.3750000 max=68.5000000 mean_abs=0.4924363
qwen35 debug hidden layer-031 position 35: min=-13.2500000 max=61.7500000 mean_abs=0.5891870
qwen35 debug hidden layer-032 position 7: min=-17.6250000 max=62.0000000 mean_abs=0.4852604
qwen35 debug hidden layer-032 position 35: min=-13.1250000 max=56.5000000 mean_abs=0.5794882
qwen35 debug hidden layer-060 position 7: min=-38.7500000 max=144.0000000 mean_abs=2.5346056
qwen35 debug hidden layer-060 position 35: min=-29.5000000 max=137.0000000 mean_abs=2.4070668
qwen35 debug hidden layer-063 position 7: min=-91.0000000 max=81.0000000 mean_abs=3.5498026
qwen35 debug hidden layer-063 position 35: min=-67.5000000 max=105.5000000 mean_abs=4.0146792
qwen35 debug hidden embedding position 83: min=-0.0649414 max=0.0510254 mean_abs=0.0121268
qwen35 debug hidden layer-000 position 83: min=-0.4492188 max=20.3750000 mean_abs=0.0559196
qwen35 debug hidden layer-003 position 83: min=-2.1406250 max=28.7500000 mean_abs=0.1091673
qwen35 debug hidden layer-031 position 83: min=-12.7500000 max=72.5000000 mean_abs=0.6426863
qwen35 debug hidden layer-032 position 83: min=-12.3125000 max=67.0000000 mean_abs=0.6239845
qwen35 debug hidden layer-060 position 83: min=-25.8750000 max=35.2500000 mean_abs=2.4286345
qwen35 debug hidden layer-063 position 83: min=-53.5000000 max=78.5000000 mean_abs=3.6181339
qwen35 debug logits position 0: top1=2456 top2=40 v1=20.000000 v2=16.625000 margin=3.375000
qwen35 debug logits position 1025: top1=55 top2=48 v1=24.625000 v2=13.875000 margin=10.750000
qwen35 debug logits position 1026: top1=35205 top2=69046 v1=28.500000 v2=18.125000 margin=10.375000
qwen35 debug logits position 1027: top1=27325 top2=12 v1=23.250000 v2=14.062500 margin=9.187500
qwen35 debug logits position 1028: top1=54 top2=48 v1=22.375000 v2=13.875000 margin=8.500000
qwen35 debug logits position 1029: top1=923 top2=12 v1=23.500000 v2=13.812500 margin=9.687500
qwen35 debug logits position 1030: top1=18 top2=12 v1=22.625000 v2=12.875000 margin=9.750000
qwen35 debug logits position 1031: top1=23 top2=12 v1=23.125000 v2=13.562500 margin=9.562500
qwen35 debug logits position 1032: top1=12 top2=19 v1=20.625000 v2=11.875000 margin=8.750000
qwen35 debug logits position 1033: top1=19 top2=17 v1=23.375000 v2=12.750000 margin=10.625000
qwen35 debug logits position 1034: top1=15 top2=12 v1=21.375000 v2=9.875000 margin=11.500000
qwen35 debug logits position 1035: top1=24 top2=19 v1=21.500000 v2=10.812500 margin=10.687500
qwen35 debug logits position 1036: top1=15 top2=198 v1=23.125000 v2=13.937500 margin=9.187500
qwen35 debug logits position 1037: top1=198 top2=27502 v1=20.000000 v2=19.000000 margin=1.000000
qwen35 debug hidden embedding position 7: min=-0.2832031 max=0.3046875 mean_abs=0.0055488
qwen35 debug hidden layer-000 position 7: min=-0.3691406 max=12.0625000 mean_abs=0.0236909
qwen35 debug hidden layer-003 position 7: min=-2.7187500 max=27.1250000 mean_abs=0.0907624
qwen35 debug hidden layer-031 position 7: min=-14.6250000 max=57.7500000 mean_abs=0.5849555
qwen35 debug hidden layer-032 position 7: min=-14.6250000 max=53.2500000 mean_abs=0.5840638
qwen35 debug hidden layer-060 position 7: min=-24.3750000 max=88.5000000 mean_abs=2.8796911
qwen35 debug hidden layer-063 position 7: min=-74.0000000 max=235.0000000 mean_abs=5.3651766
qwen35 debug logits position 0: top1=2037 top2=198 v1=11.562500 v2=11.437500 margin=0.125000
qwen35 debug logits position 9: top1=9 top2=11961 v1=15.125000 v2=12.125000 margin=3.000000
qwen35 debug logits position 10: top1=10 top2=43181 v1=18.250000 v2=16.750000 margin=1.500000
qwen35 debug logits position 11: top1=4838 top2=1288 v1=19.000000 v2=15.000000 margin=4.000000
qwen35 debug logits position 12: top1=1665 top2=13 v1=20.375000 v2=17.500000 margin=2.875000
qwen35 debug logits position 13: top1=25 top2=15 v1=18.625000 v2=18.000000 margin=0.625000
qwen35 debug hidden embedding position 7: min=-0.0563965 max=0.0583496 mean_abs=0.0125982
qwen35 debug hidden embedding position 35: min=-0.0673828 max=0.0825195 mean_abs=0.0123046
qwen35 debug hidden layer-000 position 7: min=-0.5507812 max=16.7500000 mean_abs=0.0575258
qwen35 debug hidden layer-000 position 35: min=-0.2617188 max=15.6875000 mean_abs=0.0405904
qwen35 debug hidden layer-003 position 7: min=-2.6562500 max=32.0000000 mean_abs=0.0995327
qwen35 debug hidden layer-003 position 35: min=-1.4375000 max=24.7500000 mean_abs=0.0739413
qwen35 debug hidden layer-031 position 7: min=-17.3750000 max=68.5000000 mean_abs=0.4924363
qwen35 debug hidden layer-031 position 35: min=-13.2500000 max=61.7500000 mean_abs=0.5891870
qwen35 debug hidden layer-032 position 7: min=-17.6250000 max=62.0000000 mean_abs=0.4852604
qwen35 debug hidden layer-032 position 35: min=-13.1250000 max=56.5000000 mean_abs=0.5794882
qwen35 debug hidden layer-060 position 7: min=-38.7500000 max=144.0000000 mean_abs=2.5346056
qwen35 debug hidden layer-060 position 35: min=-29.5000000 max=137.0000000 mean_abs=2.4070668
qwen35 debug hidden layer-063 position 7: min=-91.0000000 max=81.0000000 mean_abs=3.5498026
qwen35 debug hidden layer-063 position 35: min=-67.5000000 max=105.5000000 mean_abs=4.0146792
qwen35 debug hidden embedding position 83: min=-0.0649414 max=0.0510254 mean_abs=0.0121268
qwen35 debug hidden layer-000 position 83: min=-0.4492188 max=20.3750000 mean_abs=0.0559196
qwen35 debug hidden layer-003 position 83: min=-2.1406250 max=28.7500000 mean_abs=0.1091673
qwen35 debug hidden layer-031 position 83: min=-12.7500000 max=72.5000000 mean_abs=0.6426863
qwen35 debug hidden layer-032 position 83: min=-12.3125000 max=67.0000000 mean_abs=0.6239845
qwen35 debug hidden layer-060 position 83: min=-25.8750000 max=35.2500000 mean_abs=2.4286345
qwen35 debug hidden layer-063 position 83: min=-53.5000000 max=78.5000000 mean_abs=3.6181339
qwen35 debug logits position 0: top1=2456 top2=40 v1=20.000000 v2=16.625000 margin=3.375000
qwen35 debug logits position 1025: top1=55 top2=48 v1=24.625000 v2=13.875000 margin=10.750000
qwen35 debug logits position 1026: top1=35205 top2=69046 v1=28.500000 v2=18.125000 margin=10.375000
qwen35 debug logits position 1027: top1=27325 top2=12 v1=23.250000 v2=14.062500 margin=9.187500
qwen35 debug logits position 1028: top1=54 top2=48 v1=22.375000 v2=13.875000 margin=8.500000
qwen35 debug logits position 1029: top1=923 top2=12 v1=23.500000 v2=13.812500 margin=9.687500
qwen35 debug logits position 1030: top1=18 top2=12 v1=22.625000 v2=12.875000 margin=9.750000
qwen35 debug logits position 1031: top1=23 top2=12 v1=23.125000 v2=13.562500 margin=9.562500
qwen35 debug logits position 1032: top1=12 top2=19 v1=20.625000 v2=11.875000 margin=8.750000
qwen35 debug logits position 1033: top1=19 top2=17 v1=23.375000 v2=12.750000 margin=10.625000
qwen35 debug logits position 1034: top1=15 top2=12 v1=21.375000 v2=9.875000 margin=11.500000
qwen35 debug logits position 1035: top1=24 top2=19 v1=21.500000 v2=10.812500 margin=10.687500
qwen35 debug logits position 1036: top1=15 top2=198 v1=23.125000 v2=13.937500 margin=9.187500
qwen35 debug logits position 1037: top1=198 top2=27502 v1=20.000000 v2=19.000000 margin=1.000000
qwen35 debug hidden embedding position 7: min=-0.0563965 max=0.0583496 mean_abs=0.0125982
qwen35 debug hidden embedding position 35: min=-0.0673828 max=0.0825195 mean_abs=0.0123046
qwen35 debug hidden layer-000 position 7: min=-0.5507812 max=16.7500000 mean_abs=0.0575258
qwen35 debug hidden layer-000 position 35: min=-0.2617188 max=15.6875000 mean_abs=0.0405904
qwen35 debug hidden layer-003 position 7: min=-2.6562500 max=32.0000000 mean_abs=0.0995327
qwen35 debug hidden layer-003 position 35: min=-1.4375000 max=24.7500000 mean_abs=0.0739413
qwen35 debug hidden layer-031 position 7: min=-17.3750000 max=68.5000000 mean_abs=0.4924363
qwen35 debug hidden layer-031 position 35: min=-13.2500000 max=61.7500000 mean_abs=0.5891870
qwen35 debug hidden layer-032 position 7: min=-17.6250000 max=62.0000000 mean_abs=0.4852604
qwen35 debug hidden layer-032 position 35: min=-13.1250000 max=56.5000000 mean_abs=0.5794882
qwen35 debug hidden layer-060 position 7: min=-38.7500000 max=144.0000000 mean_abs=2.5346056
qwen35 debug hidden layer-060 position 35: min=-29.5000000 max=137.0000000 mean_abs=2.4070668
qwen35 debug hidden layer-063 position 7: min=-91.0000000 max=81.0000000 mean_abs=3.5498026
qwen35 debug hidden layer-063 position 35: min=-67.5000000 max=105.5000000 mean_abs=4.0146792
qwen35 debug hidden embedding position 83: min=-0.0649414 max=0.0510254 mean_abs=0.0121268
qwen35 debug hidden layer-000 position 83: min=-0.4492188 max=20.3750000 mean_abs=0.0559196
qwen35 debug hidden layer-003 position 83: min=-2.1406250 max=28.7500000 mean_abs=0.1091673
qwen35 debug hidden layer-031 position 83: min=-12.7500000 max=72.5000000 mean_abs=0.6426863
qwen35 debug hidden layer-032 position 83: min=-12.3125000 max=67.0000000 mean_abs=0.6239845
qwen35 debug hidden layer-060 position 83: min=-25.8750000 max=35.2500000 mean_abs=2.4286345
qwen35 debug hidden layer-063 position 83: min=-53.5000000 max=78.5000000 mean_abs=3.6181339
qwen35 debug logits position 0: top1=2456 top2=40 v1=20.000000 v2=16.625000 margin=3.375000
qwen35 debug logits position 1025: top1=55 top2=48 v1=24.625000 v2=13.875000 margin=10.750000
qwen35 debug logits position 1026: top1=35205 top2=69046 v1=28.500000 v2=18.125000 margin=10.375000
qwen35 debug logits position 1027: top1=27325 top2=12 v1=23.250000 v2=14.062500 margin=9.187500
qwen35 debug logits position 1028: top1=54 top2=48 v1=22.375000 v2=13.875000 margin=8.500000
qwen35 debug logits position 1029: top1=923 top2=12 v1=23.500000 v2=13.812500 margin=9.687500
qwen35 debug logits position 1030: top1=18 top2=12 v1=22.625000 v2=12.875000 margin=9.750000
qwen35 debug logits position 1031: top1=23 top2=12 v1=23.125000 v2=13.562500 margin=9.562500
qwen35 debug hidden embedding position 7: min=-0.2832031 max=0.3046875 mean_abs=0.0055488
qwen35 debug hidden layer-000 position 7: min=-0.3691406 max=12.0625000 mean_abs=0.0236909
qwen35 debug hidden layer-003 position 7: min=-2.7187500 max=27.1250000 mean_abs=0.0907624
qwen35 debug hidden layer-031 position 7: min=-14.6250000 max=57.7500000 mean_abs=0.5849555
qwen35 debug hidden layer-032 position 7: min=-14.6250000 max=53.2500000 mean_abs=0.5840638
qwen35 debug hidden layer-060 position 7: min=-24.3750000 max=88.5000000 mean_abs=2.8796911
qwen35 debug hidden layer-063 position 7: min=-74.0000000 max=235.0000000 mean_abs=5.3651766
qwen35 debug logits position 0: top1=2037 top2=198 v1=11.562500 v2=11.437500 margin=0.125000
qwen35 debug logits position 9: top1=9 top2=11961 v1=15.125000 v2=12.125000 margin=3.000000
qwen35 debug hidden embedding position 7: min=-0.2832031 max=0.3046875 mean_abs=0.0055488
qwen35 debug hidden layer-000 position 7: min=-0.3691406 max=12.0625000 mean_abs=0.0236909
qwen35 debug hidden layer-003 position 7: min=-2.7187500 max=27.1250000 mean_abs=0.0907624
qwen35 debug hidden layer-031 position 7: min=-14.6250000 max=57.7500000 mean_abs=0.5849555
qwen35 debug hidden layer-032 position 7: min=-14.6250000 max=53.2500000 mean_abs=0.5840638
qwen35 debug hidden layer-060 position 7: min=-24.3750000 max=88.5000000 mean_abs=2.8796911
qwen35 debug hidden layer-063 position 7: min=-74.0000000 max=235.0000000 mean_abs=5.3651766
qwen35 debug logits position 0: top1=2037 top2=198 v1=11.562500 v2=11.437500 margin=0.125000
qwen35 debug logits position 9: top1=9 top2=11961 v1=15.125000 v2=12.125000 margin=3.000000
qwen35 debug hidden embedding position 7: min=-0.2832031 max=0.3046875 mean_abs=0.0055488
qwen35 debug hidden layer-000 position 7: min=-0.3691406 max=12.0625000 mean_abs=0.0236909
qwen35 debug hidden layer-003 position 7: min=-2.7187500 max=27.1250000 mean_abs=0.0907624
qwen35 debug hidden layer-031 position 7: min=-14.6250000 max=57.7500000 mean_abs=0.5849555
qwen35 debug hidden layer-032 position 7: min=-14.6250000 max=53.2500000 mean_abs=0.5840638
qwen35 debug hidden layer-060 position 7: min=-24.3750000 max=88.5000000 mean_abs=2.8796911
qwen35 debug hidden layer-063 position 7: min=-74.0000000 max=235.0000000 mean_abs=5.3651766
qwen35 debug logits position 0: top1=2037 top2=198 v1=11.562500 v2=11.437500 margin=0.125000
qwen35 debug logits position 9: top1=9 top2=11961 v1=15.125000 v2=12.125000 margin=3.000000
qwen35 debug logits position 10: top1=10 top2=43181 v1=18.250000 v2=16.750000 margin=1.500000
qwen35 debug logits position 11: top1=4838 top2=1288 v1=19.000000 v2=15.000000 margin=4.000000
qwen35 debug logits position 12: top1=1665 top2=13 v1=20.375000 v2=17.500000 margin=2.875000
qwen35 debug logits position 13: top1=25 top2=15 v1=18.625000 v2=18.000000 margin=0.625000
qwen35 debug hidden embedding position 7: min=-0.2832031 max=0.3046875 mean_abs=0.0055488
qwen35 debug hidden layer-000 position 7: min=-0.3691406 max=12.0625000 mean_abs=0.0236909
qwen35 debug hidden layer-003 position 7: min=-2.7187500 max=27.1250000 mean_abs=0.0907624
qwen35 debug hidden layer-031 position 7: min=-14.6250000 max=57.7500000 mean_abs=0.5849555
qwen35 debug hidden layer-032 position 7: min=-14.6250000 max=53.2500000 mean_abs=0.5840638
qwen35 debug hidden layer-060 position 7: min=-24.3750000 max=88.5000000 mean_abs=2.8796911
qwen35 debug hidden layer-063 position 7: min=-74.0000000 max=235.0000000 mean_abs=5.3651766
qwen35 debug logits position 0: top1=2037 top2=198 v1=11.562500 v2=11.437500 margin=0.125000
qwen35 debug hidden embedding position 7: min=-0.0563965 max=0.0583496 mean_abs=0.0125982
qwen35 debug hidden embedding position 35: min=-0.0673828 max=0.0825195 mean_abs=0.0123046
qwen35 debug hidden layer-000 position 7: min=-0.5507812 max=16.7500000 mean_abs=0.0575258
qwen35 debug hidden layer-000 position 35: min=-0.2617188 max=15.6875000 mean_abs=0.0405904
qwen35 debug hidden layer-003 position 7: min=-2.6562500 max=32.0000000 mean_abs=0.0995327
qwen35 debug hidden layer-003 position 35: min=-1.4375000 max=24.7500000 mean_abs=0.0739413
qwen35 debug hidden layer-031 position 7: min=-17.3750000 max=68.5000000 mean_abs=0.4924363
qwen35 debug hidden layer-031 position 35: min=-13.2500000 max=61.7500000 mean_abs=0.5891870
qwen35 debug hidden layer-032 position 7: min=-17.6250000 max=62.0000000 mean_abs=0.4852604
qwen35 debug hidden layer-032 position 35: min=-13.1250000 max=56.5000000 mean_abs=0.5794882
qwen35 debug hidden layer-060 position 7: min=-38.7500000 max=144.0000000 mean_abs=2.5346056
qwen35 debug hidden layer-060 position 35: min=-29.5000000 max=137.0000000 mean_abs=2.4070668
qwen35 debug hidden layer-063 position 7: min=-91.0000000 max=81.0000000 mean_abs=3.5498026
qwen35 debug hidden layer-063 position 35: min=-67.5000000 max=105.5000000 mean_abs=4.0146792
qwen35 debug hidden embedding position 83: min=-0.0649414 max=0.0510254 mean_abs=0.0121268
qwen35 debug hidden layer-000 position 83: min=-0.4492188 max=20.3750000 mean_abs=0.0559196
qwen35 debug hidden layer-003 position 83: min=-2.1406250 max=28.7500000 mean_abs=0.1091673
qwen35 debug hidden layer-031 position 83: min=-12.7500000 max=72.5000000 mean_abs=0.6426863
qwen35 debug hidden layer-032 position 83: min=-12.3125000 max=67.0000000 mean_abs=0.6239845
qwen35 debug hidden layer-060 position 83: min=-25.8750000 max=35.2500000 mean_abs=2.4286345
qwen35 debug hidden layer-063 position 83: min=-53.5000000 max=78.5000000 mean_abs=3.6181339
qwen35 debug logits position 0: top1=2456 top2=40 v1=20.000000 v2=16.625000 margin=3.375000
qwen35 debug logits position 1025: top1=55 top2=48 v1=24.625000 v2=13.875000 margin=10.750000
qwen35 debug logits position 1026: top1=35205 top2=69046 v1=28.500000 v2=18.125000 margin=10.375000
qwen35 debug logits position 1027: top1=27325 top2=12 v1=23.250000 v2=14.062500 margin=9.187500
qwen35 debug logits position 1028: top1=54 top2=48 v1=22.375000 v2=13.875000 margin=8.500000
qwen35 debug logits position 1029: top1=923 top2=12 v1=23.500000 v2=13.812500 margin=9.687500
qwen35 debug logits position 1030: top1=18 top2=12 v1=22.625000 v2=12.875000 margin=9.750000
qwen35 debug logits position 1031: top1=23 top2=12 v1=23.125000 v2=13.562500 margin=9.562500
qwen35 debug logits position 1032: top1=12 top2=19 v1=20.625000 v2=11.875000 margin=8.750000
qwen35 debug logits position 1033: top1=19 top2=17 v1=23.375000 v2=12.750000 margin=10.625000
qwen35 debug logits position 1034: top1=15 top2=12 v1=21.375000 v2=9.875000 margin=11.500000
qwen35 debug hidden embedding position 7: min=-0.0563965 max=0.0583496 mean_abs=0.0125982
qwen35 debug hidden embedding position 35: min=-0.0673828 max=0.0825195 mean_abs=0.0123046
qwen35 debug hidden layer-000 position 7: min=-0.5507812 max=16.7500000 mean_abs=0.0575258
qwen35 debug hidden layer-000 position 35: min=-0.2617188 max=15.6875000 mean_abs=0.0405904
qwen35 debug hidden layer-003 position 7: min=-2.6562500 max=32.0000000 mean_abs=0.0995327
qwen35 debug hidden layer-003 position 35: min=-1.4375000 max=24.7500000 mean_abs=0.0739413
qwen35 debug hidden layer-031 position 7: min=-17.3750000 max=68.5000000 mean_abs=0.4924363
qwen35 debug hidden layer-031 position 35: min=-13.2500000 max=61.7500000 mean_abs=0.5891870
qwen35 debug hidden layer-032 position 7: min=-17.6250000 max=62.0000000 mean_abs=0.4852604
qwen35 debug hidden layer-032 position 35: min=-13.1250000 max=56.5000000 mean_abs=0.5794882
qwen35 debug hidden layer-060 position 7: min=-38.7500000 max=144.0000000 mean_abs=2.5346056
qwen35 debug hidden layer-060 position 35: min=-29.5000000 max=137.0000000 mean_abs=2.4070668
qwen35 debug hidden layer-063 position 7: min=-91.0000000 max=81.0000000 mean_abs=3.5498026
qwen35 debug hidden layer-063 position 35: min=-67.5000000 max=105.5000000 mean_abs=4.0146792
qwen35 debug hidden embedding position 83: min=-0.0649414 max=0.0510254 mean_abs=0.0121268
qwen35 debug hidden layer-000 position 83: min=-0.4492188 max=20.3750000 mean_abs=0.0559196
qwen35 debug hidden layer-003 position 83: min=-2.1406250 max=28.7500000 mean_abs=0.1091673
qwen35 debug hidden layer-031 position 83: min=-12.7500000 max=72.5000000 mean_abs=0.6426863
qwen35 debug hidden layer-032 position 83: min=-12.3125000 max=67.0000000 mean_abs=0.6239845
qwen35 debug hidden layer-060 position 83: min=-25.8750000 max=35.2500000 mean_abs=2.4286345
qwen35 debug hidden layer-063 position 83: min=-53.5000000 max=78.5000000 mean_abs=3.6181339
qwen35 debug logits position 0: top1=2456 top2=40 v1=20.000000 v2=16.625000 margin=3.375000
qwen35 debug logits position 1025: top1=55 top2=48 v1=24.625000 v2=13.875000 margin=10.750000
qwen35 debug logits position 1026: top1=35205 top2=69046 v1=28.500000 v2=18.125000 margin=10.375000
qwen35 debug logits position 1027: top1=27325 top2=12 v1=23.250000 v2=14.062500 margin=9.187500
qwen35 debug logits position 1028: top1=54 top2=48 v1=22.375000 v2=13.875000 margin=8.500000
qwen35 debug logits position 1029: top1=923 top2=12 v1=23.500000 v2=13.812500 margin=9.687500
qwen35 debug logits position 1030: top1=18 top2=12 v1=22.625000 v2=12.875000 margin=9.750000
qwen35 debug logits position 1031: top1=23 top2=12 v1=23.125000 v2=13.562500 margin=9.562500
qwen35 debug logits position 1032: top1=12 top2=19 v1=20.625000 v2=11.875000 margin=8.750000
qwen35 debug hidden embedding position 7: min=-0.2832031 max=0.3046875 mean_abs=0.0055488
qwen35 debug hidden layer-000 position 7: min=-0.3691406 max=12.0625000 mean_abs=0.0236909
qwen35 debug hidden layer-003 position 7: min=-2.7187500 max=27.1250000 mean_abs=0.0907624
qwen35 debug hidden layer-031 position 7: min=-14.6250000 max=57.7500000 mean_abs=0.5849555
qwen35 debug hidden layer-032 position 7: min=-14.6250000 max=53.2500000 mean_abs=0.5840638
qwen35 debug hidden layer-060 position 7: min=-24.3750000 max=88.5000000 mean_abs=2.8796911
qwen35 debug hidden layer-063 position 7: min=-74.0000000 max=235.0000000 mean_abs=5.3651766
qwen35 debug logits position 0: top1=2037 top2=198 v1=11.562500 v2=11.437500 margin=0.125000
qwen35 debug logits position 9: top1=9 top2=11961 v1=15.125000 v2=12.125000 margin=3.000000
qwen35 debug logits position 10: top1=10 top2=43181 v1=18.250000 v2=16.750000 margin=1.500000
qwen35 debug logits position 11: top1=4838 top2=1288 v1=19.000000 v2=15.000000 margin=4.000000
qwen35 debug logits position 12: top1=1665 top2=13 v1=20.375000 v2=17.500000 margin=2.875000
qwen35 debug logits position 13: top1=25 top2=15 v1=18.625000 v2=18.000000 margin=0.625000
qwen35 debug logits position 14: top1=33898 top2=26 v1=23.250000 v2=20.375000 margin=2.875000
qwen35 debug logits position 15: top1=2110 top2=19279 v1=21.375000 v2=15.375000 margin=6.000000
qwen35 debug hidden embedding position 7: min=-0.0563965 max=0.0583496 mean_abs=0.0125982
qwen35 debug hidden embedding position 35: min=-0.0673828 max=0.0825195 mean_abs=0.0123046
qwen35 debug hidden layer-000 position 7: min=-0.5507812 max=16.7500000 mean_abs=0.0575258
qwen35 debug hidden layer-000 position 35: min=-0.2617188 max=15.6875000 mean_abs=0.0405904
qwen35 debug hidden layer-003 position 7: min=-2.6562500 max=32.0000000 mean_abs=0.0995327
qwen35 debug hidden layer-003 position 35: min=-1.4375000 max=24.7500000 mean_abs=0.0739413
qwen35 debug hidden layer-031 position 7: min=-17.3750000 max=68.5000000 mean_abs=0.4924363
qwen35 debug hidden layer-031 position 35: min=-13.2500000 max=61.7500000 mean_abs=0.5891870
qwen35 debug hidden layer-032 position 7: min=-17.6250000 max=62.0000000 mean_abs=0.4852604
qwen35 debug hidden layer-032 position 35: min=-13.1250000 max=56.5000000 mean_abs=0.5794882
qwen35 debug hidden layer-060 position 7: min=-38.7500000 max=144.0000000 mean_abs=2.5346056
qwen35 debug hidden layer-060 position 35: min=-29.5000000 max=137.0000000 mean_abs=2.4070668
qwen35 debug hidden layer-063 position 7: min=-91.0000000 max=81.0000000 mean_abs=3.5498026
qwen35 debug hidden layer-063 position 35: min=-67.5000000 max=105.5000000 mean_abs=4.0146792
qwen35 debug hidden embedding position 83: min=-0.0649414 max=0.0510254 mean_abs=0.0121268
qwen35 debug hidden layer-000 position 83: min=-0.4492188 max=20.3750000 mean_abs=0.0559196
qwen35 debug hidden layer-003 position 83: min=-2.1406250 max=28.7500000 mean_abs=0.1091673
qwen35 debug hidden layer-031 position 83: min=-12.7500000 max=72.5000000 mean_abs=0.6426863
qwen35 debug hidden layer-032 position 83: min=-12.3125000 max=67.0000000 mean_abs=0.6239845
qwen35 debug hidden layer-060 position 83: min=-25.8750000 max=35.2500000 mean_abs=2.4286345
qwen35 debug hidden layer-063 position 83: min=-53.5000000 max=78.5000000 mean_abs=3.6181339
qwen35 debug logits position 0: top1=2456 top2=40 v1=20.000000 v2=16.625000 margin=3.375000
qwen35 debug logits position 1025: top1=55 top2=48 v1=24.625000 v2=13.875000 margin=10.750000
qwen35 debug logits position 1026: top1=35205 top2=69046 v1=28.500000 v2=18.125000 margin=10.375000
qwen35 debug logits position 1027: top1=27325 top2=12 v1=23.250000 v2=14.062500 margin=9.187500
qwen35 debug logits position 1028: top1=54 top2=48 v1=22.375000 v2=13.875000 margin=8.500000
qwen35 debug logits position 1029: top1=923 top2=12 v1=23.500000 v2=13.812500 margin=9.687500
qwen35 debug logits position 1030: top1=18 top2=12 v1=22.625000 v2=12.875000 margin=9.750000
qwen35 debug logits position 1031: top1=23 top2=12 v1=23.125000 v2=13.562500 margin=9.562500
qwen35 debug logits position 1032: top1=12 top2=19 v1=20.625000 v2=11.875000 margin=8.750000
qwen35 debug logits position 1033: top1=19 top2=17 v1=23.375000 v2=12.750000 margin=10.625000
qwen35 debug logits position 1034: top1=15 top2=12 v1=21.375000 v2=9.875000 margin=11.500000
qwen35 debug logits position 1035: top1=24 top2=19 v1=21.500000 v2=10.812500 margin=10.687500
qwen35 debug logits position 1036: top1=15 top2=198 v1=23.125000 v2=13.937500 margin=9.187500
qwen35 debug hidden embedding position 7: min=-0.2832031 max=0.3046875 mean_abs=0.0055488
qwen35 debug hidden layer-000 position 7: min=-0.3691406 max=12.0625000 mean_abs=0.0236909
qwen35 debug hidden layer-003 position 7: min=-2.7187500 max=27.1250000 mean_abs=0.0907624
qwen35 debug hidden layer-031 position 7: min=-14.6250000 max=57.7500000 mean_abs=0.5849555
qwen35 debug hidden layer-032 position 7: min=-14.6250000 max=53.2500000 mean_abs=0.5840638
qwen35 debug hidden layer-060 position 7: min=-24.3750000 max=88.5000000 mean_abs=2.8796911
qwen35 debug hidden layer-063 position 7: min=-74.0000000 max=235.0000000 mean_abs=5.3651766
qwen35 debug logits position 0: top1=2037 top2=198 v1=11.562500 v2=11.437500 margin=0.125000
qwen35 debug logits position 9: top1=9 top2=11961 v1=15.125000 v2=12.125000 margin=3.000000
qwen35 debug logits position 10: top1=10 top2=43181 v1=18.250000 v2=16.750000 margin=1.500000
qwen35 debug hidden embedding position 7: min=-0.2832031 max=0.3046875 mean_abs=0.0055488
qwen35 debug hidden layer-000 position 7: min=-0.3691406 max=12.0625000 mean_abs=0.0236909
qwen35 debug hidden layer-003 position 7: min=-2.7187500 max=27.1250000 mean_abs=0.0907624
qwen35 debug hidden layer-031 position 7: min=-14.6250000 max=57.7500000 mean_abs=0.5849555
qwen35 debug hidden layer-032 position 7: min=-14.6250000 max=53.2500000 mean_abs=0.5840638
qwen35 debug hidden layer-060 position 7: min=-24.3750000 max=88.5000000 mean_abs=2.8796911
qwen35 debug hidden layer-063 position 7: min=-74.0000000 max=235.0000000 mean_abs=5.3651766
qwen35 debug logits position 0: top1=2037 top2=198 v1=11.562500 v2=11.437500 margin=0.125000
qwen35 debug logits position 9: top1=9 top2=11961 v1=15.125000 v2=12.125000 margin=3.000000
qwen35 debug logits position 10: top1=10 top2=43181 v1=18.250000 v2=16.750000 margin=1.500000
qwen35 debug logits position 11: top1=4838 top2=1288 v1=19.000000 v2=15.000000 margin=4.000000
qwen35 debug hidden embedding position 7: min=-0.2832031 max=0.3046875 mean_abs=0.0055488
qwen35 debug hidden layer-000 position 7: min=-0.3691406 max=12.0625000 mean_abs=0.0236909
qwen35 debug hidden layer-003 position 7: min=-2.7187500 max=27.1250000 mean_abs=0.0907624
qwen35 debug hidden layer-031 position 7: min=-14.6250000 max=57.7500000 mean_abs=0.5849555
qwen35 debug hidden layer-032 position 7: min=-14.6250000 max=53.2500000 mean_abs=0.5840638
qwen35 debug hidden layer-060 position 7: min=-24.3750000 max=88.5000000 mean_abs=2.8796911
qwen35 debug hidden layer-063 position 7: min=-74.0000000 max=235.0000000 mean_abs=5.3651766
qwen35 debug logits position 0: top1=2037 top2=198 v1=11.562500 v2=11.437500 margin=0.125000
qwen35 debug logits position 9: top1=9 top2=11961 v1=15.125000 v2=12.125000 margin=3.000000
qwen35 debug logits position 10: top1=10 top2=43181 v1=18.250000 v2=16.750000 margin=1.500000
qwen35 debug hidden embedding position 7: min=-0.0546875 max=0.0634766 mean_abs=0.0126335
qwen35 debug hidden embedding position 35: min=-0.0576172 max=0.0522461 mean_abs=0.0118315
qwen35 debug hidden layer-000 position 7: min=-0.5117188 max=16.5000000 mean_abs=0.0431779
qwen35 debug hidden layer-000 position 35: min=-0.5820312 max=19.7500000 mean_abs=0.0469485
qwen35 debug hidden layer-003 position 7: min=-3.0000000 max=31.7500000 mean_abs=0.0793459
qwen35 debug hidden layer-003 position 35: min=-1.8906250 max=30.1250000 mean_abs=0.0711057
qwen35 debug hidden layer-031 position 7: min=-21.5000000 max=71.0000000 mean_abs=0.6871067
qwen35 debug hidden layer-031 position 35: min=-14.2500000 max=73.0000000 mean_abs=0.6132768
qwen35 debug hidden layer-032 position 7: min=-21.2500000 max=70.5000000 mean_abs=0.6866806
qwen35 debug hidden layer-032 position 35: min=-14.0000000 max=67.0000000 mean_abs=0.6425401
qwen35 debug hidden layer-060 position 7: min=-38.7500000 max=184.0000000 mean_abs=2.3000515
qwen35 debug hidden layer-060 position 35: min=-32.2500000 max=188.0000000 mean_abs=2.3893098
qwen35 debug hidden layer-063 position 7: min=-123.0000000 max=203.0000000 mean_abs=3.9317035
qwen35 debug hidden layer-063 position 35: min=-92.0000000 max=203.0000000 mean_abs=3.6143266
qwen35 debug hidden embedding position 83: min=-0.3164062 max=0.2441406 mean_abs=0.0068631
qwen35 debug hidden layer-000 position 83: min=-0.2373047 max=13.0000000 mean_abs=0.0203701
qwen35 debug hidden layer-003 position 83: min=-1.5781250 max=20.5000000 mean_abs=0.0608145
qwen35 debug hidden layer-031 position 83: min=-13.8750000 max=66.5000000 mean_abs=0.6074917
qwen35 debug hidden layer-032 position 83: min=-13.3750000 max=67.0000000 mean_abs=0.6416845
qwen35 debug hidden layer-060 position 83: min=-17.2500000 max=172.0000000 mean_abs=2.0716314
qwen35 debug hidden layer-063 position 83: min=-57.2500000 max=136.0000000 mean_abs=3.4314179
qwen35 debug logits position 0: top1=46594 top2=76707 v1=24.125000 v2=17.875000 margin=6.250000
qwen35 debug logits position 8193: top1=12 top2=20 v1=24.375000 v2=12.187500 margin=12.187500
qwen35 debug logits position 8194: top1=20 top2=19 v1=26.250000 v2=13.187500 margin=13.062500
qwen35 debug logits position 8195: top1=17 top2=16 v1=26.500000 v2=11.875000 margin=14.625000
qwen35 debug hidden embedding position 7: min=-0.2832031 max=0.3046875 mean_abs=0.0055488
qwen35 debug hidden layer-000 position 7: min=-0.3691406 max=12.0625000 mean_abs=0.0236909
qwen35 debug hidden layer-003 position 7: min=-2.7187500 max=27.1250000 mean_abs=0.0907624
qwen35 debug hidden layer-031 position 7: min=-14.6250000 max=57.7500000 mean_abs=0.5849555
qwen35 debug hidden layer-032 position 7: min=-14.6250000 max=53.2500000 mean_abs=0.5840638
qwen35 debug hidden layer-060 position 7: min=-24.3750000 max=88.5000000 mean_abs=2.8796911
qwen35 debug hidden layer-063 position 7: min=-74.0000000 max=235.0000000 mean_abs=5.3651766
qwen35 debug logits position 0: top1=2037 top2=198 v1=11.562500 v2=11.437500 margin=0.125000
qwen35 debug logits position 9: top1=9 top2=11961 v1=15.125000 v2=12.125000 margin=3.000000
qwen35 debug logits position 10: top1=10 top2=43181 v1=18.250000 v2=16.750000 margin=1.500000
qwen35 debug logits position 11: top1=4838 top2=1288 v1=19.000000 v2=15.000000 margin=4.000000
qwen35 debug logits position 12: top1=1665 top2=13 v1=20.375000 v2=17.500000 margin=2.875000
qwen35 debug logits position 13: top1=25 top2=15 v1=18.625000 v2=18.000000 margin=0.625000
qwen35 debug logits position 14: top1=33898 top2=26 v1=23.250000 v2=20.375000 margin=2.875000
qwen35 debug hidden embedding position 7: min=-0.2832031 max=0.3046875 mean_abs=0.0055488
qwen35 debug hidden layer-000 position 7: min=-0.3691406 max=12.0625000 mean_abs=0.0236909
qwen35 debug hidden layer-003 position 7: min=-2.7187500 max=27.1250000 mean_abs=0.0907624
qwen35 debug hidden layer-031 position 7: min=-14.6250000 max=57.7500000 mean_abs=0.5849555
qwen35 debug hidden layer-032 position 7: min=-14.6250000 max=53.2500000 mean_abs=0.5840638
qwen35 debug hidden layer-060 position 7: min=-24.3750000 max=88.5000000 mean_abs=2.8796911
qwen35 debug hidden layer-063 position 7: min=-74.0000000 max=235.0000000 mean_abs=5.3651766
qwen35 debug logits position 0: top1=2037 top2=198 v1=11.562500 v2=11.437500 margin=0.125000
qwen35 debug hidden embedding position 7: min=-0.2832031 max=0.3046875 mean_abs=0.0055488
qwen35 debug hidden layer-000 position 7: min=-0.3691406 max=12.0625000 mean_abs=0.0236909
qwen35 debug hidden layer-003 position 7: min=-2.7187500 max=27.1250000 mean_abs=0.0907624
qwen35 debug hidden layer-031 position 7: min=-14.6250000 max=57.7500000 mean_abs=0.5849555
qwen35 debug hidden layer-032 position 7: min=-14.6250000 max=53.2500000 mean_abs=0.5840638
qwen35 debug hidden layer-060 position 7: min=-24.3750000 max=88.5000000 mean_abs=2.8796911
qwen35 debug hidden layer-063 position 7: min=-74.0000000 max=235.0000000 mean_abs=5.3651766
qwen35 debug logits position 0: top1=2037 top2=198 v1=11.562500 v2=11.437500 margin=0.125000
qwen35 debug hidden embedding position 7: min=-0.0563965 max=0.0583496 mean_abs=0.0125982
qwen35 debug hidden embedding position 35: min=-0.0673828 max=0.0825195 mean_abs=0.0123046
qwen35 debug hidden layer-000 position 7: min=-0.5507812 max=16.7500000 mean_abs=0.0575258
qwen35 debug hidden layer-000 position 35: min=-0.2617188 max=15.6875000 mean_abs=0.0405904
qwen35 debug hidden layer-003 position 7: min=-2.6562500 max=32.0000000 mean_abs=0.0995327
qwen35 debug hidden layer-003 position 35: min=-1.4375000 max=24.7500000 mean_abs=0.0739413
qwen35 debug hidden layer-031 position 7: min=-17.3750000 max=68.5000000 mean_abs=0.4924363
qwen35 debug hidden layer-031 position 35: min=-13.2500000 max=61.7500000 mean_abs=0.5891870
qwen35 debug hidden layer-032 position 7: min=-17.6250000 max=62.0000000 mean_abs=0.4852604
qwen35 debug hidden layer-032 position 35: min=-13.1250000 max=56.5000000 mean_abs=0.5794882
qwen35 debug hidden layer-060 position 7: min=-38.7500000 max=144.0000000 mean_abs=2.5346056
qwen35 debug hidden layer-060 position 35: min=-29.5000000 max=137.0000000 mean_abs=2.4070668
qwen35 debug hidden layer-063 position 7: min=-91.0000000 max=81.0000000 mean_abs=3.5498026
qwen35 debug hidden layer-063 position 35: min=-67.5000000 max=105.5000000 mean_abs=4.0146792
qwen35 debug hidden embedding position 83: min=-0.0649414 max=0.0510254 mean_abs=0.0121268
qwen35 debug hidden layer-000 position 83: min=-0.4492188 max=20.3750000 mean_abs=0.0559196
qwen35 debug hidden layer-003 position 83: min=-2.1406250 max=28.7500000 mean_abs=0.1091673
qwen35 debug hidden layer-031 position 83: min=-12.7500000 max=72.5000000 mean_abs=0.6426863
qwen35 debug hidden layer-032 position 83: min=-12.3125000 max=67.0000000 mean_abs=0.6239845
qwen35 debug hidden layer-060 position 83: min=-25.8750000 max=35.2500000 mean_abs=2.4286345
qwen35 debug hidden layer-063 position 83: min=-53.5000000 max=78.5000000 mean_abs=3.6181339
qwen35 debug logits position 0: top1=2456 top2=40 v1=20.000000 v2=16.625000 margin=3.375000
qwen35 debug logits position 1025: top1=55 top2=48 v1=24.625000 v2=13.875000 margin=10.750000
qwen35 debug logits position 1026: top1=35205 top2=69046 v1=28.500000 v2=18.125000 margin=10.375000
qwen35 debug logits position 1027: top1=27325 top2=12 v1=23.250000 v2=14.062500 margin=9.187500
qwen35 debug logits position 1028: top1=54 top2=48 v1=22.375000 v2=13.875000 margin=8.500000
qwen35 debug logits position 1029: top1=923 top2=12 v1=23.500000 v2=13.812500 margin=9.687500
qwen35 debug logits position 1030: top1=18 top2=12 v1=22.625000 v2=12.875000 margin=9.750000
qwen35 debug logits position 1031: top1=23 top2=12 v1=23.125000 v2=13.562500 margin=9.562500
qwen35 debug logits position 1032: top1=12 top2=19 v1=20.625000 v2=11.875000 margin=8.750000
qwen35 debug logits position 1033: top1=19 top2=17 v1=23.375000 v2=12.750000 margin=10.625000
qwen35 debug logits position 1034: top1=15 top2=12 v1=21.375000 v2=9.875000 margin=11.500000
qwen35 debug logits position 1035: top1=24 top2=19 v1=21.500000 v2=10.812500 margin=10.687500
qwen35 debug logits position 1036: top1=15 top2=198 v1=23.125000 v2=13.937500 margin=9.187500
qwen35 debug logits position 1037: top1=198 top2=27502 v1=20.000000 v2=19.000000 margin=1.000000
qwen35 debug logits position 1038: top1=76471 top2=2456 v1=21.125000 v2=15.687500 margin=5.437500
qwen35 debug hidden embedding position 7: min=-0.2832031 max=0.3046875 mean_abs=0.0055488
qwen35 debug hidden layer-000 position 7: min=-0.3691406 max=12.0625000 mean_abs=0.0236909
qwen35 debug hidden layer-003 position 7: min=-2.7187500 max=27.1250000 mean_abs=0.0907624
qwen35 debug hidden layer-031 position 7: min=-14.6250000 max=57.7500000 mean_abs=0.5849555
qwen35 debug hidden layer-032 position 7: min=-14.6250000 max=53.2500000 mean_abs=0.5840638
qwen35 debug hidden layer-060 position 7: min=-24.3750000 max=88.5000000 mean_abs=2.8796911
qwen35 debug hidden layer-063 position 7: min=-74.0000000 max=235.0000000 mean_abs=5.3651766
qwen35 debug logits position 0: top1=2037 top2=198 v1=11.562500 v2=11.437500 margin=0.125000
qwen35 debug hidden embedding position 7: min=-0.2832031 max=0.3046875 mean_abs=0.0055488
qwen35 debug hidden layer-000 position 7: min=-0.3691406 max=12.0625000 mean_abs=0.0236909
qwen35 debug hidden layer-003 position 7: min=-2.7187500 max=27.1250000 mean_abs=0.0907624
qwen35 debug hidden layer-031 position 7: min=-14.6250000 max=57.7500000 mean_abs=0.5849555
qwen35 debug hidden layer-032 position 7: min=-14.6250000 max=53.2500000 mean_abs=0.5840638
qwen35 debug hidden layer-060 position 7: min=-24.3750000 max=88.5000000 mean_abs=2.8796911
qwen35 debug hidden layer-063 position 7: min=-74.0000000 max=235.0000000 mean_abs=5.3651766
qwen35 debug logits position 0: top1=2037 top2=198 v1=11.562500 v2=11.437500 margin=0.125000
qwen35 debug logits position 9: top1=9 top2=11961 v1=15.125000 v2=12.125000 margin=3.000000
qwen35 debug hidden embedding position 7: min=-0.2832031 max=0.3046875 mean_abs=0.0055488
qwen35 debug hidden layer-000 position 7: min=-0.3691406 max=12.0625000 mean_abs=0.0236909
qwen35 debug hidden layer-003 position 7: min=-2.7187500 max=27.1250000 mean_abs=0.0907624
qwen35 debug hidden layer-031 position 7: min=-14.6250000 max=57.7500000 mean_abs=0.5849555
qwen35 debug hidden layer-032 position 7: min=-14.6250000 max=53.2500000 mean_abs=0.5840638
qwen35 debug hidden layer-060 position 7: min=-24.3750000 max=88.5000000 mean_abs=2.8796911
qwen35 debug hidden layer-063 position 7: min=-74.0000000 max=235.0000000 mean_abs=5.3651766
qwen35 debug logits position 0: top1=2037 top2=198 v1=11.562500 v2=11.437500 margin=0.125000
qwen35 debug logits position 9: top1=9 top2=11961 v1=15.125000 v2=12.125000 margin=3.000000
qwen35 debug logits position 10: top1=10 top2=43181 v1=18.250000 v2=16.750000 margin=1.500000
qwen35 debug logits position 11: top1=4838 top2=1288 v1=19.000000 v2=15.000000 margin=4.000000
qwen35 debug logits position 12: top1=1665 top2=13 v1=20.375000 v2=17.500000 margin=2.875000
qwen35 debug hidden embedding position 7: min=-0.0546875 max=0.0634766 mean_abs=0.0126335
qwen35 debug hidden embedding position 35: min=-0.0576172 max=0.0522461 mean_abs=0.0118315
qwen35 debug hidden layer-000 position 7: min=-0.5117188 max=16.5000000 mean_abs=0.0431779
qwen35 debug hidden layer-000 position 35: min=-0.5820312 max=19.7500000 mean_abs=0.0469485
qwen35 debug hidden layer-003 position 7: min=-3.0000000 max=31.7500000 mean_abs=0.0793459
qwen35 debug hidden layer-003 position 35: min=-1.8906250 max=30.1250000 mean_abs=0.0711057
qwen35 debug hidden layer-031 position 7: min=-21.5000000 max=71.0000000 mean_abs=0.6871067
qwen35 debug hidden layer-031 position 35: min=-14.2500000 max=73.0000000 mean_abs=0.6132768
qwen35 debug hidden layer-032 position 7: min=-21.2500000 max=70.5000000 mean_abs=0.6866806
qwen35 debug hidden layer-032 position 35: min=-14.0000000 max=67.0000000 mean_abs=0.6425401
qwen35 debug hidden layer-060 position 7: min=-38.7500000 max=184.0000000 mean_abs=2.3000515
qwen35 debug hidden layer-060 position 35: min=-32.2500000 max=188.0000000 mean_abs=2.3893098
qwen35 debug hidden layer-063 position 7: min=-123.0000000 max=203.0000000 mean_abs=3.9317035
qwen35 debug hidden layer-063 position 35: min=-92.0000000 max=203.0000000 mean_abs=3.6143266
qwen35 debug hidden embedding position 83: min=-0.3164062 max=0.2441406 mean_abs=0.0068631
qwen35 debug hidden layer-000 position 83: min=-0.2373047 max=13.0000000 mean_abs=0.0203701
qwen35 debug hidden layer-003 position 83: min=-1.5781250 max=20.5000000 mean_abs=0.0608145
qwen35 debug hidden layer-031 position 83: min=-13.8750000 max=66.5000000 mean_abs=0.6074917
qwen35 debug hidden layer-032 position 83: min=-13.3750000 max=67.0000000 mean_abs=0.6416845
qwen35 debug hidden layer-060 position 83: min=-17.2500000 max=172.0000000 mean_abs=2.0716314
qwen35 debug hidden layer-063 position 83: min=-57.2500000 max=136.0000000 mean_abs=3.4314179
qwen35 debug logits position 0: top1=46594 top2=76707 v1=24.125000 v2=17.875000 margin=6.250000
qwen35 debug logits position 8193: top1=12 top2=20 v1=24.375000 v2=12.187500 margin=12.187500
qwen35 debug logits position 8194: top1=20 top2=19 v1=26.250000 v2=13.187500 margin=13.062500
qwen35 debug logits position 8195: top1=17 top2=16 v1=26.500000 v2=11.875000 margin=14.625000
qwen35 debug logits position 8196: top1=16 top2=248046 v1=25.875000 v2=12.125000 margin=13.750000
qwen35 debug logits position 8197: top1=17 top2=248046 v1=25.625000 v2=13.000000 margin=12.625000
qwen35 debug logits position 8198: top1=19 top2=248046 v1=27.000000 v2=13.500000 margin=13.500000
qwen35 debug logits position 8199: top1=15 top2=248046 v1=26.500000 v2=15.500000 margin=11.000000
qwen35 debug hidden embedding position 7: min=-0.2832031 max=0.3046875 mean_abs=0.0055488
qwen35 debug hidden layer-000 position 7: min=-0.3691406 max=12.0625000 mean_abs=0.0236909
qwen35 debug hidden layer-003 position 7: min=-2.7187500 max=27.1250000 mean_abs=0.0907624
qwen35 debug hidden layer-031 position 7: min=-14.6250000 max=57.7500000 mean_abs=0.5849555
qwen35 debug hidden layer-032 position 7: min=-14.6250000 max=53.2500000 mean_abs=0.5840638
qwen35 debug hidden layer-060 position 7: min=-24.3750000 max=88.5000000 mean_abs=2.8796911
qwen35 debug hidden layer-063 position 7: min=-74.0000000 max=235.0000000 mean_abs=5.3651766
qwen35 debug logits position 0: top1=2037 top2=198 v1=11.562500 v2=11.437500 margin=0.125000
qwen35 debug logits position 9: top1=9 top2=11961 v1=15.125000 v2=12.125000 margin=3.000000
qwen35 debug logits position 10: top1=10 top2=43181 v1=18.250000 v2=16.750000 margin=1.500000
qwen35 debug logits position 11: top1=4838 top2=1288 v1=19.000000 v2=15.000000 margin=4.000000
qwen35 debug logits position 12: top1=1665 top2=13 v1=20.375000 v2=17.500000 margin=2.875000
qwen35 debug logits position 13: top1=25 top2=15 v1=18.625000 v2=18.000000 margin=0.625000
qwen35 debug hidden embedding position 7: min=-0.2832031 max=0.3046875 mean_abs=0.0055488
qwen35 debug hidden layer-000 position 7: min=-0.3691406 max=12.0625000 mean_abs=0.0236909
qwen35 debug hidden layer-003 position 7: min=-2.7187500 max=27.1250000 mean_abs=0.0907624
qwen35 debug hidden layer-031 position 7: min=-14.6250000 max=57.7500000 mean_abs=0.5849555
qwen35 debug hidden layer-032 position 7: min=-14.6250000 max=53.2500000 mean_abs=0.5840638
qwen35 debug hidden layer-060 position 7: min=-24.3750000 max=88.5000000 mean_abs=2.8796911
qwen35 debug hidden layer-063 position 7: min=-74.0000000 max=235.0000000 mean_abs=5.3651766
qwen35 debug logits position 0: top1=2037 top2=198 v1=11.562500 v2=11.437500 margin=0.125000
qwen35 debug logits position 9: top1=9 top2=11961 v1=15.125000 v2=12.125000 margin=3.000000
qwen35 debug hidden embedding position 7: min=-0.2832031 max=0.3046875 mean_abs=0.0055488
qwen35 debug hidden layer-000 position 7: min=-0.3691406 max=12.0625000 mean_abs=0.0236909
qwen35 debug hidden layer-003 position 7: min=-2.7187500 max=27.1250000 mean_abs=0.0907624
qwen35 debug hidden layer-031 position 7: min=-14.6250000 max=57.7500000 mean_abs=0.5849555
qwen35 debug hidden layer-032 position 7: min=-14.6250000 max=53.2500000 mean_abs=0.5840638
qwen35 debug hidden layer-060 position 7: min=-24.3750000 max=88.5000000 mean_abs=2.8796911
qwen35 debug hidden layer-063 position 7: min=-74.0000000 max=235.0000000 mean_abs=5.3651766
qwen35 debug logits position 0: top1=2037 top2=198 v1=11.562500 v2=11.437500 margin=0.125000
qwen35 debug logits position 9: top1=9 top2=11961 v1=15.125000 v2=12.125000 margin=3.000000
qwen35 debug logits position 10: top1=10 top2=43181 v1=18.250000 v2=16.750000 margin=1.500000
qwen35 debug logits position 11: top1=4838 top2=1288 v1=19.000000 v2=15.000000 margin=4.000000
qwen35 debug hidden embedding position 7: min=-0.2832031 max=0.3046875 mean_abs=0.0055488
qwen35 debug hidden layer-000 position 7: min=-0.3691406 max=12.0625000 mean_abs=0.0236909
qwen35 debug hidden layer-003 position 7: min=-2.7187500 max=27.1250000 mean_abs=0.0907624
qwen35 debug hidden layer-031 position 7: min=-14.6250000 max=57.7500000 mean_abs=0.5849555
qwen35 debug hidden layer-032 position 7: min=-14.6250000 max=53.2500000 mean_abs=0.5840638
qwen35 debug hidden layer-060 position 7: min=-24.3750000 max=88.5000000 mean_abs=2.8796911
qwen35 debug hidden layer-063 position 7: min=-74.0000000 max=235.0000000 mean_abs=5.3651766
qwen35 debug logits position 0: top1=2037 top2=198 v1=11.562500 v2=11.437500 margin=0.125000
qwen35 debug logits position 9: top1=9 top2=11961 v1=15.125000 v2=12.125000 margin=3.000000
qwen35 debug logits position 10: top1=10 top2=43181 v1=18.250000 v2=16.750000 margin=1.500000
qwen35 debug hidden embedding position 7: min=-0.0563965 max=0.0583496 mean_abs=0.0125982
qwen35 debug hidden embedding position 35: min=-0.0673828 max=0.0825195 mean_abs=0.0123046
qwen35 debug hidden layer-000 position 7: min=-0.5507812 max=16.7500000 mean_abs=0.0575258
qwen35 debug hidden layer-000 position 35: min=-0.2617188 max=15.6875000 mean_abs=0.0405904
qwen35 debug hidden layer-003 position 7: min=-2.6562500 max=32.0000000 mean_abs=0.0995327
qwen35 debug hidden layer-003 position 35: min=-1.4375000 max=24.7500000 mean_abs=0.0739413
qwen35 debug hidden layer-031 position 7: min=-17.3750000 max=68.5000000 mean_abs=0.4924363
qwen35 debug hidden layer-031 position 35: min=-13.2500000 max=61.7500000 mean_abs=0.5891870
qwen35 debug hidden layer-032 position 7: min=-17.6250000 max=62.0000000 mean_abs=0.4852604
qwen35 debug hidden layer-032 position 35: min=-13.1250000 max=56.5000000 mean_abs=0.5794882
qwen35 debug hidden layer-060 position 7: min=-38.7500000 max=144.0000000 mean_abs=2.5346056
qwen35 debug hidden layer-060 position 35: min=-29.5000000 max=137.0000000 mean_abs=2.4070668
qwen35 debug hidden layer-063 position 7: min=-91.0000000 max=81.0000000 mean_abs=3.5498026
qwen35 debug hidden layer-063 position 35: min=-67.5000000 max=105.5000000 mean_abs=4.0146792
qwen35 debug hidden embedding position 83: min=-0.0649414 max=0.0510254 mean_abs=0.0121268
qwen35 debug hidden layer-000 position 83: min=-0.4492188 max=20.3750000 mean_abs=0.0559196
qwen35 debug hidden layer-003 position 83: min=-2.1406250 max=28.7500000 mean_abs=0.1091673
qwen35 debug hidden layer-031 position 83: min=-12.7500000 max=72.5000000 mean_abs=0.6426863
qwen35 debug hidden layer-032 position 83: min=-12.3125000 max=67.0000000 mean_abs=0.6239845
qwen35 debug hidden layer-060 position 83: min=-25.8750000 max=35.2500000 mean_abs=2.4286345
qwen35 debug hidden layer-063 position 83: min=-53.5000000 max=78.5000000 mean_abs=3.6181339
qwen35 debug logits position 0: top1=2456 top2=40 v1=20.000000 v2=16.625000 margin=3.375000
qwen35 debug logits position 1025: top1=55 top2=48 v1=24.625000 v2=13.875000 margin=10.750000
qwen35 debug logits position 1026: top1=35205 top2=69046 v1=28.500000 v2=18.125000 margin=10.375000
qwen35 debug logits position 1027: top1=27325 top2=12 v1=23.250000 v2=14.062500 margin=9.187500
qwen35 debug hidden embedding position 7: min=-0.2832031 max=0.3046875 mean_abs=0.0055488
qwen35 debug hidden layer-000 position 7: min=-0.3691406 max=12.0625000 mean_abs=0.0236909
qwen35 debug hidden layer-003 position 7: min=-2.7187500 max=27.1250000 mean_abs=0.0907624
qwen35 debug hidden layer-031 position 7: min=-14.6250000 max=57.7500000 mean_abs=0.5849555
qwen35 debug hidden layer-032 position 7: min=-14.6250000 max=53.2500000 mean_abs=0.5840638
qwen35 debug hidden layer-060 position 7: min=-24.3750000 max=88.5000000 mean_abs=2.8796911
qwen35 debug hidden layer-063 position 7: min=-74.0000000 max=235.0000000 mean_abs=5.3651766
qwen35 debug logits position 0: top1=2037 top2=198 v1=11.562500 v2=11.437500 margin=0.125000
qwen35 debug logits position 9: top1=9 top2=11961 v1=15.125000 v2=12.125000 margin=3.000000
qwen35 debug logits position 10: top1=10 top2=43181 v1=18.250000 v2=16.750000 margin=1.500000
qwen35 debug logits position 11: top1=4838 top2=1288 v1=19.000000 v2=15.000000 margin=4.000000
qwen35 debug logits position 12: top1=1665 top2=13 v1=20.375000 v2=17.500000 margin=2.875000
qwen35 debug logits position 13: top1=25 top2=15 v1=18.625000 v2=18.000000 margin=0.625000
qwen35 debug logits position 14: top1=33898 top2=26 v1=23.250000 v2=20.375000 margin=2.875000
qwen35 debug logits position 15: top1=2110 top2=19279 v1=21.375000 v2=15.375000 margin=6.000000
qwen35 debug hidden embedding position 7: min=-0.2832031 max=0.3046875 mean_abs=0.0055488
qwen35 debug hidden layer-000 position 7: min=-0.3691406 max=12.0625000 mean_abs=0.0236909
qwen35 debug hidden layer-003 position 7: min=-2.7187500 max=27.1250000 mean_abs=0.0907624
qwen35 debug hidden layer-031 position 7: min=-14.6250000 max=57.7500000 mean_abs=0.5849555
qwen35 debug hidden layer-032 position 7: min=-14.6250000 max=53.2500000 mean_abs=0.5840638
qwen35 debug hidden layer-060 position 7: min=-24.3750000 max=88.5000000 mean_abs=2.8796911
qwen35 debug hidden layer-063 position 7: min=-74.0000000 max=235.0000000 mean_abs=5.3651766
qwen35 debug logits position 0: top1=2037 top2=198 v1=11.562500 v2=11.437500 margin=0.125000
qwen35 debug logits position 9: top1=9 top2=11961 v1=15.125000 v2=12.125000 margin=3.000000
qwen35 debug logits position 10: top1=10 top2=43181 v1=18.250000 v2=16.750000 margin=1.500000
qwen35 debug hidden embedding position 7: min=-0.2832031 max=0.3046875 mean_abs=0.0055488
qwen35 debug hidden layer-000 position 7: min=-0.3691406 max=12.0625000 mean_abs=0.0236909
qwen35 debug hidden layer-003 position 7: min=-2.7187500 max=27.1250000 mean_abs=0.0907624
qwen35 debug hidden layer-031 position 7: min=-14.6250000 max=57.7500000 mean_abs=0.5849555
qwen35 debug hidden layer-032 position 7: min=-14.6250000 max=53.2500000 mean_abs=0.5840638
qwen35 debug hidden layer-060 position 7: min=-24.3750000 max=88.5000000 mean_abs=2.8796911
qwen35 debug hidden layer-063 position 7: min=-74.0000000 max=235.0000000 mean_abs=5.3651766
qwen35 debug logits position 0: top1=2037 top2=198 v1=11.562500 v2=11.437500 margin=0.125000
qwen35 debug hidden embedding position 7: min=-0.2832031 max=0.3046875 mean_abs=0.0055488
qwen35 debug hidden layer-000 position 7: min=-0.3691406 max=12.0625000 mean_abs=0.0236909
qwen35 debug hidden layer-003 position 7: min=-2.7187500 max=27.1250000 mean_abs=0.0907624
qwen35 debug hidden layer-031 position 7: min=-14.6250000 max=57.7500000 mean_abs=0.5849555
qwen35 debug hidden layer-032 position 7: min=-14.6250000 max=53.2500000 mean_abs=0.5840638
qwen35 debug hidden layer-060 position 7: min=-24.3750000 max=88.5000000 mean_abs=2.8796911
qwen35 debug hidden layer-063 position 7: min=-74.0000000 max=235.0000000 mean_abs=5.3651766
qwen35 debug logits position 0: top1=2037 top2=198 v1=11.562500 v2=11.437500 margin=0.125000
qwen35 debug logits position 9: top1=9 top2=11961 v1=15.125000 v2=12.125000 margin=3.000000
qwen35 debug logits position 10: top1=10 top2=43181 v1=18.250000 v2=16.750000 margin=1.500000
qwen35 debug logits position 11: top1=4838 top2=1288 v1=19.000000 v2=15.000000 margin=4.000000
qwen35 debug logits position 12: top1=1665 top2=13 v1=20.375000 v2=17.500000 margin=2.875000
qwen35 debug logits position 13: top1=25 top2=15 v1=18.625000 v2=18.000000 margin=0.625000
qwen35 debug logits position 14: top1=33898 top2=26 v1=23.250000 v2=20.375000 margin=2.875000
qwen35 debug logits position 15: top1=2110 top2=19279 v1=21.375000 v2=15.375000 margin=6.000000
qwen35 debug hidden embedding position 7: min=-0.2832031 max=0.3046875 mean_abs=0.0055488
qwen35 debug hidden layer-000 position 7: min=-0.3691406 max=12.0625000 mean_abs=0.0236909
qwen35 debug hidden layer-003 position 7: min=-2.7187500 max=27.1250000 mean_abs=0.0907624
qwen35 debug hidden layer-031 position 7: min=-14.6250000 max=57.7500000 mean_abs=0.5849555
qwen35 debug hidden layer-032 position 7: min=-14.6250000 max=53.2500000 mean_abs=0.5840638
qwen35 debug hidden layer-060 position 7: min=-24.3750000 max=88.5000000 mean_abs=2.8796911
qwen35 debug hidden layer-063 position 7: min=-74.0000000 max=235.0000000 mean_abs=5.3651766
qwen35 debug logits position 0: top1=2037 top2=198 v1=11.562500 v2=11.437500 margin=0.125000
qwen35 debug logits position 9: top1=9 top2=11961 v1=15.125000 v2=12.125000 margin=3.000000
qwen35 debug logits position 10: top1=10 top2=43181 v1=18.250000 v2=16.750000 margin=1.500000
qwen35 debug logits position 11: top1=4838 top2=1288 v1=19.000000 v2=15.000000 margin=4.000000
qwen35 debug logits position 12: top1=1665 top2=13 v1=20.375000 v2=17.500000 margin=2.875000
qwen35 debug logits position 13: top1=25 top2=15 v1=18.625000 v2=18.000000 margin=0.625000
qwen35 debug logits position 14: top1=33898 top2=26 v1=23.250000 v2=20.375000 margin=2.875000
qwen35 debug logits position 15: top1=2110 top2=19279 v1=21.375000 v2=15.375000 margin=6.000000
qwen35 debug hidden embedding position 7: min=-0.2832031 max=0.3046875 mean_abs=0.0055488
qwen35 debug hidden layer-000 position 7: min=-0.3691406 max=12.0625000 mean_abs=0.0236909
qwen35 debug hidden layer-003 position 7: min=-2.7187500 max=27.1250000 mean_abs=0.0907624
qwen35 debug hidden layer-031 position 7: min=-14.6250000 max=57.7500000 mean_abs=0.5849555
qwen35 debug hidden layer-032 position 7: min=-14.6250000 max=53.2500000 mean_abs=0.5840638
qwen35 debug hidden layer-060 position 7: min=-24.3750000 max=88.5000000 mean_abs=2.8796911
qwen35 debug hidden layer-063 position 7: min=-74.0000000 max=235.0000000 mean_abs=5.3651766
qwen35 debug logits position 0: top1=2037 top2=198 v1=11.562500 v2=11.437500 margin=0.125000
qwen35 debug logits position 9: top1=9 top2=11961 v1=15.125000 v2=12.125000 margin=3.000000
qwen35 debug logits position 10: top1=10 top2=43181 v1=18.250000 v2=16.750000 margin=1.500000
qwen35 debug logits position 11: top1=4838 top2=1288 v1=19.000000 v2=15.000000 margin=4.000000
qwen35 debug logits position 12: top1=1665 top2=13 v1=20.375000 v2=17.500000 margin=2.875000
qwen35 debug logits position 13: top1=25 top2=15 v1=18.625000 v2=18.000000 margin=0.625000
qwen35 debug logits position 14: top1=33898 top2=26 v1=23.250000 v2=20.375000 margin=2.875000
qwen35 debug hidden embedding position 7: min=-0.2832031 max=0.3046875 mean_abs=0.0055488
qwen35 debug hidden layer-000 position 7: min=-0.3691406 max=12.0625000 mean_abs=0.0236909
qwen35 debug hidden layer-003 position 7: min=-2.7187500 max=27.1250000 mean_abs=0.0907624
qwen35 debug hidden layer-031 position 7: min=-14.6250000 max=57.7500000 mean_abs=0.5849555
qwen35 debug hidden layer-032 position 7: min=-14.6250000 max=53.2500000 mean_abs=0.5840638
qwen35 debug hidden layer-060 position 7: min=-24.3750000 max=88.5000000 mean_abs=2.8796911
qwen35 debug hidden layer-063 position 7: min=-74.0000000 max=235.0000000 mean_abs=5.3651766
qwen35 debug logits position 0: top1=2037 top2=198 v1=11.562500 v2=11.437500 margin=0.125000
qwen35 debug hidden embedding position 7: min=-0.2832031 max=0.3046875 mean_abs=0.0055488
qwen35 debug hidden layer-000 position 7: min=-0.3691406 max=12.0625000 mean_abs=0.0236909
qwen35 debug hidden layer-003 position 7: min=-2.7187500 max=27.1250000 mean_abs=0.0907624
qwen35 debug hidden layer-031 position 7: min=-14.6250000 max=57.7500000 mean_abs=0.5849555
qwen35 debug hidden layer-032 position 7: min=-14.6250000 max=53.2500000 mean_abs=0.5840638
qwen35 debug hidden layer-060 position 7: min=-24.3750000 max=88.5000000 mean_abs=2.8796911
qwen35 debug hidden layer-063 position 7: min=-74.0000000 max=235.0000000 mean_abs=5.3651766
qwen35 debug logits position 0: top1=2037 top2=198 v1=11.562500 v2=11.437500 margin=0.125000
qwen35 debug logits position 9: top1=9 top2=11961 v1=15.125000 v2=12.125000 margin=3.000000
qwen35 debug logits position 10: top1=10 top2=43181 v1=18.250000 v2=16.750000 margin=1.500000
qwen35 debug logits position 11: top1=4838 top2=1288 v1=19.000000 v2=15.000000 margin=4.000000
qwen35 debug logits position 12: top1=1665 top2=13 v1=20.375000 v2=17.500000 margin=2.875000
qwen35 debug logits position 13: top1=25 top2=15 v1=18.625000 v2=18.000000 margin=0.625000
qwen35 debug logits position 14: top1=33898 top2=26 v1=23.250000 v2=20.375000 margin=2.875000
qwen35 debug logits position 15: top1=2110 top2=19279 v1=21.375000 v2=15.375000 margin=6.000000
qwen35 debug hidden embedding position 7: min=-0.2832031 max=0.3046875 mean_abs=0.0055488
qwen35 debug hidden layer-000 position 7: min=-0.3691406 max=12.0625000 mean_abs=0.0236909
qwen35 debug hidden layer-003 position 7: min=-2.7187500 max=27.1250000 mean_abs=0.0907624
qwen35 debug hidden layer-031 position 7: min=-14.6250000 max=57.7500000 mean_abs=0.5849555
qwen35 debug hidden layer-032 position 7: min=-14.6250000 max=53.2500000 mean_abs=0.5840638
qwen35 debug hidden layer-060 position 7: min=-24.3750000 max=88.5000000 mean_abs=2.8796911
qwen35 debug hidden layer-063 position 7: min=-74.0000000 max=235.0000000 mean_abs=5.3651766
qwen35 debug logits position 0: top1=2037 top2=198 v1=11.562500 v2=11.437500 margin=0.125000
qwen35 debug logits position 9: top1=9 top2=11961 v1=15.125000 v2=12.125000 margin=3.000000
qwen35 debug logits position 10: top1=10 top2=43181 v1=18.250000 v2=16.750000 margin=1.500000
qwen35 debug hidden embedding position 7: min=-0.2832031 max=0.3046875 mean_abs=0.0055488
qwen35 debug hidden layer-000 position 7: min=-0.3691406 max=12.0625000 mean_abs=0.0236909
qwen35 debug hidden layer-003 position 7: min=-2.7187500 max=27.1250000 mean_abs=0.0907624
qwen35 debug hidden layer-031 position 7: min=-14.6250000 max=57.7500000 mean_abs=0.5849555
qwen35 debug hidden layer-032 position 7: min=-14.6250000 max=53.2500000 mean_abs=0.5840638
qwen35 debug hidden layer-060 position 7: min=-24.3750000 max=88.5000000 mean_abs=2.8796911
qwen35 debug hidden layer-063 position 7: min=-74.0000000 max=235.0000000 mean_abs=5.3651766
qwen35 debug logits position 0: top1=2037 top2=198 v1=11.562500 v2=11.437500 margin=0.125000
qwen35 debug logits position 9: top1=9 top2=11961 v1=15.125000 v2=12.125000 margin=3.000000
qwen35 debug logits position 10: top1=10 top2=43181 v1=18.250000 v2=16.750000 margin=1.500000
qwen35 debug logits position 11: top1=4838 top2=1288 v1=19.000000 v2=15.000000 margin=4.000000
qwen35 debug logits position 12: top1=1665 top2=13 v1=20.375000 v2=17.500000 margin=2.875000
qwen35 debug logits position 13: top1=25 top2=15 v1=18.625000 v2=18.000000 margin=0.625000
qwen35 debug logits position 14: top1=33898 top2=26 v1=23.250000 v2=20.375000 margin=2.875000
qwen35 debug logits position 15: top1=2110 top2=19279 v1=21.375000 v2=15.375000 margin=6.000000
qwen35 debug hidden embedding position 7: min=-0.0563965 max=0.0583496 mean_abs=0.0125982
qwen35 debug hidden embedding position 35: min=-0.0673828 max=0.0825195 mean_abs=0.0123046
qwen35 debug hidden layer-000 position 7: min=-0.5507812 max=16.7500000 mean_abs=0.0575258
qwen35 debug hidden layer-000 position 35: min=-0.2617188 max=15.6875000 mean_abs=0.0405904
qwen35 debug hidden layer-003 position 7: min=-2.6562500 max=32.0000000 mean_abs=0.0995327
qwen35 debug hidden layer-003 position 35: min=-1.4375000 max=24.7500000 mean_abs=0.0739413
qwen35 debug hidden layer-031 position 7: min=-17.3750000 max=68.5000000 mean_abs=0.4924363
qwen35 debug hidden layer-031 position 35: min=-13.2500000 max=61.7500000 mean_abs=0.5891870
qwen35 debug hidden layer-032 position 7: min=-17.6250000 max=62.0000000 mean_abs=0.4852604
qwen35 debug hidden layer-032 position 35: min=-13.1250000 max=56.5000000 mean_abs=0.5794882
qwen35 debug hidden layer-060 position 7: min=-38.7500000 max=144.0000000 mean_abs=2.5346056
qwen35 debug hidden layer-060 position 35: min=-29.5000000 max=137.0000000 mean_abs=2.4070668
qwen35 debug hidden layer-063 position 7: min=-91.0000000 max=81.0000000 mean_abs=3.5498026
qwen35 debug hidden layer-063 position 35: min=-67.5000000 max=105.5000000 mean_abs=4.0146792
qwen35 debug hidden embedding position 83: min=-0.0649414 max=0.0510254 mean_abs=0.0121268
qwen35 debug hidden layer-000 position 83: min=-0.4492188 max=20.3750000 mean_abs=0.0559196
qwen35 debug hidden layer-003 position 83: min=-2.1406250 max=28.7500000 mean_abs=0.1091673
qwen35 debug hidden layer-031 position 83: min=-12.7500000 max=72.5000000 mean_abs=0.6426863
qwen35 debug hidden layer-032 position 83: min=-12.3125000 max=67.0000000 mean_abs=0.6239845
qwen35 debug hidden layer-060 position 83: min=-25.8750000 max=35.2500000 mean_abs=2.4286345
qwen35 debug hidden layer-063 position 83: min=-53.5000000 max=78.5000000 mean_abs=3.6181339
qwen35 debug logits position 0: top1=2456 top2=40 v1=20.000000 v2=16.625000 margin=3.375000
qwen35 debug logits position 1025: top1=55 top2=48 v1=24.625000 v2=13.875000 margin=10.750000
qwen35 debug logits position 1026: top1=35205 top2=69046 v1=28.500000 v2=18.125000 margin=10.375000
qwen35 debug logits position 1027: top1=27325 top2=12 v1=23.250000 v2=14.062500 margin=9.187500
qwen35 debug logits position 1028: top1=54 top2=48 v1=22.375000 v2=13.875000 margin=8.500000
qwen35 debug logits position 1029: top1=923 top2=12 v1=23.500000 v2=13.812500 margin=9.687500
qwen35 debug logits position 1030: top1=18 top2=12 v1=22.625000 v2=12.875000 margin=9.750000
qwen35 debug logits position 1031: top1=23 top2=12 v1=23.125000 v2=13.562500 margin=9.562500
qwen35 debug logits position 1032: top1=12 top2=19 v1=20.625000 v2=11.875000 margin=8.750000
qwen35 debug logits position 1033: top1=19 top2=17 v1=23.375000 v2=12.750000 margin=10.625000
qwen35 debug logits position 1034: top1=15 top2=12 v1=21.375000 v2=9.875000 margin=11.500000
qwen35 debug logits position 1035: top1=24 top2=19 v1=21.500000 v2=10.812500 margin=10.687500
qwen35 debug logits position 1036: top1=15 top2=198 v1=23.125000 v2=13.937500 margin=9.187500
qwen35 debug logits position 1037: top1=198 top2=27502 v1=20.000000 v2=19.000000 margin=1.000000
qwen35 debug logits position 1038: top1=76471 top2=2456 v1=21.125000 v2=15.687500 margin=5.437500
qwen35 debug logits position 1039: top1=198 top2=27502 v1=20.000000 v2=19.000000 margin=1.000000
qwen35 debug hidden embedding position 7: min=-0.2832031 max=0.3046875 mean_abs=0.0055488
qwen35 debug hidden layer-000 position 7: min=-0.3691406 max=12.0625000 mean_abs=0.0236909
qwen35 debug hidden layer-003 position 7: min=-2.7187500 max=27.1250000 mean_abs=0.0907624
qwen35 debug hidden layer-031 position 7: min=-14.6250000 max=57.7500000 mean_abs=0.5849555
qwen35 debug hidden layer-032 position 7: min=-14.6250000 max=53.2500000 mean_abs=0.5840638
qwen35 debug hidden layer-060 position 7: min=-24.3750000 max=88.5000000 mean_abs=2.8796911
qwen35 debug hidden layer-063 position 7: min=-74.0000000 max=235.0000000 mean_abs=5.3651766
qwen35 debug logits position 0: top1=2037 top2=198 v1=11.562500 v2=11.437500 margin=0.125000
qwen35 debug logits position 9: top1=9 top2=11961 v1=15.125000 v2=12.125000 margin=3.000000
qwen35 debug logits position 10: top1=10 top2=43181 v1=18.250000 v2=16.750000 margin=1.500000
qwen35 debug logits position 11: top1=4838 top2=1288 v1=19.000000 v2=15.000000 margin=4.000000
qwen35 debug logits position 12: top1=1665 top2=13 v1=20.375000 v2=17.500000 margin=2.875000
qwen35 debug logits position 13: top1=25 top2=15 v1=18.625000 v2=18.000000 margin=0.625000
qwen35 debug logits position 14: top1=33898 top2=26 v1=23.250000 v2=20.375000 margin=2.875000
qwen35 debug logits position 15: top1=2110 top2=19279 v1=21.375000 v2=15.375000 margin=6.000000
qwen35 debug hidden embedding position 7: min=-0.0563965 max=0.0583496 mean_abs=0.0125982
qwen35 debug hidden embedding position 35: min=-0.0673828 max=0.0825195 mean_abs=0.0123046
qwen35 debug hidden layer-000 position 7: min=-0.5507812 max=16.7500000 mean_abs=0.0575258
qwen35 debug hidden layer-000 position 35: min=-0.2617188 max=15.6875000 mean_abs=0.0405904
qwen35 debug hidden layer-003 position 7: min=-2.6562500 max=32.0000000 mean_abs=0.0995327
qwen35 debug hidden layer-003 position 35: min=-1.4375000 max=24.7500000 mean_abs=0.0739413
qwen35 debug hidden layer-031 position 7: min=-17.3750000 max=68.5000000 mean_abs=0.4924363
qwen35 debug hidden layer-031 position 35: min=-13.2500000 max=61.7500000 mean_abs=0.5891870
qwen35 debug hidden layer-032 position 7: min=-17.6250000 max=62.0000000 mean_abs=0.4852604
qwen35 debug hidden layer-032 position 35: min=-13.1250000 max=56.5000000 mean_abs=0.5794882
qwen35 debug hidden layer-060 position 7: min=-38.7500000 max=144.0000000 mean_abs=2.5346056
qwen35 debug hidden layer-060 position 35: min=-29.5000000 max=137.0000000 mean_abs=2.4070668
qwen35 debug hidden layer-063 position 7: min=-91.0000000 max=81.0000000 mean_abs=3.5498026
qwen35 debug hidden layer-063 position 35: min=-67.5000000 max=105.5000000 mean_abs=4.0146792
qwen35 debug hidden embedding position 83: min=-0.0649414 max=0.0510254 mean_abs=0.0121268
qwen35 debug hidden layer-000 position 83: min=-0.4492188 max=20.3750000 mean_abs=0.0559196
qwen35 debug hidden layer-003 position 83: min=-2.1406250 max=28.7500000 mean_abs=0.1091673
qwen35 debug hidden layer-031 position 83: min=-12.7500000 max=72.5000000 mean_abs=0.6426863
qwen35 debug hidden layer-032 position 83: min=-12.3125000 max=67.0000000 mean_abs=0.6239845
qwen35 debug hidden layer-060 position 83: min=-25.8750000 max=35.2500000 mean_abs=2.4286345
qwen35 debug hidden layer-063 position 83: min=-53.5000000 max=78.5000000 mean_abs=3.6181339
qwen35 debug logits position 0: top1=2456 top2=40 v1=20.000000 v2=16.625000 margin=3.375000
qwen35 debug logits position 1025: top1=55 top2=48 v1=24.625000 v2=13.875000 margin=10.750000
qwen35 debug logits position 1026: top1=35205 top2=69046 v1=28.500000 v2=18.125000 margin=10.375000
qwen35 debug logits position 1027: top1=27325 top2=12 v1=23.250000 v2=14.062500 margin=9.187500
qwen35 debug logits position 1028: top1=54 top2=48 v1=22.375000 v2=13.875000 margin=8.500000
qwen35 debug logits position 1029: top1=923 top2=12 v1=23.500000 v2=13.812500 margin=9.687500
qwen35 debug logits position 1030: top1=18 top2=12 v1=22.625000 v2=12.875000 margin=9.750000
qwen35 debug logits position 1031: top1=23 top2=12 v1=23.125000 v2=13.562500 margin=9.562500
qwen35 debug logits position 1032: top1=12 top2=19 v1=20.625000 v2=11.875000 margin=8.750000
qwen35 debug logits position 1033: top1=19 top2=17 v1=23.375000 v2=12.750000 margin=10.625000
qwen35 debug logits position 1034: top1=15 top2=12 v1=21.375000 v2=9.875000 margin=11.500000
qwen35 debug logits position 1035: top1=24 top2=19 v1=21.500000 v2=10.812500 margin=10.687500
qwen35 debug logits position 1036: top1=15 top2=198 v1=23.125000 v2=13.937500 margin=9.187500
qwen35 debug logits position 1037: top1=198 top2=27502 v1=20.000000 v2=19.000000 margin=1.000000
qwen35 debug logits position 1038: top1=76471 top2=2456 v1=21.125000 v2=15.687500 margin=5.437500
qwen35 debug hidden embedding position 7: min=-0.0563965 max=0.0583496 mean_abs=0.0125982
qwen35 debug hidden embedding position 35: min=-0.0673828 max=0.0825195 mean_abs=0.0123046
qwen35 debug hidden layer-000 position 7: min=-0.5507812 max=16.7500000 mean_abs=0.0575258
qwen35 debug hidden layer-000 position 35: min=-0.2617188 max=15.6875000 mean_abs=0.0405904
qwen35 debug hidden layer-003 position 7: min=-2.6562500 max=32.0000000 mean_abs=0.0995327
qwen35 debug hidden layer-003 position 35: min=-1.4375000 max=24.7500000 mean_abs=0.0739413
qwen35 debug hidden layer-031 position 7: min=-17.3750000 max=68.5000000 mean_abs=0.4924363
qwen35 debug hidden layer-031 position 35: min=-13.2500000 max=61.7500000 mean_abs=0.5891870
qwen35 debug hidden layer-032 position 7: min=-17.6250000 max=62.0000000 mean_abs=0.4852604
qwen35 debug hidden layer-032 position 35: min=-13.1250000 max=56.5000000 mean_abs=0.5794882
qwen35 debug hidden layer-060 position 7: min=-38.7500000 max=144.0000000 mean_abs=2.5346056
qwen35 debug hidden layer-060 position 35: min=-29.5000000 max=137.0000000 mean_abs=2.4070668
qwen35 debug hidden layer-063 position 7: min=-91.0000000 max=81.0000000 mean_abs=3.5498026
qwen35 debug hidden layer-063 position 35: min=-67.5000000 max=105.5000000 mean_abs=4.0146792
qwen35 debug hidden embedding position 83: min=-0.0649414 max=0.0510254 mean_abs=0.0121268
qwen35 debug hidden layer-000 position 83: min=-0.4492188 max=20.3750000 mean_abs=0.0559196
qwen35 debug hidden layer-003 position 83: min=-2.1406250 max=28.7500000 mean_abs=0.1091673
qwen35 debug hidden layer-031 position 83: min=-12.7500000 max=72.5000000 mean_abs=0.6426863
qwen35 debug hidden layer-032 position 83: min=-12.3125000 max=67.0000000 mean_abs=0.6239845
qwen35 debug hidden layer-060 position 83: min=-25.8750000 max=35.2500000 mean_abs=2.4286345
qwen35 debug hidden layer-063 position 83: min=-53.5000000 max=78.5000000 mean_abs=3.6181339
qwen35 debug logits position 0: top1=2456 top2=40 v1=20.000000 v2=16.625000 margin=3.375000
qwen35 debug logits position 1025: top1=55 top2=48 v1=24.625000 v2=13.875000 margin=10.750000
qwen35 debug logits position 1026: top1=35205 top2=69046 v1=28.500000 v2=18.125000 margin=10.375000
qwen35 debug logits position 1027: top1=27325 top2=12 v1=23.250000 v2=14.062500 margin=9.187500
qwen35 debug logits position 1028: top1=54 top2=48 v1=22.375000 v2=13.875000 margin=8.500000
qwen35 debug logits position 1029: top1=923 top2=12 v1=23.500000 v2=13.812500 margin=9.687500
qwen35 debug logits position 1030: top1=18 top2=12 v1=22.625000 v2=12.875000 margin=9.750000
qwen35 debug logits position 1031: top1=23 top2=12 v1=23.125000 v2=13.562500 margin=9.562500
qwen35 debug logits position 1032: top1=12 top2=19 v1=20.625000 v2=11.875000 margin=8.750000
qwen35 debug logits position 1033: top1=19 top2=17 v1=23.375000 v2=12.750000 margin=10.625000
qwen35 debug hidden embedding position 7: min=-0.2832031 max=0.3046875 mean_abs=0.0055488
qwen35 debug hidden layer-000 position 7: min=-0.3691406 max=12.0625000 mean_abs=0.0236909
qwen35 debug hidden layer-003 position 7: min=-2.7187500 max=27.1250000 mean_abs=0.0907624
qwen35 debug hidden layer-031 position 7: min=-14.6250000 max=57.7500000 mean_abs=0.5849555
qwen35 debug hidden layer-032 position 7: min=-14.6250000 max=53.2500000 mean_abs=0.5840638
qwen35 debug hidden layer-060 position 7: min=-24.3750000 max=88.5000000 mean_abs=2.8796911
qwen35 debug hidden layer-063 position 7: min=-74.0000000 max=235.0000000 mean_abs=5.3651766
qwen35 debug logits position 0: top1=2037 top2=198 v1=11.562500 v2=11.437500 margin=0.125000
qwen35 debug logits position 9: top1=9 top2=11961 v1=15.125000 v2=12.125000 margin=3.000000
qwen35 debug logits position 10: top1=10 top2=43181 v1=18.250000 v2=16.750000 margin=1.500000
qwen35 debug logits position 11: top1=4838 top2=1288 v1=19.000000 v2=15.000000 margin=4.000000
qwen35 debug logits position 12: top1=1665 top2=13 v1=20.375000 v2=17.500000 margin=2.875000
qwen35 debug logits position 13: top1=25 top2=15 v1=18.625000 v2=18.000000 margin=0.625000
qwen35 debug logits position 14: top1=33898 top2=26 v1=23.250000 v2=20.375000 margin=2.875000
qwen35 debug hidden embedding position 7: min=-0.2832031 max=0.3046875 mean_abs=0.0055488
qwen35 debug hidden layer-000 position 7: min=-0.3691406 max=12.0625000 mean_abs=0.0236909
qwen35 debug hidden layer-003 position 7: min=-2.7187500 max=27.1250000 mean_abs=0.0907624
qwen35 debug hidden layer-031 position 7: min=-14.6250000 max=57.7500000 mean_abs=0.5849555
qwen35 debug hidden layer-032 position 7: min=-14.6250000 max=53.2500000 mean_abs=0.5840638
qwen35 debug hidden layer-060 position 7: min=-24.3750000 max=88.5000000 mean_abs=2.8796911
qwen35 debug hidden layer-063 position 7: min=-74.0000000 max=235.0000000 mean_abs=5.3651766
qwen35 debug logits position 0: top1=2037 top2=198 v1=11.562500 v2=11.437500 margin=0.125000
qwen35 debug hidden embedding position 7: min=-0.0563965 max=0.0583496 mean_abs=0.0125982
qwen35 debug hidden embedding position 35: min=-0.0673828 max=0.0825195 mean_abs=0.0123046
qwen35 debug hidden layer-000 position 7: min=-0.5507812 max=16.7500000 mean_abs=0.0575258
qwen35 debug hidden layer-000 position 35: min=-0.2617188 max=15.6875000 mean_abs=0.0405904
qwen35 debug hidden layer-003 position 7: min=-2.6562500 max=32.0000000 mean_abs=0.0995327
qwen35 debug hidden layer-003 position 35: min=-1.4375000 max=24.7500000 mean_abs=0.0739413
qwen35 debug hidden layer-031 position 7: min=-17.3750000 max=68.5000000 mean_abs=0.4924363
qwen35 debug hidden layer-031 position 35: min=-13.2500000 max=61.7500000 mean_abs=0.5891870
qwen35 debug hidden layer-032 position 7: min=-17.6250000 max=62.0000000 mean_abs=0.4852604
qwen35 debug hidden layer-032 position 35: min=-13.1250000 max=56.5000000 mean_abs=0.5794882
qwen35 debug hidden layer-060 position 7: min=-38.7500000 max=144.0000000 mean_abs=2.5346056
qwen35 debug hidden layer-060 position 35: min=-29.5000000 max=137.0000000 mean_abs=2.4070668
qwen35 debug hidden layer-063 position 7: min=-91.0000000 max=81.0000000 mean_abs=3.5498026
qwen35 debug hidden layer-063 position 35: min=-67.5000000 max=105.5000000 mean_abs=4.0146792
qwen35 debug hidden embedding position 83: min=-0.0649414 max=0.0510254 mean_abs=0.0121268
qwen35 debug hidden layer-000 position 83: min=-0.4492188 max=20.3750000 mean_abs=0.0559196
qwen35 debug hidden layer-003 position 83: min=-2.1406250 max=28.7500000 mean_abs=0.1091673
qwen35 debug hidden layer-031 position 83: min=-12.7500000 max=72.5000000 mean_abs=0.6426863
qwen35 debug hidden layer-032 position 83: min=-12.3125000 max=67.0000000 mean_abs=0.6239845
qwen35 debug hidden layer-060 position 83: min=-25.8750000 max=35.2500000 mean_abs=2.4286345
qwen35 debug hidden layer-063 position 83: min=-53.5000000 max=78.5000000 mean_abs=3.6181339
qwen35 debug logits position 0: top1=2456 top2=40 v1=20.000000 v2=16.625000 margin=3.375000
qwen35 debug logits position 1025: top1=55 top2=48 v1=24.625000 v2=13.875000 margin=10.750000
qwen35 debug logits position 1026: top1=35205 top2=69046 v1=28.500000 v2=18.125000 margin=10.375000
qwen35 debug logits position 1027: top1=27325 top2=12 v1=23.250000 v2=14.062500 margin=9.187500
qwen35 debug logits position 1028: top1=54 top2=48 v1=22.375000 v2=13.875000 margin=8.500000
qwen35 debug logits position 1029: top1=923 top2=12 v1=23.500000 v2=13.812500 margin=9.687500
qwen35 debug logits position 1030: top1=18 top2=12 v1=22.625000 v2=12.875000 margin=9.750000
qwen35 debug logits position 1031: top1=23 top2=12 v1=23.125000 v2=13.562500 margin=9.562500
qwen35 debug logits position 1032: top1=12 top2=19 v1=20.625000 v2=11.875000 margin=8.750000
qwen35 debug logits position 1033: top1=19 top2=17 v1=23.375000 v2=12.750000 margin=10.625000
qwen35 debug logits position 1034: top1=15 top2=12 v1=21.375000 v2=9.875000 margin=11.500000
qwen35 debug logits position 1035: top1=24 top2=19 v1=21.500000 v2=10.812500 margin=10.687500
qwen35 debug hidden embedding position 7: min=-0.2832031 max=0.3046875 mean_abs=0.0055488
qwen35 debug hidden layer-000 position 7: min=-0.3691406 max=12.0625000 mean_abs=0.0236909
qwen35 debug hidden layer-003 position 7: min=-2.7187500 max=27.1250000 mean_abs=0.0907624
qwen35 debug hidden layer-031 position 7: min=-14.6250000 max=57.7500000 mean_abs=0.5849555
qwen35 debug hidden layer-032 position 7: min=-14.6250000 max=53.2500000 mean_abs=0.5840638
qwen35 debug hidden layer-060 position 7: min=-24.3750000 max=88.5000000 mean_abs=2.8796911
qwen35 debug hidden layer-063 position 7: min=-74.0000000 max=235.0000000 mean_abs=5.3651766
qwen35 debug logits position 0: top1=2037 top2=198 v1=11.562500 v2=11.437500 margin=0.125000
qwen35 debug logits position 9: top1=9 top2=11961 v1=15.125000 v2=12.125000 margin=3.000000
qwen35 debug logits position 10: top1=10 top2=43181 v1=18.250000 v2=16.750000 margin=1.500000
qwen35 debug logits position 11: top1=4838 top2=1288 v1=19.000000 v2=15.000000 margin=4.000000
qwen35 debug logits position 12: top1=1665 top2=13 v1=20.375000 v2=17.500000 margin=2.875000
qwen35 debug logits position 13: top1=25 top2=15 v1=18.625000 v2=18.000000 margin=0.625000
qwen35 debug logits position 14: top1=33898 top2=26 v1=23.250000 v2=20.375000 margin=2.875000
qwen35 debug hidden embedding position 7: min=-0.2832031 max=0.3046875 mean_abs=0.0055488
qwen35 debug hidden layer-000 position 7: min=-0.3691406 max=12.0625000 mean_abs=0.0236909
qwen35 debug hidden layer-003 position 7: min=-2.7187500 max=27.1250000 mean_abs=0.0907624
qwen35 debug hidden layer-031 position 7: min=-14.6250000 max=57.7500000 mean_abs=0.5849555
qwen35 debug hidden layer-032 position 7: min=-14.6250000 max=53.2500000 mean_abs=0.5840638
qwen35 debug hidden layer-060 position 7: min=-24.3750000 max=88.5000000 mean_abs=2.8796911
qwen35 debug hidden layer-063 position 7: min=-74.0000000 max=235.0000000 mean_abs=5.3651766
qwen35 debug logits position 0: top1=2037 top2=198 v1=11.562500 v2=11.437500 margin=0.125000
qwen35 debug hidden embedding position 7: min=-0.0546875 max=0.0634766 mean_abs=0.0126335
qwen35 debug hidden embedding position 35: min=-0.0576172 max=0.0522461 mean_abs=0.0118315
qwen35 debug hidden layer-000 position 7: min=-0.5117188 max=16.5000000 mean_abs=0.0431779
qwen35 debug hidden layer-000 position 35: min=-0.5820312 max=19.7500000 mean_abs=0.0469485
qwen35 debug hidden layer-003 position 7: min=-3.0000000 max=31.7500000 mean_abs=0.0793459
qwen35 debug hidden layer-003 position 35: min=-1.8906250 max=30.1250000 mean_abs=0.0711057
qwen35 debug hidden layer-031 position 7: min=-21.5000000 max=71.0000000 mean_abs=0.6871067
qwen35 debug hidden layer-031 position 35: min=-14.2500000 max=73.0000000 mean_abs=0.6132768
qwen35 debug hidden layer-032 position 7: min=-21.2500000 max=70.5000000 mean_abs=0.6866806
qwen35 debug hidden layer-032 position 35: min=-14.0000000 max=67.0000000 mean_abs=0.6425401
qwen35 debug hidden layer-060 position 7: min=-38.7500000 max=184.0000000 mean_abs=2.3000515
qwen35 debug hidden layer-060 position 35: min=-32.2500000 max=188.0000000 mean_abs=2.3893098
qwen35 debug hidden layer-063 position 7: min=-123.0000000 max=203.0000000 mean_abs=3.9317035
qwen35 debug hidden layer-063 position 35: min=-92.0000000 max=203.0000000 mean_abs=3.6143266
qwen35 debug hidden embedding position 83: min=-0.3164062 max=0.2441406 mean_abs=0.0068631
qwen35 debug hidden layer-000 position 83: min=-0.2373047 max=13.0000000 mean_abs=0.0203701
qwen35 debug hidden layer-003 position 83: min=-1.5781250 max=20.5000000 mean_abs=0.0608145
qwen35 debug hidden layer-031 position 83: min=-13.8750000 max=66.5000000 mean_abs=0.6074917
qwen35 debug hidden layer-032 position 83: min=-13.3750000 max=67.0000000 mean_abs=0.6416845
qwen35 debug hidden layer-060 position 83: min=-17.2500000 max=172.0000000 mean_abs=2.0716314
qwen35 debug hidden layer-063 position 83: min=-57.2500000 max=136.0000000 mean_abs=3.4314179
qwen35 debug logits position 0: top1=46594 top2=76707 v1=24.125000 v2=17.875000 margin=6.250000
qwen35 debug logits position 8193: top1=12 top2=20 v1=24.375000 v2=12.187500 margin=12.187500
qwen35 debug logits position 8194: top1=20 top2=19 v1=26.250000 v2=13.187500 margin=13.062500
qwen35 debug logits position 8195: top1=17 top2=16 v1=26.500000 v2=11.875000 margin=14.625000
qwen35 debug logits position 8196: top1=16 top2=248046 v1=25.875000 v2=12.125000 margin=13.750000
qwen35 debug logits position 8197: top1=17 top2=248046 v1=25.625000 v2=13.000000 margin=12.625000
qwen35 debug logits position 8198: top1=19 top2=248046 v1=27.000000 v2=13.500000 margin=13.500000
qwen35 debug hidden embedding position 7: min=-0.2832031 max=0.3046875 mean_abs=0.0055488
qwen35 debug hidden layer-000 position 7: min=-0.3691406 max=12.0625000 mean_abs=0.0236909
qwen35 debug hidden layer-003 position 7: min=-2.7187500 max=27.1250000 mean_abs=0.0907624
qwen35 debug hidden layer-031 position 7: min=-14.6250000 max=57.7500000 mean_abs=0.5849555
qwen35 debug hidden layer-032 position 7: min=-14.6250000 max=53.2500000 mean_abs=0.5840638
qwen35 debug hidden layer-060 position 7: min=-24.3750000 max=88.5000000 mean_abs=2.8796911
qwen35 debug hidden layer-063 position 7: min=-74.0000000 max=235.0000000 mean_abs=5.3651766
qwen35 debug logits position 0: top1=2037 top2=198 v1=11.562500 v2=11.437500 margin=0.125000
qwen35 debug logits position 9: top1=9 top2=11961 v1=15.125000 v2=12.125000 margin=3.000000
qwen35 debug logits position 10: top1=10 top2=43181 v1=18.250000 v2=16.750000 margin=1.500000
qwen35 debug logits position 11: top1=4838 top2=1288 v1=19.000000 v2=15.000000 margin=4.000000
qwen35 debug logits position 12: top1=1665 top2=13 v1=20.375000 v2=17.500000 margin=2.875000
qwen35 debug logits position 13: top1=25 top2=15 v1=18.625000 v2=18.000000 margin=0.625000
qwen35 debug logits position 14: top1=33898 top2=26 v1=23.250000 v2=20.375000 margin=2.875000
qwen35 debug hidden embedding position 7: min=-0.0546875 max=0.0634766 mean_abs=0.0126335
qwen35 debug hidden embedding position 35: min=-0.0576172 max=0.0522461 mean_abs=0.0118315
qwen35 debug hidden layer-000 position 7: min=-0.5117188 max=16.5000000 mean_abs=0.0431779
qwen35 debug hidden layer-000 position 35: min=-0.5820312 max=19.7500000 mean_abs=0.0469485
qwen35 debug hidden layer-003 position 7: min=-3.0000000 max=31.7500000 mean_abs=0.0793459
qwen35 debug hidden layer-003 position 35: min=-1.8906250 max=30.1250000 mean_abs=0.0711057
qwen35 debug hidden layer-031 position 7: min=-21.5000000 max=71.0000000 mean_abs=0.6871067
qwen35 debug hidden layer-031 position 35: min=-14.2500000 max=73.0000000 mean_abs=0.6132768
qwen35 debug hidden layer-032 position 7: min=-21.2500000 max=70.5000000 mean_abs=0.6866806
qwen35 debug hidden layer-032 position 35: min=-14.0000000 max=67.0000000 mean_abs=0.6425401
qwen35 debug hidden layer-060 position 7: min=-38.7500000 max=184.0000000 mean_abs=2.3000515
qwen35 debug hidden layer-060 position 35: min=-32.2500000 max=188.0000000 mean_abs=2.3893098
qwen35 debug hidden layer-063 position 7: min=-123.0000000 max=203.0000000 mean_abs=3.9317035
qwen35 debug hidden layer-063 position 35: min=-92.0000000 max=203.0000000 mean_abs=3.6143266
qwen35 debug hidden embedding position 83: min=-0.3164062 max=0.2441406 mean_abs=0.0068631
qwen35 debug hidden layer-000 position 83: min=-0.2373047 max=13.0000000 mean_abs=0.0203701
qwen35 debug hidden layer-003 position 83: min=-1.5781250 max=20.5000000 mean_abs=0.0608145
qwen35 debug hidden layer-031 position 83: min=-13.8750000 max=66.5000000 mean_abs=0.6074917
qwen35 debug hidden layer-032 position 83: min=-13.3750000 max=67.0000000 mean_abs=0.6416845
qwen35 debug hidden layer-060 position 83: min=-17.2500000 max=172.0000000 mean_abs=2.0716314
qwen35 debug hidden layer-063 position 83: min=-57.2500000 max=136.0000000 mean_abs=3.4314179
qwen35 debug logits position 0: top1=46594 top2=76707 v1=24.125000 v2=17.875000 margin=6.250000
qwen35 debug logits position 8193: top1=12 top2=20 v1=24.375000 v2=12.187500 margin=12.187500
qwen35 debug logits position 8194: top1=20 top2=19 v1=26.250000 v2=13.187500 margin=13.062500
qwen35 debug logits position 8195: top1=17 top2=16 v1=26.500000 v2=11.875000 margin=14.625000
qwen35 debug logits position 8196: top1=16 top2=248046 v1=25.875000 v2=12.125000 margin=13.750000
qwen35 debug hidden embedding position 7: min=-0.2832031 max=0.3046875 mean_abs=0.0055488
qwen35 debug hidden layer-000 position 7: min=-0.3691406 max=12.0625000 mean_abs=0.0236909
qwen35 debug hidden layer-003 position 7: min=-2.7187500 max=27.1250000 mean_abs=0.0907624
qwen35 debug hidden layer-031 position 7: min=-14.6250000 max=57.7500000 mean_abs=0.5849555
qwen35 debug hidden layer-032 position 7: min=-14.6250000 max=53.2500000 mean_abs=0.5840638
qwen35 debug hidden layer-060 position 7: min=-24.3750000 max=88.5000000 mean_abs=2.8796911
qwen35 debug hidden layer-063 position 7: min=-74.0000000 max=235.0000000 mean_abs=5.3651766
qwen35 debug logits position 0: top1=2037 top2=198 v1=11.562500 v2=11.437500 margin=0.125000
qwen35 debug logits position 9: top1=9 top2=11961 v1=15.125000 v2=12.125000 margin=3.000000
qwen35 debug logits position 10: top1=10 top2=43181 v1=18.250000 v2=16.750000 margin=1.500000
qwen35 debug logits position 11: top1=4838 top2=1288 v1=19.000000 v2=15.000000 margin=4.000000
qwen35 debug logits position 12: top1=1665 top2=13 v1=20.375000 v2=17.500000 margin=2.875000
qwen35 debug logits position 13: top1=25 top2=15 v1=18.625000 v2=18.000000 margin=0.625000
qwen35 debug logits position 14: top1=33898 top2=26 v1=23.250000 v2=20.375000 margin=2.875000
qwen35 debug hidden embedding position 7: min=-0.2832031 max=0.3046875 mean_abs=0.0055488
qwen35 debug hidden layer-000 position 7: min=-0.3691406 max=12.0625000 mean_abs=0.0236909
qwen35 debug hidden layer-003 position 7: min=-2.7187500 max=27.1250000 mean_abs=0.0907624
qwen35 debug hidden layer-031 position 7: min=-14.6250000 max=57.7500000 mean_abs=0.5849555
qwen35 debug hidden layer-032 position 7: min=-14.6250000 max=53.2500000 mean_abs=0.5840638
qwen35 debug hidden layer-060 position 7: min=-24.3750000 max=88.5000000 mean_abs=2.8796911
qwen35 debug hidden layer-063 position 7: min=-74.0000000 max=235.0000000 mean_abs=5.3651766
qwen35 debug logits position 0: top1=2037 top2=198 v1=11.562500 v2=11.437500 margin=0.125000
qwen35 debug logits position 9: top1=9 top2=11961 v1=15.125000 v2=12.125000 margin=3.000000
qwen35 debug logits position 10: top1=10 top2=43181 v1=18.250000 v2=16.750000 margin=1.500000
qwen35 debug logits position 11: top1=4838 top2=1288 v1=19.000000 v2=15.000000 margin=4.000000
qwen35 debug logits position 12: top1=1665 top2=13 v1=20.375000 v2=17.500000 margin=2.875000
qwen35 debug logits position 13: top1=25 top2=15 v1=18.625000 v2=18.000000 margin=0.625000
qwen35 debug hidden embedding position 7: min=-0.2832031 max=0.3046875 mean_abs=0.0055488
qwen35 debug hidden layer-000 position 7: min=-0.3691406 max=12.0625000 mean_abs=0.0236909
qwen35 debug hidden layer-003 position 7: min=-2.7187500 max=27.1250000 mean_abs=0.0907624
qwen35 debug hidden layer-031 position 7: min=-14.6250000 max=57.7500000 mean_abs=0.5849555
qwen35 debug hidden layer-032 position 7: min=-14.6250000 max=53.2500000 mean_abs=0.5840638
qwen35 debug hidden layer-060 position 7: min=-24.3750000 max=88.5000000 mean_abs=2.8796911
qwen35 debug hidden layer-063 position 7: min=-74.0000000 max=235.0000000 mean_abs=5.3651766
qwen35 debug logits position 0: top1=2037 top2=198 v1=11.562500 v2=11.437500 margin=0.125000
qwen35 debug logits position 9: top1=9 top2=11961 v1=15.125000 v2=12.125000 margin=3.000000
qwen35 debug logits position 10: top1=10 top2=43181 v1=18.250000 v2=16.750000 margin=1.500000
qwen35 debug hidden embedding position 7: min=-0.0563965 max=0.0583496 mean_abs=0.0125982
qwen35 debug hidden embedding position 35: min=-0.0673828 max=0.0825195 mean_abs=0.0123046
qwen35 debug hidden layer-000 position 7: min=-0.5507812 max=16.7500000 mean_abs=0.0575258
qwen35 debug hidden layer-000 position 35: min=-0.2617188 max=15.6875000 mean_abs=0.0405904
qwen35 debug hidden layer-003 position 7: min=-2.6562500 max=32.0000000 mean_abs=0.0995327
qwen35 debug hidden layer-003 position 35: min=-1.4375000 max=24.7500000 mean_abs=0.0739413
qwen35 debug hidden layer-031 position 7: min=-17.3750000 max=68.5000000 mean_abs=0.4924363
qwen35 debug hidden layer-031 position 35: min=-13.2500000 max=61.7500000 mean_abs=0.5891870
qwen35 debug hidden layer-032 position 7: min=-17.6250000 max=62.0000000 mean_abs=0.4852604
qwen35 debug hidden layer-032 position 35: min=-13.1250000 max=56.5000000 mean_abs=0.5794882
qwen35 debug hidden layer-060 position 7: min=-38.7500000 max=144.0000000 mean_abs=2.5346056
qwen35 debug hidden layer-060 position 35: min=-29.5000000 max=137.0000000 mean_abs=2.4070668
qwen35 debug hidden layer-063 position 7: min=-91.0000000 max=81.0000000 mean_abs=3.5498026
qwen35 debug hidden layer-063 position 35: min=-67.5000000 max=105.5000000 mean_abs=4.0146792
qwen35 debug hidden embedding position 83: min=-0.0649414 max=0.0510254 mean_abs=0.0121268
qwen35 debug hidden layer-000 position 83: min=-0.4492188 max=20.3750000 mean_abs=0.0559196
qwen35 debug hidden layer-003 position 83: min=-2.1406250 max=28.7500000 mean_abs=0.1091673
qwen35 debug hidden layer-031 position 83: min=-12.7500000 max=72.5000000 mean_abs=0.6426863
qwen35 debug hidden layer-032 position 83: min=-12.3125000 max=67.0000000 mean_abs=0.6239845
qwen35 debug hidden layer-060 position 83: min=-25.8750000 max=35.2500000 mean_abs=2.4286345
qwen35 debug hidden layer-063 position 83: min=-53.5000000 max=78.5000000 mean_abs=3.6181339
qwen35 debug logits position 0: top1=2456 top2=40 v1=20.000000 v2=16.625000 margin=3.375000
qwen35 debug logits position 1025: top1=55 top2=48 v1=24.625000 v2=13.875000 margin=10.750000
qwen35 debug logits position 1026: top1=35205 top2=69046 v1=28.500000 v2=18.125000 margin=10.375000
qwen35 debug logits position 1027: top1=27325 top2=12 v1=23.250000 v2=14.062500 margin=9.187500
qwen35 debug logits position 1028: top1=54 top2=48 v1=22.375000 v2=13.875000 margin=8.500000
qwen35 debug logits position 1029: top1=923 top2=12 v1=23.500000 v2=13.812500 margin=9.687500
qwen35 debug logits position 1030: top1=18 top2=12 v1=22.625000 v2=12.875000 margin=9.750000
qwen35 debug logits position 1031: top1=23 top2=12 v1=23.125000 v2=13.562500 margin=9.562500
qwen35 debug logits position 1032: top1=12 top2=19 v1=20.625000 v2=11.875000 margin=8.750000
qwen35 debug logits position 1033: top1=19 top2=17 v1=23.375000 v2=12.750000 margin=10.625000
qwen35 debug hidden embedding position 7: min=-0.0563965 max=0.0583496 mean_abs=0.0125982
qwen35 debug hidden embedding position 35: min=-0.0673828 max=0.0825195 mean_abs=0.0123046
qwen35 debug hidden layer-000 position 7: min=-0.5507812 max=16.7500000 mean_abs=0.0575258
qwen35 debug hidden layer-000 position 35: min=-0.2617188 max=15.6875000 mean_abs=0.0405904
qwen35 debug hidden layer-003 position 7: min=-2.6562500 max=32.0000000 mean_abs=0.0995327
qwen35 debug hidden layer-003 position 35: min=-1.4375000 max=24.7500000 mean_abs=0.0739413
qwen35 debug hidden layer-031 position 7: min=-17.3750000 max=68.5000000 mean_abs=0.4924363
qwen35 debug hidden layer-031 position 35: min=-13.2500000 max=61.7500000 mean_abs=0.5891870
qwen35 debug hidden layer-032 position 7: min=-17.6250000 max=62.0000000 mean_abs=0.4852604
qwen35 debug hidden layer-032 position 35: min=-13.1250000 max=56.5000000 mean_abs=0.5794882
qwen35 debug hidden layer-060 position 7: min=-38.7500000 max=144.0000000 mean_abs=2.5346056
qwen35 debug hidden layer-060 position 35: min=-29.5000000 max=137.0000000 mean_abs=2.4070668
qwen35 debug hidden layer-063 position 7: min=-91.0000000 max=81.0000000 mean_abs=3.5498026
qwen35 debug hidden layer-063 position 35: min=-67.5000000 max=105.5000000 mean_abs=4.0146792
qwen35 debug hidden embedding position 83: min=-0.0649414 max=0.0510254 mean_abs=0.0121268
qwen35 debug hidden layer-000 position 83: min=-0.4492188 max=20.3750000 mean_abs=0.0559196
qwen35 debug hidden layer-003 position 83: min=-2.1406250 max=28.7500000 mean_abs=0.1091673
qwen35 debug hidden layer-031 position 83: min=-12.7500000 max=72.5000000 mean_abs=0.6426863
qwen35 debug hidden layer-032 position 83: min=-12.3125000 max=67.0000000 mean_abs=0.6239845
qwen35 debug hidden layer-060 position 83: min=-25.8750000 max=35.2500000 mean_abs=2.4286345
qwen35 debug hidden layer-063 position 83: min=-53.5000000 max=78.5000000 mean_abs=3.6181339
qwen35 debug logits position 0: top1=2456 top2=40 v1=20.000000 v2=16.625000 margin=3.375000
qwen35 debug logits position 1025: top1=55 top2=48 v1=24.625000 v2=13.875000 margin=10.750000
qwen35 debug logits position 1026: top1=35205 top2=69046 v1=28.500000 v2=18.125000 margin=10.375000
qwen35 debug logits position 1027: top1=27325 top2=12 v1=23.250000 v2=14.062500 margin=9.187500
qwen35 debug logits position 1028: top1=54 top2=48 v1=22.375000 v2=13.875000 margin=8.500000
qwen35 debug logits position 1029: top1=923 top2=12 v1=23.500000 v2=13.812500 margin=9.687500
qwen35 debug logits position 1030: top1=18 top2=12 v1=22.625000 v2=12.875000 margin=9.750000
qwen35 debug logits position 1031: top1=23 top2=12 v1=23.125000 v2=13.562500 margin=9.562500
qwen35 debug logits position 1032: top1=12 top2=19 v1=20.625000 v2=11.875000 margin=8.750000
qwen35 debug logits position 1033: top1=19 top2=17 v1=23.375000 v2=12.750000 margin=10.625000
qwen35 debug hidden embedding position 7: min=-0.2832031 max=0.3046875 mean_abs=0.0055488
qwen35 debug hidden layer-000 position 7: min=-0.3691406 max=12.0625000 mean_abs=0.0236909
qwen35 debug hidden layer-003 position 7: min=-2.7187500 max=27.1250000 mean_abs=0.0907624
qwen35 debug hidden layer-031 position 7: min=-14.6250000 max=57.7500000 mean_abs=0.5849555
qwen35 debug hidden layer-032 position 7: min=-14.6250000 max=53.2500000 mean_abs=0.5840638
qwen35 debug hidden layer-060 position 7: min=-24.3750000 max=88.5000000 mean_abs=2.8796911
qwen35 debug hidden layer-063 position 7: min=-74.0000000 max=235.0000000 mean_abs=5.3651766
qwen35 debug logits position 0: top1=2037 top2=198 v1=11.562500 v2=11.437500 margin=0.125000
qwen35 debug hidden embedding position 7: min=-0.0563965 max=0.0583496 mean_abs=0.0125982
qwen35 debug hidden embedding position 35: min=-0.0673828 max=0.0825195 mean_abs=0.0123046
qwen35 debug hidden layer-000 position 7: min=-0.5507812 max=16.7500000 mean_abs=0.0575258
qwen35 debug hidden layer-000 position 35: min=-0.2617188 max=15.6875000 mean_abs=0.0405904
qwen35 debug hidden layer-003 position 7: min=-2.6562500 max=32.0000000 mean_abs=0.0995327
qwen35 debug hidden layer-003 position 35: min=-1.4375000 max=24.7500000 mean_abs=0.0739413
qwen35 debug hidden layer-031 position 7: min=-17.3750000 max=68.5000000 mean_abs=0.4924363
qwen35 debug hidden layer-031 position 35: min=-13.2500000 max=61.7500000 mean_abs=0.5891870
qwen35 debug hidden layer-032 position 7: min=-17.6250000 max=62.0000000 mean_abs=0.4852604
qwen35 debug hidden layer-032 position 35: min=-13.1250000 max=56.5000000 mean_abs=0.5794882
qwen35 debug hidden layer-060 position 7: min=-38.7500000 max=144.0000000 mean_abs=2.5346056
qwen35 debug hidden layer-060 position 35: min=-29.5000000 max=137.0000000 mean_abs=2.4070668
qwen35 debug hidden layer-063 position 7: min=-91.0000000 max=81.0000000 mean_abs=3.5498026
qwen35 debug hidden layer-063 position 35: min=-67.5000000 max=105.5000000 mean_abs=4.0146792
qwen35 debug hidden embedding position 83: min=-0.0649414 max=0.0510254 mean_abs=0.0121268
qwen35 debug hidden layer-000 position 83: min=-0.4492188 max=20.3750000 mean_abs=0.0559196
qwen35 debug hidden layer-003 position 83: min=-2.1406250 max=28.7500000 mean_abs=0.1091673
qwen35 debug hidden layer-031 position 83: min=-12.7500000 max=72.5000000 mean_abs=0.6426863
qwen35 debug hidden layer-032 position 83: min=-12.3125000 max=67.0000000 mean_abs=0.6239845
qwen35 debug hidden layer-060 position 83: min=-25.8750000 max=35.2500000 mean_abs=2.4286345
qwen35 debug hidden layer-063 position 83: min=-53.5000000 max=78.5000000 mean_abs=3.6181339
qwen35 debug logits position 0: top1=2456 top2=40 v1=20.000000 v2=16.625000 margin=3.375000
qwen35 debug logits position 1025: top1=55 top2=48 v1=24.625000 v2=13.875000 margin=10.750000
qwen35 debug logits position 1026: top1=35205 top2=69046 v1=28.500000 v2=18.125000 margin=10.375000
qwen35 debug logits position 1027: top1=27325 top2=12 v1=23.250000 v2=14.062500 margin=9.187500
qwen35 debug hidden embedding position 7: min=-0.2832031 max=0.3046875 mean_abs=0.0055488
qwen35 debug hidden layer-000 position 7: min=-0.3691406 max=12.0625000 mean_abs=0.0236909
qwen35 debug hidden layer-003 position 7: min=-2.7187500 max=27.1250000 mean_abs=0.0907624
qwen35 debug hidden layer-031 position 7: min=-14.6250000 max=57.7500000 mean_abs=0.5849555
qwen35 debug hidden layer-032 position 7: min=-14.6250000 max=53.2500000 mean_abs=0.5840638
qwen35 debug hidden layer-060 position 7: min=-24.3750000 max=88.5000000 mean_abs=2.8796911
qwen35 debug hidden layer-063 position 7: min=-74.0000000 max=235.0000000 mean_abs=5.3651766
qwen35 debug logits position 0: top1=2037 top2=198 v1=11.562500 v2=11.437500 margin=0.125000
qwen35 debug logits position 9: top1=9 top2=11961 v1=15.125000 v2=12.125000 margin=3.000000
qwen35 debug logits position 10: top1=10 top2=43181 v1=18.250000 v2=16.750000 margin=1.500000
qwen35 debug logits position 11: top1=4838 top2=1288 v1=19.000000 v2=15.000000 margin=4.000000
qwen35 debug logits position 12: top1=1665 top2=13 v1=20.375000 v2=17.500000 margin=2.875000
qwen35 debug logits position 13: top1=25 top2=15 v1=18.625000 v2=18.000000 margin=0.625000
qwen35 debug logits position 14: top1=33898 top2=26 v1=23.250000 v2=20.375000 margin=2.875000
qwen35 debug hidden embedding position 7: min=-0.2832031 max=0.3046875 mean_abs=0.0055488
qwen35 debug hidden layer-000 position 7: min=-0.3691406 max=12.0625000 mean_abs=0.0236909
qwen35 debug hidden layer-003 position 7: min=-2.7187500 max=27.1250000 mean_abs=0.0907624
qwen35 debug hidden layer-031 position 7: min=-14.6250000 max=57.7500000 mean_abs=0.5849555
qwen35 debug hidden layer-032 position 7: min=-14.6250000 max=53.2500000 mean_abs=0.5840638
qwen35 debug hidden layer-060 position 7: min=-24.3750000 max=88.5000000 mean_abs=2.8796911
qwen35 debug hidden layer-063 position 7: min=-74.0000000 max=235.0000000 mean_abs=5.3651766
qwen35 debug logits position 0: top1=2037 top2=198 v1=11.562500 v2=11.437500 margin=0.125000
qwen35 debug logits position 9: top1=9 top2=11961 v1=15.125000 v2=12.125000 margin=3.000000
qwen35 debug logits position 10: top1=10 top2=43181 v1=18.250000 v2=16.750000 margin=1.500000
qwen35 debug logits position 11: top1=4838 top2=1288 v1=19.000000 v2=15.000000 margin=4.000000
qwen35 debug hidden embedding position 7: min=-0.0546875 max=0.0634766 mean_abs=0.0126335
qwen35 debug hidden embedding position 35: min=-0.0576172 max=0.0522461 mean_abs=0.0118315
qwen35 debug hidden layer-000 position 7: min=-0.5117188 max=16.5000000 mean_abs=0.0431779
qwen35 debug hidden layer-000 position 35: min=-0.5820312 max=19.7500000 mean_abs=0.0469485
qwen35 debug hidden layer-003 position 7: min=-3.0000000 max=31.7500000 mean_abs=0.0793459
qwen35 debug hidden layer-003 position 35: min=-1.8906250 max=30.1250000 mean_abs=0.0711057
qwen35 debug hidden layer-031 position 7: min=-21.5000000 max=71.0000000 mean_abs=0.6871067
qwen35 debug hidden layer-031 position 35: min=-14.2500000 max=73.0000000 mean_abs=0.6132768
qwen35 debug hidden layer-032 position 7: min=-21.2500000 max=70.5000000 mean_abs=0.6866806
qwen35 debug hidden layer-032 position 35: min=-14.0000000 max=67.0000000 mean_abs=0.6425401
qwen35 debug hidden layer-060 position 7: min=-38.7500000 max=184.0000000 mean_abs=2.3000515
qwen35 debug hidden layer-060 position 35: min=-32.2500000 max=188.0000000 mean_abs=2.3893098
qwen35 debug hidden layer-063 position 7: min=-123.0000000 max=203.0000000 mean_abs=3.9317035
qwen35 debug hidden layer-063 position 35: min=-92.0000000 max=203.0000000 mean_abs=3.6143266
qwen35 debug hidden embedding position 83: min=-0.3164062 max=0.2441406 mean_abs=0.0068631
qwen35 debug hidden layer-000 position 83: min=-0.2373047 max=13.0000000 mean_abs=0.0203701
qwen35 debug hidden layer-003 position 83: min=-1.5781250 max=20.5000000 mean_abs=0.0608145
qwen35 debug hidden layer-031 position 83: min=-13.8750000 max=66.5000000 mean_abs=0.6074917
qwen35 debug hidden layer-032 position 83: min=-13.3750000 max=67.0000000 mean_abs=0.6416845
qwen35 debug hidden layer-060 position 83: min=-17.2500000 max=172.0000000 mean_abs=2.0716314
qwen35 debug hidden layer-063 position 83: min=-57.2500000 max=136.0000000 mean_abs=3.4314179
qwen35 debug logits position 0: top1=46594 top2=76707 v1=24.125000 v2=17.875000 margin=6.250000
qwen35 debug logits position 8193: top1=12 top2=20 v1=24.375000 v2=12.187500 margin=12.187500
qwen35 debug logits position 8194: top1=20 top2=19 v1=26.250000 v2=13.187500 margin=13.062500
qwen35 debug logits position 8195: top1=17 top2=16 v1=26.500000 v2=11.875000 margin=14.625000
qwen35 debug logits position 8196: top1=16 top2=248046 v1=25.875000 v2=12.125000 margin=13.750000
qwen35 debug logits position 8197: top1=17 top2=248046 v1=25.625000 v2=13.000000 margin=12.625000
qwen35 debug hidden embedding position 7: min=-0.2832031 max=0.3046875 mean_abs=0.0055488
qwen35 debug hidden layer-000 position 7: min=-0.3691406 max=12.0625000 mean_abs=0.0236909
qwen35 debug hidden layer-003 position 7: min=-2.7187500 max=27.1250000 mean_abs=0.0907624
qwen35 debug hidden layer-031 position 7: min=-14.6250000 max=57.7500000 mean_abs=0.5849555
qwen35 debug hidden layer-032 position 7: min=-14.6250000 max=53.2500000 mean_abs=0.5840638
qwen35 debug hidden layer-060 position 7: min=-24.3750000 max=88.5000000 mean_abs=2.8796911
qwen35 debug hidden layer-063 position 7: min=-74.0000000 max=235.0000000 mean_abs=5.3651766
qwen35 debug logits position 0: top1=2037 top2=198 v1=11.562500 v2=11.437500 margin=0.125000
qwen35 debug logits position 9: top1=9 top2=11961 v1=15.125000 v2=12.125000 margin=3.000000
qwen35 debug logits position 10: top1=10 top2=43181 v1=18.250000 v2=16.750000 margin=1.500000
qwen35 debug hidden embedding position 7: min=-0.2832031 max=0.3046875 mean_abs=0.0055488
qwen35 debug hidden layer-000 position 7: min=-0.3691406 max=12.0625000 mean_abs=0.0236909
qwen35 debug hidden layer-003 position 7: min=-2.7187500 max=27.1250000 mean_abs=0.0907624
qwen35 debug hidden layer-031 position 7: min=-14.6250000 max=57.7500000 mean_abs=0.5849555
qwen35 debug hidden layer-032 position 7: min=-14.6250000 max=53.2500000 mean_abs=0.5840638
qwen35 debug hidden layer-060 position 7: min=-24.3750000 max=88.5000000 mean_abs=2.8796911
qwen35 debug hidden layer-063 position 7: min=-74.0000000 max=235.0000000 mean_abs=5.3651766
qwen35 debug logits position 0: top1=2037 top2=198 v1=11.562500 v2=11.437500 margin=0.125000
qwen35 debug logits position 9: top1=9 top2=11961 v1=15.125000 v2=12.125000 margin=3.000000
qwen35 debug logits position 10: top1=10 top2=43181 v1=18.250000 v2=16.750000 margin=1.500000
qwen35 debug logits position 11: top1=4838 top2=1288 v1=19.000000 v2=15.000000 margin=4.000000
qwen35 debug hidden embedding position 7: min=-0.0546875 max=0.0634766 mean_abs=0.0126335
qwen35 debug hidden embedding position 35: min=-0.0576172 max=0.0522461 mean_abs=0.0118315
qwen35 debug hidden layer-000 position 7: min=-0.5117188 max=16.5000000 mean_abs=0.0431779
qwen35 debug hidden layer-000 position 35: min=-0.5820312 max=19.7500000 mean_abs=0.0469485
qwen35 debug hidden layer-003 position 7: min=-3.0000000 max=31.7500000 mean_abs=0.0793459
qwen35 debug hidden layer-003 position 35: min=-1.8906250 max=30.1250000 mean_abs=0.0711057
qwen35 debug hidden layer-031 position 7: min=-21.5000000 max=71.0000000 mean_abs=0.6871067
qwen35 debug hidden layer-031 position 35: min=-14.2500000 max=73.0000000 mean_abs=0.6132768
qwen35 debug hidden layer-032 position 7: min=-21.2500000 max=70.5000000 mean_abs=0.6866806
qwen35 debug hidden layer-032 position 35: min=-14.0000000 max=67.0000000 mean_abs=0.6425401
qwen35 debug hidden layer-060 position 7: min=-38.7500000 max=184.0000000 mean_abs=2.3000515
qwen35 debug hidden layer-060 position 35: min=-32.2500000 max=188.0000000 mean_abs=2.3893098
qwen35 debug hidden layer-063 position 7: min=-123.0000000 max=203.0000000 mean_abs=3.9317035
qwen35 debug hidden layer-063 position 35: min=-92.0000000 max=203.0000000 mean_abs=3.6143266
qwen35 debug hidden embedding position 83: min=-0.3164062 max=0.2441406 mean_abs=0.0068631
qwen35 debug hidden layer-000 position 83: min=-0.2373047 max=13.0000000 mean_abs=0.0203701
qwen35 debug hidden layer-003 position 83: min=-1.5781250 max=20.5000000 mean_abs=0.0608145
qwen35 debug hidden layer-031 position 83: min=-13.8750000 max=66.5000000 mean_abs=0.6074917
qwen35 debug hidden layer-032 position 83: min=-13.3750000 max=67.0000000 mean_abs=0.6416845
qwen35 debug hidden layer-060 position 83: min=-17.2500000 max=172.0000000 mean_abs=2.0716314
qwen35 debug hidden layer-063 position 83: min=-57.2500000 max=136.0000000 mean_abs=3.4314179
qwen35 debug logits position 0: top1=46594 top2=76707 v1=24.125000 v2=17.875000 margin=6.250000
qwen35 debug logits position 8193: top1=12 top2=20 v1=24.375000 v2=12.187500 margin=12.187500
qwen35 debug logits position 8194: top1=20 top2=19 v1=26.250000 v2=13.187500 margin=13.062500
qwen35 debug logits position 8195: top1=17 top2=16 v1=26.500000 v2=11.875000 margin=14.625000
qwen35 debug logits position 8196: top1=16 top2=248046 v1=25.875000 v2=12.125000 margin=13.750000
qwen35 debug logits position 8197: top1=17 top2=248046 v1=25.625000 v2=13.000000 margin=12.625000
qwen35 debug logits position 8198: top1=19 top2=248046 v1=27.000000 v2=13.500000 margin=13.500000
qwen35 debug hidden embedding position 7: min=-0.2832031 max=0.3046875 mean_abs=0.0055488
qwen35 debug hidden layer-000 position 7: min=-0.3691406 max=12.0625000 mean_abs=0.0236909
qwen35 debug hidden layer-003 position 7: min=-2.7187500 max=27.1250000 mean_abs=0.0907624
qwen35 debug hidden layer-031 position 7: min=-14.6250000 max=57.7500000 mean_abs=0.5849555
qwen35 debug hidden layer-032 position 7: min=-14.6250000 max=53.2500000 mean_abs=0.5840638
qwen35 debug hidden layer-060 position 7: min=-24.3750000 max=88.5000000 mean_abs=2.8796911
qwen35 debug hidden layer-063 position 7: min=-74.0000000 max=235.0000000 mean_abs=5.3651766
qwen35 debug logits position 0: top1=2037 top2=198 v1=11.562500 v2=11.437500 margin=0.125000
qwen35 debug logits position 9: top1=9 top2=11961 v1=15.125000 v2=12.125000 margin=3.000000
qwen35 debug hidden embedding position 7: min=-0.0563965 max=0.0583496 mean_abs=0.0125982
qwen35 debug hidden embedding position 35: min=-0.0673828 max=0.0825195 mean_abs=0.0123046
qwen35 debug hidden layer-000 position 7: min=-0.5507812 max=16.7500000 mean_abs=0.0575258
qwen35 debug hidden layer-000 position 35: min=-0.2617188 max=15.6875000 mean_abs=0.0405904
qwen35 debug hidden layer-003 position 7: min=-2.6562500 max=32.0000000 mean_abs=0.0995327
qwen35 debug hidden layer-003 position 35: min=-1.4375000 max=24.7500000 mean_abs=0.0739413
qwen35 debug hidden layer-031 position 7: min=-17.3750000 max=68.5000000 mean_abs=0.4924363
qwen35 debug hidden layer-031 position 35: min=-13.2500000 max=61.7500000 mean_abs=0.5891870
qwen35 debug hidden layer-032 position 7: min=-17.6250000 max=62.0000000 mean_abs=0.4852604
qwen35 debug hidden layer-032 position 35: min=-13.1250000 max=56.5000000 mean_abs=0.5794882
qwen35 debug hidden layer-060 position 7: min=-38.7500000 max=144.0000000 mean_abs=2.5346056
qwen35 debug hidden layer-060 position 35: min=-29.5000000 max=137.0000000 mean_abs=2.4070668
qwen35 debug hidden layer-063 position 7: min=-91.0000000 max=81.0000000 mean_abs=3.5498026
qwen35 debug hidden layer-063 position 35: min=-67.5000000 max=105.5000000 mean_abs=4.0146792
qwen35 debug hidden embedding position 83: min=-0.0649414 max=0.0510254 mean_abs=0.0121268
qwen35 debug hidden layer-000 position 83: min=-0.4492188 max=20.3750000 mean_abs=0.0559196
qwen35 debug hidden layer-003 position 83: min=-2.1406250 max=28.7500000 mean_abs=0.1091673
qwen35 debug hidden layer-031 position 83: min=-12.7500000 max=72.5000000 mean_abs=0.6426863
qwen35 debug hidden layer-032 position 83: min=-12.3125000 max=67.0000000 mean_abs=0.6239845
qwen35 debug hidden layer-060 position 83: min=-25.8750000 max=35.2500000 mean_abs=2.4286345
qwen35 debug hidden layer-063 position 83: min=-53.5000000 max=78.5000000 mean_abs=3.6181339
qwen35 debug logits position 0: top1=2456 top2=40 v1=20.000000 v2=16.625000 margin=3.375000
qwen35 debug logits position 1025: top1=55 top2=48 v1=24.625000 v2=13.875000 margin=10.750000
qwen35 debug logits position 1026: top1=35205 top2=69046 v1=28.500000 v2=18.125000 margin=10.375000
qwen35 debug logits position 1027: top1=27325 top2=12 v1=23.250000 v2=14.062500 margin=9.187500
qwen35 debug hidden embedding position 7: min=-0.2832031 max=0.3046875 mean_abs=0.0055488
qwen35 debug hidden layer-000 position 7: min=-0.3691406 max=12.0625000 mean_abs=0.0236909
qwen35 debug hidden layer-003 position 7: min=-2.7187500 max=27.1250000 mean_abs=0.0907624
qwen35 debug hidden layer-031 position 7: min=-14.6250000 max=57.7500000 mean_abs=0.5849555
qwen35 debug hidden layer-032 position 7: min=-14.6250000 max=53.2500000 mean_abs=0.5840638
qwen35 debug hidden layer-060 position 7: min=-24.3750000 max=88.5000000 mean_abs=2.8796911
qwen35 debug hidden layer-063 position 7: min=-74.0000000 max=235.0000000 mean_abs=5.3651766
qwen35 debug logits position 0: top1=2037 top2=198 v1=11.562500 v2=11.437500 margin=0.125000
qwen35 debug logits position 9: top1=9 top2=11961 v1=15.125000 v2=12.125000 margin=3.000000
qwen35 debug logits position 10: top1=10 top2=43181 v1=18.250000 v2=16.750000 margin=1.500000
qwen35 debug logits position 11: top1=4838 top2=1288 v1=19.000000 v2=15.000000 margin=4.000000
qwen35 debug logits position 12: top1=1665 top2=13 v1=20.375000 v2=17.500000 margin=2.875000
qwen35 debug logits position 13: top1=25 top2=15 v1=18.625000 v2=18.000000 margin=0.625000
qwen35 debug logits position 14: top1=33898 top2=26 v1=23.250000 v2=20.375000 margin=2.875000
qwen35 debug hidden embedding position 7: min=-0.2832031 max=0.3046875 mean_abs=0.0055488
qwen35 debug hidden layer-000 position 7: min=-0.3691406 max=12.0625000 mean_abs=0.0236909
qwen35 debug hidden layer-003 position 7: min=-2.7187500 max=27.1250000 mean_abs=0.0907624
qwen35 debug hidden layer-031 position 7: min=-14.6250000 max=57.7500000 mean_abs=0.5849555
qwen35 debug hidden layer-032 position 7: min=-14.6250000 max=53.2500000 mean_abs=0.5840638
qwen35 debug hidden layer-060 position 7: min=-24.3750000 max=88.5000000 mean_abs=2.8796911
qwen35 debug hidden layer-063 position 7: min=-74.0000000 max=235.0000000 mean_abs=5.3651766
qwen35 debug logits position 0: top1=2037 top2=198 v1=11.562500 v2=11.437500 margin=0.125000
qwen35 debug logits position 9: top1=9 top2=11961 v1=15.125000 v2=12.125000 margin=3.000000
qwen35 debug logits position 10: top1=10 top2=43181 v1=18.250000 v2=16.750000 margin=1.500000
qwen35 debug logits position 11: top1=4838 top2=1288 v1=19.000000 v2=15.000000 margin=4.000000
qwen35 debug logits position 12: top1=1665 top2=13 v1=20.375000 v2=17.500000 margin=2.875000
qwen35 debug logits position 13: top1=25 top2=15 v1=18.625000 v2=18.000000 margin=0.625000
qwen35 debug hidden embedding position 7: min=-0.2832031 max=0.3046875 mean_abs=0.0055488
qwen35 debug hidden layer-000 position 7: min=-0.3691406 max=12.0625000 mean_abs=0.0236909
qwen35 debug hidden layer-003 position 7: min=-2.7187500 max=27.1250000 mean_abs=0.0907624
qwen35 debug hidden layer-031 position 7: min=-14.6250000 max=57.7500000 mean_abs=0.5849555
qwen35 debug hidden layer-032 position 7: min=-14.6250000 max=53.2500000 mean_abs=0.5840638
qwen35 debug hidden layer-060 position 7: min=-24.3750000 max=88.5000000 mean_abs=2.8796911
qwen35 debug hidden layer-063 position 7: min=-74.0000000 max=235.0000000 mean_abs=5.3651766
qwen35 debug logits position 0: top1=2037 top2=198 v1=11.562500 v2=11.437500 margin=0.125000
qwen35 debug logits position 9: top1=9 top2=11961 v1=15.125000 v2=12.125000 margin=3.000000
qwen35 debug logits position 10: top1=10 top2=43181 v1=18.250000 v2=16.750000 margin=1.500000
qwen35 debug logits position 11: top1=4838 top2=1288 v1=19.000000 v2=15.000000 margin=4.000000
qwen35 debug logits position 12: top1=1665 top2=13 v1=20.375000 v2=17.500000 margin=2.875000
qwen35 debug logits position 13: top1=25 top2=15 v1=18.625000 v2=18.000000 margin=0.625000
qwen35 debug hidden embedding position 7: min=-0.2832031 max=0.3046875 mean_abs=0.0055488
qwen35 debug hidden layer-000 position 7: min=-0.3691406 max=12.0625000 mean_abs=0.0236909
qwen35 debug hidden layer-003 position 7: min=-2.7187500 max=27.1250000 mean_abs=0.0907624
qwen35 debug hidden layer-031 position 7: min=-14.6250000 max=57.7500000 mean_abs=0.5849555
qwen35 debug hidden layer-032 position 7: min=-14.6250000 max=53.2500000 mean_abs=0.5840638
qwen35 debug hidden layer-060 position 7: min=-24.3750000 max=88.5000000 mean_abs=2.8796911
qwen35 debug hidden layer-063 position 7: min=-74.0000000 max=235.0000000 mean_abs=5.3651766
qwen35 debug logits position 0: top1=2037 top2=198 v1=11.562500 v2=11.437500 margin=0.125000
qwen35 debug logits position 9: top1=9 top2=11961 v1=15.125000 v2=12.125000 margin=3.000000
qwen35 debug logits position 10: top1=10 top2=43181 v1=18.250000 v2=16.750000 margin=1.500000
qwen35 debug logits position 11: top1=4838 top2=1288 v1=19.000000 v2=15.000000 margin=4.000000
qwen35 debug hidden embedding position 7: min=-0.2832031 max=0.3046875 mean_abs=0.0055488
qwen35 debug hidden layer-000 position 7: min=-0.3691406 max=12.0625000 mean_abs=0.0236909
qwen35 debug hidden layer-003 position 7: min=-2.7187500 max=27.1250000 mean_abs=0.0907624
qwen35 debug hidden layer-031 position 7: min=-14.6250000 max=57.7500000 mean_abs=0.5849555
qwen35 debug hidden layer-032 position 7: min=-14.6250000 max=53.2500000 mean_abs=0.5840638
qwen35 debug hidden layer-060 position 7: min=-24.3750000 max=88.5000000 mean_abs=2.8796911
qwen35 debug hidden layer-063 position 7: min=-74.0000000 max=235.0000000 mean_abs=5.3651766
qwen35 debug logits position 0: top1=2037 top2=198 v1=11.562500 v2=11.437500 margin=0.125000
qwen35 debug logits position 9: top1=9 top2=11961 v1=15.125000 v2=12.125000 margin=3.000000
qwen35 debug logits position 10: top1=10 top2=43181 v1=18.250000 v2=16.750000 margin=1.500000
qwen35 debug logits position 11: top1=4838 top2=1288 v1=19.000000 v2=15.000000 margin=4.000000
qwen35 debug logits position 12: top1=1665 top2=13 v1=20.375000 v2=17.500000 margin=2.875000
qwen35 debug logits position 13: top1=25 top2=15 v1=18.625000 v2=18.000000 margin=0.625000
qwen35 debug logits position 14: top1=33898 top2=26 v1=23.250000 v2=20.375000 margin=2.875000
qwen35 debug hidden embedding position 7: min=-0.2832031 max=0.3046875 mean_abs=0.0055488
qwen35 debug hidden layer-000 position 7: min=-0.3691406 max=12.0625000 mean_abs=0.0236909
qwen35 debug hidden layer-003 position 7: min=-2.7187500 max=27.1250000 mean_abs=0.0907624
qwen35 debug hidden layer-031 position 7: min=-14.6250000 max=57.7500000 mean_abs=0.5849555
qwen35 debug hidden layer-032 position 7: min=-14.6250000 max=53.2500000 mean_abs=0.5840638
qwen35 debug hidden layer-060 position 7: min=-24.3750000 max=88.5000000 mean_abs=2.8796911
qwen35 debug hidden layer-063 position 7: min=-74.0000000 max=235.0000000 mean_abs=5.3651766
qwen35 debug logits position 0: top1=2037 top2=198 v1=11.562500 v2=11.437500 margin=0.125000
qwen35 debug logits position 9: top1=9 top2=11961 v1=15.125000 v2=12.125000 margin=3.000000
qwen35 debug logits position 10: top1=10 top2=43181 v1=18.250000 v2=16.750000 margin=1.500000
qwen35 debug logits position 11: top1=4838 top2=1288 v1=19.000000 v2=15.000000 margin=4.000000
qwen35 debug logits position 12: top1=1665 top2=13 v1=20.375000 v2=17.500000 margin=2.875000
qwen35 debug logits position 13: top1=25 top2=15 v1=18.625000 v2=18.000000 margin=0.625000
qwen35 debug logits position 14: top1=33898 top2=26 v1=23.250000 v2=20.375000 margin=2.875000
qwen35 debug hidden embedding position 7: min=-0.2832031 max=0.3046875 mean_abs=0.0055488
qwen35 debug hidden layer-000 position 7: min=-0.3691406 max=12.0625000 mean_abs=0.0236909
qwen35 debug hidden layer-003 position 7: min=-2.7187500 max=27.1250000 mean_abs=0.0907624
qwen35 debug hidden layer-031 position 7: min=-14.6250000 max=57.7500000 mean_abs=0.5849555
qwen35 debug hidden layer-032 position 7: min=-14.6250000 max=53.2500000 mean_abs=0.5840638
qwen35 debug hidden layer-060 position 7: min=-24.3750000 max=88.5000000 mean_abs=2.8796911
qwen35 debug hidden layer-063 position 7: min=-74.0000000 max=235.0000000 mean_abs=5.3651766
qwen35 debug logits position 0: top1=2037 top2=198 v1=11.562500 v2=11.437500 margin=0.125000
qwen35 debug logits position 9: top1=9 top2=11961 v1=15.125000 v2=12.125000 margin=3.000000
qwen35 debug logits position 10: top1=10 top2=43181 v1=18.250000 v2=16.750000 margin=1.500000
qwen35 debug logits position 11: top1=4838 top2=1288 v1=19.000000 v2=15.000000 margin=4.000000
qwen35 debug logits position 12: top1=1665 top2=13 v1=20.375000 v2=17.500000 margin=2.875000
qwen35 debug logits position 13: top1=25 top2=15 v1=18.625000 v2=18.000000 margin=0.625000
qwen35 debug logits position 14: top1=33898 top2=26 v1=23.250000 v2=20.375000 margin=2.875000
qwen35 debug logits position 15: top1=2110 top2=19279 v1=21.375000 v2=15.375000 margin=6.000000
qwen35 debug hidden embedding position 7: min=-0.2832031 max=0.3046875 mean_abs=0.0055488
qwen35 debug hidden layer-000 position 7: min=-0.3691406 max=12.0625000 mean_abs=0.0236909
qwen35 debug hidden layer-003 position 7: min=-2.7187500 max=27.1250000 mean_abs=0.0907624
qwen35 debug hidden layer-031 position 7: min=-14.6250000 max=57.7500000 mean_abs=0.5849555
qwen35 debug hidden layer-032 position 7: min=-14.6250000 max=53.2500000 mean_abs=0.5840638
qwen35 debug hidden layer-060 position 7: min=-24.3750000 max=88.5000000 mean_abs=2.8796911
qwen35 debug hidden layer-063 position 7: min=-74.0000000 max=235.0000000 mean_abs=5.3651766
qwen35 debug logits position 0: top1=2037 top2=198 v1=11.562500 v2=11.437500 margin=0.125000
qwen35 debug logits position 9: top1=9 top2=11961 v1=15.125000 v2=12.125000 margin=3.000000
qwen35 debug logits position 10: top1=10 top2=43181 v1=18.250000 v2=16.750000 margin=1.500000
qwen35 debug logits position 11: top1=4838 top2=1288 v1=19.000000 v2=15.000000 margin=4.000000
qwen35 debug logits position 12: top1=1665 top2=13 v1=20.375000 v2=17.500000 margin=2.875000
qwen35 debug logits position 13: top1=25 top2=15 v1=18.625000 v2=18.000000 margin=0.625000
qwen35 debug hidden embedding position 7: min=-0.2832031 max=0.3046875 mean_abs=0.0055488
qwen35 debug hidden layer-000 position 7: min=-0.3691406 max=12.0625000 mean_abs=0.0236909
qwen35 debug hidden layer-003 position 7: min=-2.7187500 max=27.1250000 mean_abs=0.0907624
qwen35 debug hidden layer-031 position 7: min=-14.6250000 max=57.7500000 mean_abs=0.5849555
qwen35 debug hidden layer-032 position 7: min=-14.6250000 max=53.2500000 mean_abs=0.5840638
qwen35 debug hidden layer-060 position 7: min=-24.3750000 max=88.5000000 mean_abs=2.8796911
qwen35 debug hidden layer-063 position 7: min=-74.0000000 max=235.0000000 mean_abs=5.3651766
qwen35 debug logits position 0: top1=2037 top2=198 v1=11.562500 v2=11.437500 margin=0.125000
qwen35 debug logits position 9: top1=9 top2=11961 v1=15.125000 v2=12.125000 margin=3.000000
qwen35 debug logits position 10: top1=10 top2=43181 v1=18.250000 v2=16.750000 margin=1.500000
qwen35 debug logits position 11: top1=4838 top2=1288 v1=19.000000 v2=15.000000 margin=4.000000
qwen35 debug logits position 12: top1=1665 top2=13 v1=20.375000 v2=17.500000 margin=2.875000
qwen35 debug logits position 13: top1=25 top2=15 v1=18.625000 v2=18.000000 margin=0.625000
qwen35 debug logits position 14: top1=33898 top2=26 v1=23.250000 v2=20.375000 margin=2.875000
qwen35 debug hidden embedding position 7: min=-0.2832031 max=0.3046875 mean_abs=0.0055488
qwen35 debug hidden layer-000 position 7: min=-0.3691406 max=12.0625000 mean_abs=0.0236909
qwen35 debug hidden layer-003 position 7: min=-2.7187500 max=27.1250000 mean_abs=0.0907624
qwen35 debug hidden layer-031 position 7: min=-14.6250000 max=57.7500000 mean_abs=0.5849555
qwen35 debug hidden layer-032 position 7: min=-14.6250000 max=53.2500000 mean_abs=0.5840638
qwen35 debug hidden layer-060 position 7: min=-24.3750000 max=88.5000000 mean_abs=2.8796911
qwen35 debug hidden layer-063 position 7: min=-74.0000000 max=235.0000000 mean_abs=5.3651766
qwen35 debug logits position 0: top1=2037 top2=198 v1=11.562500 v2=11.437500 margin=0.125000
qwen35 debug logits position 9: top1=9 top2=11961 v1=15.125000 v2=12.125000 margin=3.000000
qwen35 debug logits position 10: top1=10 top2=43181 v1=18.250000 v2=16.750000 margin=1.500000
qwen35 debug logits position 11: top1=4838 top2=1288 v1=19.000000 v2=15.000000 margin=4.000000
qwen35 debug logits position 12: top1=1665 top2=13 v1=20.375000 v2=17.500000 margin=2.875000
qwen35 debug hidden embedding position 7: min=-0.2832031 max=0.3046875 mean_abs=0.0055488
qwen35 debug hidden layer-000 position 7: min=-0.3691406 max=12.0625000 mean_abs=0.0236909
qwen35 debug hidden layer-003 position 7: min=-2.7187500 max=27.1250000 mean_abs=0.0907624
qwen35 debug hidden layer-031 position 7: min=-14.6250000 max=57.7500000 mean_abs=0.5849555
qwen35 debug hidden layer-032 position 7: min=-14.6250000 max=53.2500000 mean_abs=0.5840638
qwen35 debug hidden layer-060 position 7: min=-24.3750000 max=88.5000000 mean_abs=2.8796911
qwen35 debug hidden layer-063 position 7: min=-74.0000000 max=235.0000000 mean_abs=5.3651766
qwen35 debug logits position 0: top1=2037 top2=198 v1=11.562500 v2=11.437500 margin=0.125000
qwen35 debug hidden embedding position 7: min=-0.0563965 max=0.0583496 mean_abs=0.0125982
qwen35 debug hidden embedding position 35: min=-0.0673828 max=0.0825195 mean_abs=0.0123046
qwen35 debug hidden layer-000 position 7: min=-0.5507812 max=16.7500000 mean_abs=0.0575258
qwen35 debug hidden layer-000 position 35: min=-0.2617188 max=15.6875000 mean_abs=0.0405904
qwen35 debug hidden layer-003 position 7: min=-2.6562500 max=32.0000000 mean_abs=0.0995327
qwen35 debug hidden layer-003 position 35: min=-1.4375000 max=24.7500000 mean_abs=0.0739413
qwen35 debug hidden layer-031 position 7: min=-17.3750000 max=68.5000000 mean_abs=0.4924363
qwen35 debug hidden layer-031 position 35: min=-13.2500000 max=61.7500000 mean_abs=0.5891870
qwen35 debug hidden layer-032 position 7: min=-17.6250000 max=62.0000000 mean_abs=0.4852604
qwen35 debug hidden layer-032 position 35: min=-13.1250000 max=56.5000000 mean_abs=0.5794882
qwen35 debug hidden layer-060 position 7: min=-38.7500000 max=144.0000000 mean_abs=2.5346056
qwen35 debug hidden layer-060 position 35: min=-29.5000000 max=137.0000000 mean_abs=2.4070668
qwen35 debug hidden layer-063 position 7: min=-91.0000000 max=81.0000000 mean_abs=3.5498026
qwen35 debug hidden layer-063 position 35: min=-67.5000000 max=105.5000000 mean_abs=4.0146792
qwen35 debug hidden embedding position 83: min=-0.0649414 max=0.0510254 mean_abs=0.0121268
qwen35 debug hidden layer-000 position 83: min=-0.4492188 max=20.3750000 mean_abs=0.0559196
qwen35 debug hidden layer-003 position 83: min=-2.1406250 max=28.7500000 mean_abs=0.1091673
qwen35 debug hidden layer-031 position 83: min=-12.7500000 max=72.5000000 mean_abs=0.6426863
qwen35 debug hidden layer-032 position 83: min=-12.3125000 max=67.0000000 mean_abs=0.6239845
qwen35 debug hidden layer-060 position 83: min=-25.8750000 max=35.2500000 mean_abs=2.4286345
qwen35 debug hidden layer-063 position 83: min=-53.5000000 max=78.5000000 mean_abs=3.6181339
qwen35 debug logits position 0: top1=2456 top2=40 v1=20.000000 v2=16.625000 margin=3.375000
qwen35 debug logits position 1025: top1=55 top2=48 v1=24.625000 v2=13.875000 margin=10.750000
qwen35 debug logits position 1026: top1=35205 top2=69046 v1=28.500000 v2=18.125000 margin=10.375000
qwen35 debug logits position 1027: top1=27325 top2=12 v1=23.250000 v2=14.062500 margin=9.187500
qwen35 debug logits position 1028: top1=54 top2=48 v1=22.375000 v2=13.875000 margin=8.500000
qwen35 debug logits position 1029: top1=923 top2=12 v1=23.500000 v2=13.812500 margin=9.687500
qwen35 debug logits position 1030: top1=18 top2=12 v1=22.625000 v2=12.875000 margin=9.750000
qwen35 debug logits position 1031: top1=23 top2=12 v1=23.125000 v2=13.562500 margin=9.562500
qwen35 debug logits position 1032: top1=12 top2=19 v1=20.625000 v2=11.875000 margin=8.750000
qwen35 debug hidden embedding position 7: min=-0.2832031 max=0.3046875 mean_abs=0.0055488
qwen35 debug hidden layer-000 position 7: min=-0.3691406 max=12.0625000 mean_abs=0.0236909
qwen35 debug hidden layer-003 position 7: min=-2.7187500 max=27.1250000 mean_abs=0.0907624
qwen35 debug hidden layer-031 position 7: min=-14.6250000 max=57.7500000 mean_abs=0.5849555
qwen35 debug hidden layer-032 position 7: min=-14.6250000 max=53.2500000 mean_abs=0.5840638
qwen35 debug hidden layer-060 position 7: min=-24.3750000 max=88.5000000 mean_abs=2.8796911
qwen35 debug hidden layer-063 position 7: min=-74.0000000 max=235.0000000 mean_abs=5.3651766
qwen35 debug logits position 0: top1=2037 top2=198 v1=11.562500 v2=11.437500 margin=0.125000
qwen35 debug hidden embedding position 7: min=-0.2832031 max=0.3046875 mean_abs=0.0055488
qwen35 debug hidden layer-000 position 7: min=-0.3691406 max=12.0625000 mean_abs=0.0236909
qwen35 debug hidden layer-003 position 7: min=-2.7187500 max=27.1250000 mean_abs=0.0907624
qwen35 debug hidden layer-031 position 7: min=-14.6250000 max=57.7500000 mean_abs=0.5849555
qwen35 debug hidden layer-032 position 7: min=-14.6250000 max=53.2500000 mean_abs=0.5840638
qwen35 debug hidden layer-060 position 7: min=-24.3750000 max=88.5000000 mean_abs=2.8796911
qwen35 debug hidden layer-063 position 7: min=-74.0000000 max=235.0000000 mean_abs=5.3651766
qwen35 debug logits position 0: top1=2037 top2=198 v1=11.562500 v2=11.437500 margin=0.125000
qwen35 debug logits position 9: top1=9 top2=11961 v1=15.125000 v2=12.125000 margin=3.000000
qwen35 debug logits position 10: top1=10 top2=43181 v1=18.250000 v2=16.750000 margin=1.500000
qwen35 debug logits position 11: top1=4838 top2=1288 v1=19.000000 v2=15.000000 margin=4.000000
qwen35 debug logits position 12: top1=1665 top2=13 v1=20.375000 v2=17.500000 margin=2.875000
qwen35 debug logits position 13: top1=25 top2=15 v1=18.625000 v2=18.000000 margin=0.625000
qwen35 debug logits position 14: top1=33898 top2=26 v1=23.250000 v2=20.375000 margin=2.875000
qwen35 debug logits position 15: top1=2110 top2=19279 v1=21.375000 v2=15.375000 margin=6.000000
qwen35 debug hidden embedding position 7: min=-0.2832031 max=0.3046875 mean_abs=0.0055488
qwen35 debug hidden layer-000 position 7: min=-0.3691406 max=12.0625000 mean_abs=0.0236909
qwen35 debug hidden layer-003 position 7: min=-2.7187500 max=27.1250000 mean_abs=0.0907624
qwen35 debug hidden layer-031 position 7: min=-14.6250000 max=57.7500000 mean_abs=0.5849555
qwen35 debug hidden layer-032 position 7: min=-14.6250000 max=53.2500000 mean_abs=0.5840638
qwen35 debug hidden layer-060 position 7: min=-24.3750000 max=88.5000000 mean_abs=2.8796911
qwen35 debug hidden layer-063 position 7: min=-74.0000000 max=235.0000000 mean_abs=5.3651766
qwen35 debug logits position 0: top1=2037 top2=198 v1=11.562500 v2=11.437500 margin=0.125000
qwen35 debug logits position 9: top1=9 top2=11961 v1=15.125000 v2=12.125000 margin=3.000000
qwen35 debug hidden embedding position 7: min=-0.2832031 max=0.3046875 mean_abs=0.0055488
qwen35 debug hidden layer-000 position 7: min=-0.3691406 max=12.0625000 mean_abs=0.0236909
qwen35 debug hidden layer-003 position 7: min=-2.7187500 max=27.1250000 mean_abs=0.0907624
qwen35 debug hidden layer-031 position 7: min=-14.6250000 max=57.7500000 mean_abs=0.5849555
qwen35 debug hidden layer-032 position 7: min=-14.6250000 max=53.2500000 mean_abs=0.5840638
qwen35 debug hidden layer-060 position 7: min=-24.3750000 max=88.5000000 mean_abs=2.8796911
qwen35 debug hidden layer-063 position 7: min=-74.0000000 max=235.0000000 mean_abs=5.3651766
qwen35 debug logits position 0: top1=2037 top2=198 v1=11.562500 v2=11.437500 margin=0.125000
qwen35 debug logits position 9: top1=9 top2=11961 v1=15.125000 v2=12.125000 margin=3.000000
qwen35 debug logits position 10: top1=10 top2=43181 v1=18.250000 v2=16.750000 margin=1.500000
qwen35 debug logits position 11: top1=4838 top2=1288 v1=19.000000 v2=15.000000 margin=4.000000
qwen35 debug logits position 12: top1=1665 top2=13 v1=20.375000 v2=17.500000 margin=2.875000
qwen35 debug hidden embedding position 7: min=-0.0563965 max=0.0583496 mean_abs=0.0125982
qwen35 debug hidden embedding position 35: min=-0.0673828 max=0.0825195 mean_abs=0.0123046
qwen35 debug hidden layer-000 position 7: min=-0.5507812 max=16.7500000 mean_abs=0.0575258
qwen35 debug hidden layer-000 position 35: min=-0.2617188 max=15.6875000 mean_abs=0.0405904
qwen35 debug hidden layer-003 position 7: min=-2.6562500 max=32.0000000 mean_abs=0.0995327
qwen35 debug hidden layer-003 position 35: min=-1.4375000 max=24.7500000 mean_abs=0.0739413
qwen35 debug hidden layer-031 position 7: min=-17.3750000 max=68.5000000 mean_abs=0.4924363
qwen35 debug hidden layer-031 position 35: min=-13.2500000 max=61.7500000 mean_abs=0.5891870
qwen35 debug hidden layer-032 position 7: min=-17.6250000 max=62.0000000 mean_abs=0.4852604
qwen35 debug hidden layer-032 position 35: min=-13.1250000 max=56.5000000 mean_abs=0.5794882
qwen35 debug hidden layer-060 position 7: min=-38.7500000 max=144.0000000 mean_abs=2.5346056
qwen35 debug hidden layer-060 position 35: min=-29.5000000 max=137.0000000 mean_abs=2.4070668
qwen35 debug hidden layer-063 position 7: min=-91.0000000 max=81.0000000 mean_abs=3.5498026
qwen35 debug hidden layer-063 position 35: min=-67.5000000 max=105.5000000 mean_abs=4.0146792
qwen35 debug hidden embedding position 83: min=-0.0649414 max=0.0510254 mean_abs=0.0121268
qwen35 debug hidden layer-000 position 83: min=-0.4492188 max=20.3750000 mean_abs=0.0559196
qwen35 debug hidden layer-003 position 83: min=-2.1406250 max=28.7500000 mean_abs=0.1091673
qwen35 debug hidden layer-031 position 83: min=-12.7500000 max=72.5000000 mean_abs=0.6426863
qwen35 debug hidden layer-032 position 83: min=-12.3125000 max=67.0000000 mean_abs=0.6239845
qwen35 debug hidden layer-060 position 83: min=-25.8750000 max=35.2500000 mean_abs=2.4286345
qwen35 debug hidden layer-063 position 83: min=-53.5000000 max=78.5000000 mean_abs=3.6181339
qwen35 debug logits position 0: top1=2456 top2=40 v1=20.000000 v2=16.625000 margin=3.375000
qwen35 debug logits position 1025: top1=55 top2=48 v1=24.625000 v2=13.875000 margin=10.750000
qwen35 debug logits position 1026: top1=35205 top2=69046 v1=28.500000 v2=18.125000 margin=10.375000
qwen35 debug logits position 1027: top1=27325 top2=12 v1=23.250000 v2=14.062500 margin=9.187500
qwen35 debug logits position 1028: top1=54 top2=48 v1=22.375000 v2=13.875000 margin=8.500000
qwen35 debug logits position 1029: top1=923 top2=12 v1=23.500000 v2=13.812500 margin=9.687500
qwen35 debug logits position 1030: top1=18 top2=12 v1=22.625000 v2=12.875000 margin=9.750000
qwen35 debug hidden embedding position 7: min=-0.2832031 max=0.3046875 mean_abs=0.0055488
qwen35 debug hidden layer-000 position 7: min=-0.3691406 max=12.0625000 mean_abs=0.0236909
qwen35 debug hidden layer-003 position 7: min=-2.7187500 max=27.1250000 mean_abs=0.0907624
qwen35 debug hidden layer-031 position 7: min=-14.6250000 max=57.7500000 mean_abs=0.5849555
qwen35 debug hidden layer-032 position 7: min=-14.6250000 max=53.2500000 mean_abs=0.5840638
qwen35 debug hidden layer-060 position 7: min=-24.3750000 max=88.5000000 mean_abs=2.8796911
qwen35 debug hidden layer-063 position 7: min=-74.0000000 max=235.0000000 mean_abs=5.3651766
qwen35 debug logits position 0: top1=2037 top2=198 v1=11.562500 v2=11.437500 margin=0.125000
qwen35 debug hidden embedding position 7: min=-0.2832031 max=0.3046875 mean_abs=0.0055488
qwen35 debug hidden layer-000 position 7: min=-0.3691406 max=12.0625000 mean_abs=0.0236909
qwen35 debug hidden layer-003 position 7: min=-2.7187500 max=27.1250000 mean_abs=0.0907624
qwen35 debug hidden layer-031 position 7: min=-14.6250000 max=57.7500000 mean_abs=0.5849555
qwen35 debug hidden layer-032 position 7: min=-14.6250000 max=53.2500000 mean_abs=0.5840638
qwen35 debug hidden layer-060 position 7: min=-24.3750000 max=88.5000000 mean_abs=2.8796911
qwen35 debug hidden layer-063 position 7: min=-74.0000000 max=235.0000000 mean_abs=5.3651766
qwen35 debug logits position 0: top1=2037 top2=198 v1=11.562500 v2=11.437500 margin=0.125000
qwen35 debug logits position 9: top1=9 top2=11961 v1=15.125000 v2=12.125000 margin=3.000000
qwen35 debug logits position 10: top1=10 top2=43181 v1=18.250000 v2=16.750000 margin=1.500000
qwen35 debug logits position 11: top1=4838 top2=1288 v1=19.000000 v2=15.000000 margin=4.000000
qwen35 debug logits position 12: top1=1665 top2=13 v1=20.375000 v2=17.500000 margin=2.875000
qwen35 debug hidden embedding position 7: min=-0.2832031 max=0.3046875 mean_abs=0.0055488
qwen35 debug hidden layer-000 position 7: min=-0.3691406 max=12.0625000 mean_abs=0.0236909
qwen35 debug hidden layer-003 position 7: min=-2.7187500 max=27.1250000 mean_abs=0.0907624
qwen35 debug hidden layer-031 position 7: min=-14.6250000 max=57.7500000 mean_abs=0.5849555
qwen35 debug hidden layer-032 position 7: min=-14.6250000 max=53.2500000 mean_abs=0.5840638
qwen35 debug hidden layer-060 position 7: min=-24.3750000 max=88.5000000 mean_abs=2.8796911
qwen35 debug hidden layer-063 position 7: min=-74.0000000 max=235.0000000 mean_abs=5.3651766
qwen35 debug logits position 0: top1=2037 top2=198 v1=11.562500 v2=11.437500 margin=0.125000
qwen35 debug logits position 9: top1=9 top2=11961 v1=15.125000 v2=12.125000 margin=3.000000
qwen35 debug logits position 10: top1=10 top2=43181 v1=18.250000 v2=16.750000 margin=1.500000
qwen35 debug logits position 11: top1=4838 top2=1288 v1=19.000000 v2=15.000000 margin=4.000000
qwen35 debug logits position 12: top1=1665 top2=13 v1=20.375000 v2=17.500000 margin=2.875000
qwen35 debug logits position 13: top1=25 top2=15 v1=18.625000 v2=18.000000 margin=0.625000
qwen35 debug hidden embedding position 7: min=-0.0563965 max=0.0583496 mean_abs=0.0125982
qwen35 debug hidden embedding position 35: min=-0.0673828 max=0.0825195 mean_abs=0.0123046
qwen35 debug hidden layer-000 position 7: min=-0.5507812 max=16.7500000 mean_abs=0.0575258
qwen35 debug hidden layer-000 position 35: min=-0.2617188 max=15.6875000 mean_abs=0.0405904
qwen35 debug hidden layer-003 position 7: min=-2.6562500 max=32.0000000 mean_abs=0.0995327
qwen35 debug hidden layer-003 position 35: min=-1.4375000 max=24.7500000 mean_abs=0.0739413
qwen35 debug hidden layer-031 position 7: min=-17.3750000 max=68.5000000 mean_abs=0.4924363
qwen35 debug hidden layer-031 position 35: min=-13.2500000 max=61.7500000 mean_abs=0.5891870
qwen35 debug hidden layer-032 position 7: min=-17.6250000 max=62.0000000 mean_abs=0.4852604
qwen35 debug hidden layer-032 position 35: min=-13.1250000 max=56.5000000 mean_abs=0.5794882
qwen35 debug hidden layer-060 position 7: min=-38.7500000 max=144.0000000 mean_abs=2.5346056
qwen35 debug hidden layer-060 position 35: min=-29.5000000 max=137.0000000 mean_abs=2.4070668
qwen35 debug hidden layer-063 position 7: min=-91.0000000 max=81.0000000 mean_abs=3.5498026
qwen35 debug hidden layer-063 position 35: min=-67.5000000 max=105.5000000 mean_abs=4.0146792
qwen35 debug hidden embedding position 83: min=-0.0649414 max=0.0510254 mean_abs=0.0121268
qwen35 debug hidden layer-000 position 83: min=-0.4492188 max=20.3750000 mean_abs=0.0559196
qwen35 debug hidden layer-003 position 83: min=-2.1406250 max=28.7500000 mean_abs=0.1091673
qwen35 debug hidden layer-031 position 83: min=-12.7500000 max=72.5000000 mean_abs=0.6426863
qwen35 debug hidden layer-032 position 83: min=-12.3125000 max=67.0000000 mean_abs=0.6239845
qwen35 debug hidden layer-060 position 83: min=-25.8750000 max=35.2500000 mean_abs=2.4286345
qwen35 debug hidden layer-063 position 83: min=-53.5000000 max=78.5000000 mean_abs=3.6181339
qwen35 debug logits position 0: top1=2456 top2=40 v1=20.000000 v2=16.625000 margin=3.375000
qwen35 debug logits position 1025: top1=55 top2=48 v1=24.625000 v2=13.875000 margin=10.750000
qwen35 debug logits position 1026: top1=35205 top2=69046 v1=28.500000 v2=18.125000 margin=10.375000
qwen35 debug logits position 1027: top1=27325 top2=12 v1=23.250000 v2=14.062500 margin=9.187500
qwen35 debug logits position 1028: top1=54 top2=48 v1=22.375000 v2=13.875000 margin=8.500000
qwen35 debug logits position 1029: top1=923 top2=12 v1=23.500000 v2=13.812500 margin=9.687500
qwen35 debug logits position 1030: top1=18 top2=12 v1=22.625000 v2=12.875000 margin=9.750000
qwen35 debug logits position 1031: top1=23 top2=12 v1=23.125000 v2=13.562500 margin=9.562500
qwen35 debug logits position 1032: top1=12 top2=19 v1=20.625000 v2=11.875000 margin=8.750000
qwen35 debug logits position 1033: top1=19 top2=17 v1=23.375000 v2=12.750000 margin=10.625000
qwen35 debug logits position 1034: top1=15 top2=12 v1=21.375000 v2=9.875000 margin=11.500000
qwen35 debug logits position 1035: top1=24 top2=19 v1=21.500000 v2=10.812500 margin=10.687500
qwen35 debug logits position 1036: top1=15 top2=198 v1=23.125000 v2=13.937500 margin=9.187500
qwen35 debug hidden embedding position 7: min=-0.2832031 max=0.3046875 mean_abs=0.0055488
qwen35 debug hidden layer-000 position 7: min=-0.3691406 max=12.0625000 mean_abs=0.0236909
qwen35 debug hidden layer-003 position 7: min=-2.7187500 max=27.1250000 mean_abs=0.0907624
qwen35 debug hidden layer-031 position 7: min=-14.6250000 max=57.7500000 mean_abs=0.5849555
qwen35 debug hidden layer-032 position 7: min=-14.6250000 max=53.2500000 mean_abs=0.5840638
qwen35 debug hidden layer-060 position 7: min=-24.3750000 max=88.5000000 mean_abs=2.8796911
qwen35 debug hidden layer-063 position 7: min=-74.0000000 max=235.0000000 mean_abs=5.3651766
qwen35 debug logits position 0: top1=2037 top2=198 v1=11.562500 v2=11.437500 margin=0.125000
qwen35 debug logits position 9: top1=9 top2=11961 v1=15.125000 v2=12.125000 margin=3.000000
qwen35 debug logits position 10: top1=10 top2=43181 v1=18.250000 v2=16.750000 margin=1.500000
qwen35 debug hidden embedding position 7: min=-0.2832031 max=0.3046875 mean_abs=0.0055488
qwen35 debug hidden layer-000 position 7: min=-0.3691406 max=12.0625000 mean_abs=0.0236909
qwen35 debug hidden layer-003 position 7: min=-2.7187500 max=27.1250000 mean_abs=0.0907624
qwen35 debug hidden layer-031 position 7: min=-14.6250000 max=57.7500000 mean_abs=0.5849555
qwen35 debug hidden layer-032 position 7: min=-14.6250000 max=53.2500000 mean_abs=0.5840638
qwen35 debug hidden layer-060 position 7: min=-24.3750000 max=88.5000000 mean_abs=2.8796911
qwen35 debug hidden layer-063 position 7: min=-74.0000000 max=235.0000000 mean_abs=5.3651766
qwen35 debug logits position 0: top1=2037 top2=198 v1=11.562500 v2=11.437500 margin=0.125000
qwen35 debug logits position 9: top1=9 top2=11961 v1=15.125000 v2=12.125000 margin=3.000000
qwen35 debug logits position 10: top1=10 top2=43181 v1=18.250000 v2=16.750000 margin=1.500000
qwen35 debug logits position 11: top1=4838 top2=1288 v1=19.000000 v2=15.000000 margin=4.000000
qwen35 debug logits position 12: top1=1665 top2=13 v1=20.375000 v2=17.500000 margin=2.875000
qwen35 debug hidden embedding position 7: min=-0.2832031 max=0.3046875 mean_abs=0.0055488
qwen35 debug hidden layer-000 position 7: min=-0.3691406 max=12.0625000 mean_abs=0.0236909
qwen35 debug hidden layer-003 position 7: min=-2.7187500 max=27.1250000 mean_abs=0.0907624
qwen35 debug hidden layer-031 position 7: min=-14.6250000 max=57.7500000 mean_abs=0.5849555
qwen35 debug hidden layer-032 position 7: min=-14.6250000 max=53.2500000 mean_abs=0.5840638
qwen35 debug hidden layer-060 position 7: min=-24.3750000 max=88.5000000 mean_abs=2.8796911
qwen35 debug hidden layer-063 position 7: min=-74.0000000 max=235.0000000 mean_abs=5.3651766
qwen35 debug logits position 0: top1=2037 top2=198 v1=11.562500 v2=11.437500 margin=0.125000
qwen35 debug logits position 9: top1=9 top2=11961 v1=15.125000 v2=12.125000 margin=3.000000
qwen35 debug logits position 10: top1=10 top2=43181 v1=18.250000 v2=16.750000 margin=1.500000
qwen35 debug logits position 11: top1=4838 top2=1288 v1=19.000000 v2=15.000000 margin=4.000000
qwen35 debug logits position 12: top1=1665 top2=13 v1=20.375000 v2=17.500000 margin=2.875000
qwen35 debug logits position 13: top1=25 top2=15 v1=18.625000 v2=18.000000 margin=0.625000
qwen35 debug logits position 14: top1=33898 top2=26 v1=23.250000 v2=20.375000 margin=2.875000
qwen35 debug hidden embedding position 7: min=-0.2832031 max=0.3046875 mean_abs=0.0055488
qwen35 debug hidden layer-000 position 7: min=-0.3691406 max=12.0625000 mean_abs=0.0236909
qwen35 debug hidden layer-003 position 7: min=-2.7187500 max=27.1250000 mean_abs=0.0907624
qwen35 debug hidden layer-031 position 7: min=-14.6250000 max=57.7500000 mean_abs=0.5849555
qwen35 debug hidden layer-032 position 7: min=-14.6250000 max=53.2500000 mean_abs=0.5840638
qwen35 debug hidden layer-060 position 7: min=-24.3750000 max=88.5000000 mean_abs=2.8796911
qwen35 debug hidden layer-063 position 7: min=-74.0000000 max=235.0000000 mean_abs=5.3651766
qwen35 debug logits position 0: top1=2037 top2=198 v1=11.562500 v2=11.437500 margin=0.125000
qwen35 debug logits position 9: top1=9 top2=11961 v1=15.125000 v2=12.125000 margin=3.000000
qwen35 debug hidden embedding position 7: min=-0.0546875 max=0.0634766 mean_abs=0.0126335
qwen35 debug hidden embedding position 35: min=-0.0576172 max=0.0522461 mean_abs=0.0118315
qwen35 debug hidden layer-000 position 7: min=-0.5117188 max=16.5000000 mean_abs=0.0431779
qwen35 debug hidden layer-000 position 35: min=-0.5820312 max=19.7500000 mean_abs=0.0469485
qwen35 debug hidden layer-003 position 7: min=-3.0000000 max=31.7500000 mean_abs=0.0793459
qwen35 debug hidden layer-003 position 35: min=-1.8906250 max=30.1250000 mean_abs=0.0711057
qwen35 debug hidden layer-031 position 7: min=-21.5000000 max=71.0000000 mean_abs=0.6871067
qwen35 debug hidden layer-031 position 35: min=-14.2500000 max=73.0000000 mean_abs=0.6132768
qwen35 debug hidden layer-032 position 7: min=-21.2500000 max=70.5000000 mean_abs=0.6866806
qwen35 debug hidden layer-032 position 35: min=-14.0000000 max=67.0000000 mean_abs=0.6425401
qwen35 debug hidden layer-060 position 7: min=-38.7500000 max=184.0000000 mean_abs=2.3000515
qwen35 debug hidden layer-060 position 35: min=-32.2500000 max=188.0000000 mean_abs=2.3893098
qwen35 debug hidden layer-063 position 7: min=-123.0000000 max=203.0000000 mean_abs=3.9317035
qwen35 debug hidden layer-063 position 35: min=-92.0000000 max=203.0000000 mean_abs=3.6143266
qwen35 debug hidden embedding position 83: min=-0.3164062 max=0.2441406 mean_abs=0.0068631
qwen35 debug hidden layer-000 position 83: min=-0.2373047 max=13.0000000 mean_abs=0.0203701
qwen35 debug hidden layer-003 position 83: min=-1.5781250 max=20.5000000 mean_abs=0.0608145
qwen35 debug hidden layer-031 position 83: min=-13.8750000 max=66.5000000 mean_abs=0.6074917
qwen35 debug hidden layer-032 position 83: min=-13.3750000 max=67.0000000 mean_abs=0.6416845
qwen35 debug hidden layer-060 position 83: min=-17.2500000 max=172.0000000 mean_abs=2.0716314
qwen35 debug hidden layer-063 position 83: min=-57.2500000 max=136.0000000 mean_abs=3.4314179
qwen35 debug logits position 0: top1=46594 top2=76707 v1=24.125000 v2=17.875000 margin=6.250000
qwen35 debug logits position 8193: top1=12 top2=20 v1=24.375000 v2=12.187500 margin=12.187500
qwen35 debug logits position 8194: top1=20 top2=19 v1=26.250000 v2=13.187500 margin=13.062500
qwen35 debug logits position 8195: top1=17 top2=16 v1=26.500000 v2=11.875000 margin=14.625000
qwen35 debug logits position 8196: top1=16 top2=248046 v1=25.875000 v2=12.125000 margin=13.750000
qwen35 debug hidden embedding position 7: min=-0.2832031 max=0.3046875 mean_abs=0.0055488
qwen35 debug hidden layer-000 position 7: min=-0.3691406 max=12.0625000 mean_abs=0.0236909
qwen35 debug hidden layer-003 position 7: min=-2.7187500 max=27.1250000 mean_abs=0.0907624
qwen35 debug hidden layer-031 position 7: min=-14.6250000 max=57.7500000 mean_abs=0.5849555
qwen35 debug hidden layer-032 position 7: min=-14.6250000 max=53.2500000 mean_abs=0.5840638
qwen35 debug hidden layer-060 position 7: min=-24.3750000 max=88.5000000 mean_abs=2.8796911
qwen35 debug hidden layer-063 position 7: min=-74.0000000 max=235.0000000 mean_abs=5.3651766
qwen35 debug logits position 0: top1=2037 top2=198 v1=11.562500 v2=11.437500 margin=0.125000
qwen35 debug logits position 9: top1=9 top2=11961 v1=15.125000 v2=12.125000 margin=3.000000
qwen35 debug logits position 10: top1=10 top2=43181 v1=18.250000 v2=16.750000 margin=1.500000
qwen35 debug logits position 11: top1=4838 top2=1288 v1=19.000000 v2=15.000000 margin=4.000000
qwen35 debug logits position 12: top1=1665 top2=13 v1=20.375000 v2=17.500000 margin=2.875000
qwen35 debug hidden embedding position 7: min=-0.0563965 max=0.0583496 mean_abs=0.0125982
qwen35 debug hidden embedding position 35: min=-0.0673828 max=0.0825195 mean_abs=0.0123046
qwen35 debug hidden layer-000 position 7: min=-0.5507812 max=16.7500000 mean_abs=0.0575258
qwen35 debug hidden layer-000 position 35: min=-0.2617188 max=15.6875000 mean_abs=0.0405904
qwen35 debug hidden layer-003 position 7: min=-2.6562500 max=32.0000000 mean_abs=0.0995327
qwen35 debug hidden layer-003 position 35: min=-1.4375000 max=24.7500000 mean_abs=0.0739413
qwen35 debug hidden layer-031 position 7: min=-17.3750000 max=68.5000000 mean_abs=0.4924363
qwen35 debug hidden layer-031 position 35: min=-13.2500000 max=61.7500000 mean_abs=0.5891870
qwen35 debug hidden layer-032 position 7: min=-17.6250000 max=62.0000000 mean_abs=0.4852604
qwen35 debug hidden layer-032 position 35: min=-13.1250000 max=56.5000000 mean_abs=0.5794882
qwen35 debug hidden layer-060 position 7: min=-38.7500000 max=144.0000000 mean_abs=2.5346056
qwen35 debug hidden layer-060 position 35: min=-29.5000000 max=137.0000000 mean_abs=2.4070668
qwen35 debug hidden layer-063 position 7: min=-91.0000000 max=81.0000000 mean_abs=3.5498026
qwen35 debug hidden layer-063 position 35: min=-67.5000000 max=105.5000000 mean_abs=4.0146792
qwen35 debug hidden embedding position 83: min=-0.0649414 max=0.0510254 mean_abs=0.0121268
qwen35 debug hidden layer-000 position 83: min=-0.4492188 max=20.3750000 mean_abs=0.0559196
qwen35 debug hidden layer-003 position 83: min=-2.1406250 max=28.7500000 mean_abs=0.1091673
qwen35 debug hidden layer-031 position 83: min=-12.7500000 max=72.5000000 mean_abs=0.6426863
qwen35 debug hidden layer-032 position 83: min=-12.3125000 max=67.0000000 mean_abs=0.6239845
qwen35 debug hidden layer-060 position 83: min=-25.8750000 max=35.2500000 mean_abs=2.4286345
qwen35 debug hidden layer-063 position 83: min=-53.5000000 max=78.5000000 mean_abs=3.6181339
qwen35 debug logits position 0: top1=2456 top2=40 v1=20.000000 v2=16.625000 margin=3.375000
qwen35 debug logits position 1025: top1=55 top2=48 v1=24.625000 v2=13.875000 margin=10.750000
qwen35 debug logits position 1026: top1=35205 top2=69046 v1=28.500000 v2=18.125000 margin=10.375000
qwen35 debug logits position 1027: top1=27325 top2=12 v1=23.250000 v2=14.062500 margin=9.187500
qwen35 debug logits position 1028: top1=54 top2=48 v1=22.375000 v2=13.875000 margin=8.500000
qwen35 debug hidden embedding position 7: min=-0.2832031 max=0.3046875 mean_abs=0.0055488
qwen35 debug hidden layer-000 position 7: min=-0.3691406 max=12.0625000 mean_abs=0.0236909
qwen35 debug hidden layer-003 position 7: min=-2.7187500 max=27.1250000 mean_abs=0.0907624
qwen35 debug hidden layer-031 position 7: min=-14.6250000 max=57.7500000 mean_abs=0.5849555
qwen35 debug hidden layer-032 position 7: min=-14.6250000 max=53.2500000 mean_abs=0.5840638
qwen35 debug hidden layer-060 position 7: min=-24.3750000 max=88.5000000 mean_abs=2.8796911
qwen35 debug hidden layer-063 position 7: min=-74.0000000 max=235.0000000 mean_abs=5.3651766
qwen35 debug logits position 0: top1=2037 top2=198 v1=11.562500 v2=11.437500 margin=0.125000
qwen35 debug hidden embedding position 7: min=-0.2832031 max=0.3046875 mean_abs=0.0055488
qwen35 debug hidden layer-000 position 7: min=-0.3691406 max=12.0625000 mean_abs=0.0236909
qwen35 debug hidden layer-003 position 7: min=-2.7187500 max=27.1250000 mean_abs=0.0907624
qwen35 debug hidden layer-031 position 7: min=-14.6250000 max=57.7500000 mean_abs=0.5849555
qwen35 debug hidden layer-032 position 7: min=-14.6250000 max=53.2500000 mean_abs=0.5840638
qwen35 debug hidden layer-060 position 7: min=-24.3750000 max=88.5000000 mean_abs=2.8796911
qwen35 debug hidden layer-063 position 7: min=-74.0000000 max=235.0000000 mean_abs=5.3651766
qwen35 debug logits position 0: top1=2037 top2=198 v1=11.562500 v2=11.437500 margin=0.125000
qwen35 debug hidden embedding position 7: min=-0.2832031 max=0.3046875 mean_abs=0.0055488
qwen35 debug hidden layer-000 position 7: min=-0.3691406 max=12.0625000 mean_abs=0.0236909
qwen35 debug hidden layer-003 position 7: min=-2.7187500 max=27.1250000 mean_abs=0.0907624
qwen35 debug hidden layer-031 position 7: min=-14.6250000 max=57.7500000 mean_abs=0.5849555
qwen35 debug hidden layer-032 position 7: min=-14.6250000 max=53.2500000 mean_abs=0.5840638
qwen35 debug hidden layer-060 position 7: min=-24.3750000 max=88.5000000 mean_abs=2.8796911
qwen35 debug hidden layer-063 position 7: min=-74.0000000 max=235.0000000 mean_abs=5.3651766
qwen35 debug logits position 0: top1=2037 top2=198 v1=11.562500 v2=11.437500 margin=0.125000
qwen35 debug logits position 9: top1=9 top2=11961 v1=15.125000 v2=12.125000 margin=3.000000
qwen35 debug logits position 10: top1=10 top2=43181 v1=18.250000 v2=16.750000 margin=1.500000
qwen35 debug hidden embedding position 7: min=-0.0563965 max=0.0583496 mean_abs=0.0125982
qwen35 debug hidden embedding position 35: min=-0.0673828 max=0.0825195 mean_abs=0.0123046
qwen35 debug hidden layer-000 position 7: min=-0.5507812 max=16.7500000 mean_abs=0.0575258
qwen35 debug hidden layer-000 position 35: min=-0.2617188 max=15.6875000 mean_abs=0.0405904
qwen35 debug hidden layer-003 position 7: min=-2.6562500 max=32.0000000 mean_abs=0.0995327
qwen35 debug hidden layer-003 position 35: min=-1.4375000 max=24.7500000 mean_abs=0.0739413
qwen35 debug hidden layer-031 position 7: min=-17.3750000 max=68.5000000 mean_abs=0.4924363
qwen35 debug hidden layer-031 position 35: min=-13.2500000 max=61.7500000 mean_abs=0.5891870
qwen35 debug hidden layer-032 position 7: min=-17.6250000 max=62.0000000 mean_abs=0.4852604
qwen35 debug hidden layer-032 position 35: min=-13.1250000 max=56.5000000 mean_abs=0.5794882
qwen35 debug hidden layer-060 position 7: min=-38.7500000 max=144.0000000 mean_abs=2.5346056
qwen35 debug hidden layer-060 position 35: min=-29.5000000 max=137.0000000 mean_abs=2.4070668
qwen35 debug hidden layer-063 position 7: min=-91.0000000 max=81.0000000 mean_abs=3.5498026
qwen35 debug hidden layer-063 position 35: min=-67.5000000 max=105.5000000 mean_abs=4.0146792
qwen35 debug hidden embedding position 83: min=-0.0649414 max=0.0510254 mean_abs=0.0121268
qwen35 debug hidden layer-000 position 83: min=-0.4492188 max=20.3750000 mean_abs=0.0559196
qwen35 debug hidden layer-003 position 83: min=-2.1406250 max=28.7500000 mean_abs=0.1091673
qwen35 debug hidden layer-031 position 83: min=-12.7500000 max=72.5000000 mean_abs=0.6426863
qwen35 debug hidden layer-032 position 83: min=-12.3125000 max=67.0000000 mean_abs=0.6239845
qwen35 debug hidden layer-060 position 83: min=-25.8750000 max=35.2500000 mean_abs=2.4286345
qwen35 debug hidden layer-063 position 83: min=-53.5000000 max=78.5000000 mean_abs=3.6181339
qwen35 debug logits position 0: top1=2456 top2=40 v1=20.000000 v2=16.625000 margin=3.375000
qwen35 debug logits position 1025: top1=55 top2=48 v1=24.625000 v2=13.875000 margin=10.750000
qwen35 debug logits position 1026: top1=35205 top2=69046 v1=28.500000 v2=18.125000 margin=10.375000
qwen35 debug logits position 1027: top1=27325 top2=12 v1=23.250000 v2=14.062500 margin=9.187500
qwen35 debug logits position 1028: top1=54 top2=48 v1=22.375000 v2=13.875000 margin=8.500000
qwen35 debug logits position 1029: top1=923 top2=12 v1=23.500000 v2=13.812500 margin=9.687500
qwen35 debug logits position 1030: top1=18 top2=12 v1=22.625000 v2=12.875000 margin=9.750000
qwen35 debug logits position 1031: top1=23 top2=12 v1=23.125000 v2=13.562500 margin=9.562500
qwen35 debug logits position 1032: top1=12 top2=19 v1=20.625000 v2=11.875000 margin=8.750000
qwen35 debug logits position 1033: top1=19 top2=17 v1=23.375000 v2=12.750000 margin=10.625000
qwen35 debug logits position 1034: top1=15 top2=12 v1=21.375000 v2=9.875000 margin=11.500000
qwen35 debug logits position 1035: top1=24 top2=19 v1=21.500000 v2=10.812500 margin=10.687500
qwen35 debug logits position 1036: top1=15 top2=198 v1=23.125000 v2=13.937500 margin=9.187500
qwen35 debug hidden embedding position 7: min=-0.2832031 max=0.3046875 mean_abs=0.0055488
qwen35 debug hidden layer-000 position 7: min=-0.3691406 max=12.0625000 mean_abs=0.0236909
qwen35 debug hidden layer-003 position 7: min=-2.7187500 max=27.1250000 mean_abs=0.0907624
qwen35 debug hidden layer-031 position 7: min=-14.6250000 max=57.7500000 mean_abs=0.5849555
qwen35 debug hidden layer-032 position 7: min=-14.6250000 max=53.2500000 mean_abs=0.5840638
qwen35 debug hidden layer-060 position 7: min=-24.3750000 max=88.5000000 mean_abs=2.8796911
qwen35 debug hidden layer-063 position 7: min=-74.0000000 max=235.0000000 mean_abs=5.3651766
qwen35 debug logits position 0: top1=2037 top2=198 v1=11.562500 v2=11.437500 margin=0.125000
qwen35 debug logits position 9: top1=9 top2=11961 v1=15.125000 v2=12.125000 margin=3.000000
qwen35 debug logits position 10: top1=10 top2=43181 v1=18.250000 v2=16.750000 margin=1.500000
qwen35 debug logits position 11: top1=4838 top2=1288 v1=19.000000 v2=15.000000 margin=4.000000
qwen35 debug logits position 12: top1=1665 top2=13 v1=20.375000 v2=17.500000 margin=2.875000
qwen35 debug logits position 13: top1=25 top2=15 v1=18.625000 v2=18.000000 margin=0.625000
qwen35 debug logits position 14: top1=33898 top2=26 v1=23.250000 v2=20.375000 margin=2.875000
qwen35 debug logits position 15: top1=2110 top2=19279 v1=21.375000 v2=15.375000 margin=6.000000
qwen35 debug hidden embedding position 7: min=-0.2832031 max=0.3046875 mean_abs=0.0055488
qwen35 debug hidden layer-000 position 7: min=-0.3691406 max=12.0625000 mean_abs=0.0236909
qwen35 debug hidden layer-003 position 7: min=-2.7187500 max=27.1250000 mean_abs=0.0907624
qwen35 debug hidden layer-031 position 7: min=-14.6250000 max=57.7500000 mean_abs=0.5849555
qwen35 debug hidden layer-032 position 7: min=-14.6250000 max=53.2500000 mean_abs=0.5840638
qwen35 debug hidden layer-060 position 7: min=-24.3750000 max=88.5000000 mean_abs=2.8796911
qwen35 debug hidden layer-063 position 7: min=-74.0000000 max=235.0000000 mean_abs=5.3651766
qwen35 debug logits position 0: top1=2037 top2=198 v1=11.562500 v2=11.437500 margin=0.125000
qwen35 debug logits position 9: top1=9 top2=11961 v1=15.125000 v2=12.125000 margin=3.000000
qwen35 debug hidden embedding position 7: min=-0.2832031 max=0.3046875 mean_abs=0.0055488
qwen35 debug hidden layer-000 position 7: min=-0.3691406 max=12.0625000 mean_abs=0.0236909
qwen35 debug hidden layer-003 position 7: min=-2.7187500 max=27.1250000 mean_abs=0.0907624
qwen35 debug hidden layer-031 position 7: min=-14.6250000 max=57.7500000 mean_abs=0.5849555
qwen35 debug hidden layer-032 position 7: min=-14.6250000 max=53.2500000 mean_abs=0.5840638
qwen35 debug hidden layer-060 position 7: min=-24.3750000 max=88.5000000 mean_abs=2.8796911
qwen35 debug hidden layer-063 position 7: min=-74.0000000 max=235.0000000 mean_abs=5.3651766
qwen35 debug logits position 0: top1=2037 top2=198 v1=11.562500 v2=11.437500 margin=0.125000
qwen35 debug logits position 9: top1=9 top2=11961 v1=15.125000 v2=12.125000 margin=3.000000
qwen35 debug logits position 10: top1=10 top2=43181 v1=18.250000 v2=16.750000 margin=1.500000
qwen35 debug logits position 11: top1=4838 top2=1288 v1=19.000000 v2=15.000000 margin=4.000000
qwen35 debug logits position 12: top1=1665 top2=13 v1=20.375000 v2=17.500000 margin=2.875000
qwen35 debug hidden embedding position 7: min=-0.2832031 max=0.3046875 mean_abs=0.0055488
qwen35 debug hidden layer-000 position 7: min=-0.3691406 max=12.0625000 mean_abs=0.0236909
qwen35 debug hidden layer-003 position 7: min=-2.7187500 max=27.1250000 mean_abs=0.0907624
qwen35 debug hidden layer-031 position 7: min=-14.6250000 max=57.7500000 mean_abs=0.5849555
qwen35 debug hidden layer-032 position 7: min=-14.6250000 max=53.2500000 mean_abs=0.5840638
qwen35 debug hidden layer-060 position 7: min=-24.3750000 max=88.5000000 mean_abs=2.8796911
qwen35 debug hidden layer-063 position 7: min=-74.0000000 max=235.0000000 mean_abs=5.3651766
qwen35 debug logits position 0: top1=2037 top2=198 v1=11.562500 v2=11.437500 margin=0.125000
qwen35 debug logits position 9: top1=9 top2=11961 v1=15.125000 v2=12.125000 margin=3.000000
qwen35 debug hidden embedding position 7: min=-0.2832031 max=0.3046875 mean_abs=0.0055488
qwen35 debug hidden layer-000 position 7: min=-0.3691406 max=12.0625000 mean_abs=0.0236909
qwen35 debug hidden layer-003 position 7: min=-2.7187500 max=27.1250000 mean_abs=0.0907624
qwen35 debug hidden layer-031 position 7: min=-14.6250000 max=57.7500000 mean_abs=0.5849555
qwen35 debug hidden layer-032 position 7: min=-14.6250000 max=53.2500000 mean_abs=0.5840638
qwen35 debug hidden layer-060 position 7: min=-24.3750000 max=88.5000000 mean_abs=2.8796911
qwen35 debug hidden layer-063 position 7: min=-74.0000000 max=235.0000000 mean_abs=5.3651766
qwen35 debug logits position 0: top1=2037 top2=198 v1=11.562500 v2=11.437500 margin=0.125000
qwen35 debug logits position 9: top1=9 top2=11961 v1=15.125000 v2=12.125000 margin=3.000000
qwen35 debug logits position 10: top1=10 top2=43181 v1=18.250000 v2=16.750000 margin=1.500000
qwen35 debug logits position 11: top1=4838 top2=1288 v1=19.000000 v2=15.000000 margin=4.000000
qwen35 debug hidden embedding position 7: min=-0.2832031 max=0.3046875 mean_abs=0.0055488
qwen35 debug hidden layer-000 position 7: min=-0.3691406 max=12.0625000 mean_abs=0.0236909
qwen35 debug hidden layer-003 position 7: min=-2.7187500 max=27.1250000 mean_abs=0.0907624
qwen35 debug hidden layer-031 position 7: min=-14.6250000 max=57.7500000 mean_abs=0.5849555
qwen35 debug hidden layer-032 position 7: min=-14.6250000 max=53.2500000 mean_abs=0.5840638
qwen35 debug hidden layer-060 position 7: min=-24.3750000 max=88.5000000 mean_abs=2.8796911
qwen35 debug hidden layer-063 position 7: min=-74.0000000 max=235.0000000 mean_abs=5.3651766
qwen35 debug logits position 0: top1=2037 top2=198 v1=11.562500 v2=11.437500 margin=0.125000
qwen35 debug logits position 9: top1=9 top2=11961 v1=15.125000 v2=12.125000 margin=3.000000
qwen35 debug logits position 10: top1=10 top2=43181 v1=18.250000 v2=16.750000 margin=1.500000
qwen35 debug logits position 11: top1=4838 top2=1288 v1=19.000000 v2=15.000000 margin=4.000000
qwen35 debug logits position 12: top1=1665 top2=13 v1=20.375000 v2=17.500000 margin=2.875000
qwen35 debug logits position 13: top1=25 top2=15 v1=18.625000 v2=18.000000 margin=0.625000
qwen35 debug logits position 14: top1=33898 top2=26 v1=23.250000 v2=20.375000 margin=2.875000
qwen35 debug hidden embedding position 7: min=-0.2832031 max=0.3046875 mean_abs=0.0055488
qwen35 debug hidden layer-000 position 7: min=-0.3691406 max=12.0625000 mean_abs=0.0236909
qwen35 debug hidden layer-003 position 7: min=-2.7187500 max=27.1250000 mean_abs=0.0907624
qwen35 debug hidden layer-031 position 7: min=-14.6250000 max=57.7500000 mean_abs=0.5849555
qwen35 debug hidden layer-032 position 7: min=-14.6250000 max=53.2500000 mean_abs=0.5840638
qwen35 debug hidden layer-060 position 7: min=-24.3750000 max=88.5000000 mean_abs=2.8796911
qwen35 debug hidden layer-063 position 7: min=-74.0000000 max=235.0000000 mean_abs=5.3651766
qwen35 debug logits position 0: top1=2037 top2=198 v1=11.562500 v2=11.437500 margin=0.125000
qwen35 debug hidden embedding position 7: min=-0.0563965 max=0.0583496 mean_abs=0.0125982
qwen35 debug hidden embedding position 35: min=-0.0673828 max=0.0825195 mean_abs=0.0123046
qwen35 debug hidden layer-000 position 7: min=-0.5507812 max=16.7500000 mean_abs=0.0575258
qwen35 debug hidden layer-000 position 35: min=-0.2617188 max=15.6875000 mean_abs=0.0405904
qwen35 debug hidden layer-003 position 7: min=-2.6562500 max=32.0000000 mean_abs=0.0995327
qwen35 debug hidden layer-003 position 35: min=-1.4375000 max=24.7500000 mean_abs=0.0739413
qwen35 debug hidden layer-031 position 7: min=-17.3750000 max=68.5000000 mean_abs=0.4924363
qwen35 debug hidden layer-031 position 35: min=-13.2500000 max=61.7500000 mean_abs=0.5891870
qwen35 debug hidden layer-032 position 7: min=-17.6250000 max=62.0000000 mean_abs=0.4852604
qwen35 debug hidden layer-032 position 35: min=-13.1250000 max=56.5000000 mean_abs=0.5794882
qwen35 debug hidden layer-060 position 7: min=-38.7500000 max=144.0000000 mean_abs=2.5346056
qwen35 debug hidden layer-060 position 35: min=-29.5000000 max=137.0000000 mean_abs=2.4070668
qwen35 debug hidden layer-063 position 7: min=-91.0000000 max=81.0000000 mean_abs=3.5498026
qwen35 debug hidden layer-063 position 35: min=-67.5000000 max=105.5000000 mean_abs=4.0146792
qwen35 debug hidden embedding position 83: min=-0.0649414 max=0.0510254 mean_abs=0.0121268
qwen35 debug hidden layer-000 position 83: min=-0.4492188 max=20.3750000 mean_abs=0.0559196
qwen35 debug hidden layer-003 position 83: min=-2.1406250 max=28.7500000 mean_abs=0.1091673
qwen35 debug hidden layer-031 position 83: min=-12.7500000 max=72.5000000 mean_abs=0.6426863
qwen35 debug hidden layer-032 position 83: min=-12.3125000 max=67.0000000 mean_abs=0.6239845
qwen35 debug hidden layer-060 position 83: min=-25.8750000 max=35.2500000 mean_abs=2.4286345
qwen35 debug hidden layer-063 position 83: min=-53.5000000 max=78.5000000 mean_abs=3.6181339
qwen35 debug logits position 0: top1=2456 top2=40 v1=20.000000 v2=16.625000 margin=3.375000
qwen35 debug logits position 1025: top1=55 top2=48 v1=24.625000 v2=13.875000 margin=10.750000
qwen35 debug logits position 1026: top1=35205 top2=69046 v1=28.500000 v2=18.125000 margin=10.375000
qwen35 debug logits position 1027: top1=27325 top2=12 v1=23.250000 v2=14.062500 margin=9.187500
qwen35 debug logits position 1028: top1=54 top2=48 v1=22.375000 v2=13.875000 margin=8.500000
qwen35 debug logits position 1029: top1=923 top2=12 v1=23.500000 v2=13.812500 margin=9.687500
qwen35 debug logits position 1030: top1=18 top2=12 v1=22.625000 v2=12.875000 margin=9.750000
qwen35 debug logits position 1031: top1=23 top2=12 v1=23.125000 v2=13.562500 margin=9.562500
qwen35 debug hidden embedding position 7: min=-0.0563965 max=0.0583496 mean_abs=0.0125982
qwen35 debug hidden embedding position 35: min=-0.0673828 max=0.0825195 mean_abs=0.0123046
qwen35 debug hidden layer-000 position 7: min=-0.5507812 max=16.7500000 mean_abs=0.0575258
qwen35 debug hidden layer-000 position 35: min=-0.2617188 max=15.6875000 mean_abs=0.0405904
qwen35 debug hidden layer-003 position 7: min=-2.6562500 max=32.0000000 mean_abs=0.0995327
qwen35 debug hidden layer-003 position 35: min=-1.4375000 max=24.7500000 mean_abs=0.0739413
qwen35 debug hidden layer-031 position 7: min=-17.3750000 max=68.5000000 mean_abs=0.4924363
qwen35 debug hidden layer-031 position 35: min=-13.2500000 max=61.7500000 mean_abs=0.5891870
qwen35 debug hidden layer-032 position 7: min=-17.6250000 max=62.0000000 mean_abs=0.4852604
qwen35 debug hidden layer-032 position 35: min=-13.1250000 max=56.5000000 mean_abs=0.5794882
qwen35 debug hidden layer-060 position 7: min=-38.7500000 max=144.0000000 mean_abs=2.5346056
qwen35 debug hidden layer-060 position 35: min=-29.5000000 max=137.0000000 mean_abs=2.4070668
qwen35 debug hidden layer-063 position 7: min=-91.0000000 max=81.0000000 mean_abs=3.5498026
qwen35 debug hidden layer-063 position 35: min=-67.5000000 max=105.5000000 mean_abs=4.0146792
qwen35 debug hidden embedding position 83: min=-0.0649414 max=0.0510254 mean_abs=0.0121268
qwen35 debug hidden layer-000 position 83: min=-0.4492188 max=20.3750000 mean_abs=0.0559196
qwen35 debug hidden layer-003 position 83: min=-2.1406250 max=28.7500000 mean_abs=0.1091673
qwen35 debug hidden layer-031 position 83: min=-12.7500000 max=72.5000000 mean_abs=0.6426863
qwen35 debug hidden layer-032 position 83: min=-12.3125000 max=67.0000000 mean_abs=0.6239845
qwen35 debug hidden layer-060 position 83: min=-25.8750000 max=35.2500000 mean_abs=2.4286345
qwen35 debug hidden layer-063 position 83: min=-53.5000000 max=78.5000000 mean_abs=3.6181339
qwen35 debug logits position 0: top1=2456 top2=40 v1=20.000000 v2=16.625000 margin=3.375000
qwen35 debug logits position 1025: top1=55 top2=48 v1=24.625000 v2=13.875000 margin=10.750000
qwen35 debug logits position 1026: top1=35205 top2=69046 v1=28.500000 v2=18.125000 margin=10.375000
qwen35 debug logits position 1027: top1=27325 top2=12 v1=23.250000 v2=14.062500 margin=9.187500
qwen35 debug logits position 1028: top1=54 top2=48 v1=22.375000 v2=13.875000 margin=8.500000
qwen35 debug logits position 1029: top1=923 top2=12 v1=23.500000 v2=13.812500 margin=9.687500
qwen35 debug logits position 1030: top1=18 top2=12 v1=22.625000 v2=12.875000 margin=9.750000
qwen35 debug logits position 1031: top1=23 top2=12 v1=23.125000 v2=13.562500 margin=9.562500
qwen35 debug logits position 1032: top1=12 top2=19 v1=20.625000 v2=11.875000 margin=8.750000
qwen35 debug hidden embedding position 7: min=-0.2832031 max=0.3046875 mean_abs=0.0055488
qwen35 debug hidden layer-000 position 7: min=-0.3691406 max=12.0625000 mean_abs=0.0236909
qwen35 debug hidden layer-003 position 7: min=-2.7187500 max=27.1250000 mean_abs=0.0907624
qwen35 debug hidden layer-031 position 7: min=-14.6250000 max=57.7500000 mean_abs=0.5849555
qwen35 debug hidden layer-032 position 7: min=-14.6250000 max=53.2500000 mean_abs=0.5840638
qwen35 debug hidden layer-060 position 7: min=-24.3750000 max=88.5000000 mean_abs=2.8796911
qwen35 debug hidden layer-063 position 7: min=-74.0000000 max=235.0000000 mean_abs=5.3651766
qwen35 debug logits position 0: top1=2037 top2=198 v1=11.562500 v2=11.437500 margin=0.125000
qwen35 debug logits position 9: top1=9 top2=11961 v1=15.125000 v2=12.125000 margin=3.000000
qwen35 debug logits position 10: top1=10 top2=43181 v1=18.250000 v2=16.750000 margin=1.500000
qwen35 debug hidden embedding position 7: min=-0.2832031 max=0.3046875 mean_abs=0.0055488
qwen35 debug hidden layer-000 position 7: min=-0.3691406 max=12.0625000 mean_abs=0.0236909
qwen35 debug hidden layer-003 position 7: min=-2.7187500 max=27.1250000 mean_abs=0.0907624
qwen35 debug hidden layer-031 position 7: min=-14.6250000 max=57.7500000 mean_abs=0.5849555
qwen35 debug hidden layer-032 position 7: min=-14.6250000 max=53.2500000 mean_abs=0.5840638
qwen35 debug hidden layer-060 position 7: min=-24.3750000 max=88.5000000 mean_abs=2.8796911
qwen35 debug hidden layer-063 position 7: min=-74.0000000 max=235.0000000 mean_abs=5.3651766
qwen35 debug logits position 0: top1=2037 top2=198 v1=11.562500 v2=11.437500 margin=0.125000
qwen35 debug logits position 9: top1=9 top2=11961 v1=15.125000 v2=12.125000 margin=3.000000
qwen35 debug logits position 10: top1=10 top2=43181 v1=18.250000 v2=16.750000 margin=1.500000
qwen35 debug logits position 11: top1=4838 top2=1288 v1=19.000000 v2=15.000000 margin=4.000000
qwen35 debug logits position 12: top1=1665 top2=13 v1=20.375000 v2=17.500000 margin=2.875000
qwen35 debug logits position 13: top1=25 top2=15 v1=18.625000 v2=18.000000 margin=0.625000
qwen35 debug hidden embedding position 7: min=-0.2832031 max=0.3046875 mean_abs=0.0055488
qwen35 debug hidden layer-000 position 7: min=-0.3691406 max=12.0625000 mean_abs=0.0236909
qwen35 debug hidden layer-003 position 7: min=-2.7187500 max=27.1250000 mean_abs=0.0907624
qwen35 debug hidden layer-031 position 7: min=-14.6250000 max=57.7500000 mean_abs=0.5849555
qwen35 debug hidden layer-032 position 7: min=-14.6250000 max=53.2500000 mean_abs=0.5840638
qwen35 debug hidden layer-060 position 7: min=-24.3750000 max=88.5000000 mean_abs=2.8796911
qwen35 debug hidden layer-063 position 7: min=-74.0000000 max=235.0000000 mean_abs=5.3651766
qwen35 debug logits position 0: top1=2037 top2=198 v1=11.562500 v2=11.437500 margin=0.125000
qwen35 debug logits position 9: top1=9 top2=11961 v1=15.125000 v2=12.125000 margin=3.000000
qwen35 debug logits position 10: top1=10 top2=43181 v1=18.250000 v2=16.750000 margin=1.500000
qwen35 debug logits position 11: top1=4838 top2=1288 v1=19.000000 v2=15.000000 margin=4.000000
qwen35 debug logits position 12: top1=1665 top2=13 v1=20.375000 v2=17.500000 margin=2.875000
qwen35 debug logits position 13: top1=25 top2=15 v1=18.625000 v2=18.000000 margin=0.625000
qwen35 debug hidden embedding position 7: min=-0.2832031 max=0.3046875 mean_abs=0.0055488
qwen35 debug hidden layer-000 position 7: min=-0.3691406 max=12.0625000 mean_abs=0.0236909
qwen35 debug hidden layer-003 position 7: min=-2.7187500 max=27.1250000 mean_abs=0.0907624
qwen35 debug hidden layer-031 position 7: min=-14.6250000 max=57.7500000 mean_abs=0.5849555
qwen35 debug hidden layer-032 position 7: min=-14.6250000 max=53.2500000 mean_abs=0.5840638
qwen35 debug hidden layer-060 position 7: min=-24.3750000 max=88.5000000 mean_abs=2.8796911
qwen35 debug hidden layer-063 position 7: min=-74.0000000 max=235.0000000 mean_abs=5.3651766
qwen35 debug logits position 0: top1=2037 top2=198 v1=11.562500 v2=11.437500 margin=0.125000
qwen35 debug logits position 9: top1=9 top2=11961 v1=15.125000 v2=12.125000 margin=3.000000
qwen35 debug logits position 10: top1=10 top2=43181 v1=18.250000 v2=16.750000 margin=1.500000
qwen35 debug logits position 11: top1=4838 top2=1288 v1=19.000000 v2=15.000000 margin=4.000000
qwen35 debug logits position 12: top1=1665 top2=13 v1=20.375000 v2=17.500000 margin=2.875000
qwen35 debug logits position 13: top1=25 top2=15 v1=18.625000 v2=18.000000 margin=0.625000
qwen35 debug hidden embedding position 7: min=-0.2832031 max=0.3046875 mean_abs=0.0055488
qwen35 debug hidden layer-000 position 7: min=-0.3691406 max=12.0625000 mean_abs=0.0236909
qwen35 debug hidden layer-003 position 7: min=-2.7187500 max=27.1250000 mean_abs=0.0907624
qwen35 debug hidden layer-031 position 7: min=-14.6250000 max=57.7500000 mean_abs=0.5849555
qwen35 debug hidden layer-032 position 7: min=-14.6250000 max=53.2500000 mean_abs=0.5840638
qwen35 debug hidden layer-060 position 7: min=-24.3750000 max=88.5000000 mean_abs=2.8796911
qwen35 debug hidden layer-063 position 7: min=-74.0000000 max=235.0000000 mean_abs=5.3651766
qwen35 debug logits position 0: top1=2037 top2=198 v1=11.562500 v2=11.437500 margin=0.125000
qwen35 debug hidden embedding position 7: min=-0.0563965 max=0.0583496 mean_abs=0.0125982
qwen35 debug hidden embedding position 35: min=-0.0673828 max=0.0825195 mean_abs=0.0123046
qwen35 debug hidden layer-000 position 7: min=-0.5507812 max=16.7500000 mean_abs=0.0575258
qwen35 debug hidden layer-000 position 35: min=-0.2617188 max=15.6875000 mean_abs=0.0405904
qwen35 debug hidden layer-003 position 7: min=-2.6562500 max=32.0000000 mean_abs=0.0995327
qwen35 debug hidden layer-003 position 35: min=-1.4375000 max=24.7500000 mean_abs=0.0739413
qwen35 debug hidden layer-031 position 7: min=-17.3750000 max=68.5000000 mean_abs=0.4924363
qwen35 debug hidden layer-031 position 35: min=-13.2500000 max=61.7500000 mean_abs=0.5891870
qwen35 debug hidden layer-032 position 7: min=-17.6250000 max=62.0000000 mean_abs=0.4852604
qwen35 debug hidden layer-032 position 35: min=-13.1250000 max=56.5000000 mean_abs=0.5794882
qwen35 debug hidden layer-060 position 7: min=-38.7500000 max=144.0000000 mean_abs=2.5346056
qwen35 debug hidden layer-060 position 35: min=-29.5000000 max=137.0000000 mean_abs=2.4070668
qwen35 debug hidden layer-063 position 7: min=-91.0000000 max=81.0000000 mean_abs=3.5498026
qwen35 debug hidden layer-063 position 35: min=-67.5000000 max=105.5000000 mean_abs=4.0146792
qwen35 debug hidden embedding position 83: min=-0.0649414 max=0.0510254 mean_abs=0.0121268
qwen35 debug hidden layer-000 position 83: min=-0.4492188 max=20.3750000 mean_abs=0.0559196
qwen35 debug hidden layer-003 position 83: min=-2.1406250 max=28.7500000 mean_abs=0.1091673
qwen35 debug hidden layer-031 position 83: min=-12.7500000 max=72.5000000 mean_abs=0.6426863
qwen35 debug hidden layer-032 position 83: min=-12.3125000 max=67.0000000 mean_abs=0.6239845
qwen35 debug hidden layer-060 position 83: min=-25.8750000 max=35.2500000 mean_abs=2.4286345
qwen35 debug hidden layer-063 position 83: min=-53.5000000 max=78.5000000 mean_abs=3.6181339
qwen35 debug logits position 0: top1=2456 top2=40 v1=20.000000 v2=16.625000 margin=3.375000
qwen35 debug logits position 1025: top1=55 top2=48 v1=24.625000 v2=13.875000 margin=10.750000
qwen35 debug logits position 1026: top1=35205 top2=69046 v1=28.500000 v2=18.125000 margin=10.375000
qwen35 debug logits position 1027: top1=27325 top2=12 v1=23.250000 v2=14.062500 margin=9.187500
qwen35 debug logits position 1028: top1=54 top2=48 v1=22.375000 v2=13.875000 margin=8.500000
qwen35 debug logits position 1029: top1=923 top2=12 v1=23.500000 v2=13.812500 margin=9.687500
qwen35 debug logits position 1030: top1=18 top2=12 v1=22.625000 v2=12.875000 margin=9.750000
qwen35 debug logits position 1031: top1=23 top2=12 v1=23.125000 v2=13.562500 margin=9.562500
qwen35 debug logits position 1032: top1=12 top2=19 v1=20.625000 v2=11.875000 margin=8.750000
qwen35 debug logits position 1033: top1=19 top2=17 v1=23.375000 v2=12.750000 margin=10.625000
qwen35 debug hidden embedding position 7: min=-0.2832031 max=0.3046875 mean_abs=0.0055488
qwen35 debug hidden layer-000 position 7: min=-0.3691406 max=12.0625000 mean_abs=0.0236909
qwen35 debug hidden layer-003 position 7: min=-2.7187500 max=27.1250000 mean_abs=0.0907624
qwen35 debug hidden layer-031 position 7: min=-14.6250000 max=57.7500000 mean_abs=0.5849555
qwen35 debug hidden layer-032 position 7: min=-14.6250000 max=53.2500000 mean_abs=0.5840638
qwen35 debug hidden layer-060 position 7: min=-24.3750000 max=88.5000000 mean_abs=2.8796911
qwen35 debug hidden layer-063 position 7: min=-74.0000000 max=235.0000000 mean_abs=5.3651766
qwen35 debug logits position 0: top1=2037 top2=198 v1=11.562500 v2=11.437500 margin=0.125000
qwen35 debug logits position 9: top1=9 top2=11961 v1=15.125000 v2=12.125000 margin=3.000000
qwen35 debug hidden embedding position 7: min=-0.0563965 max=0.0583496 mean_abs=0.0125982
qwen35 debug hidden embedding position 35: min=-0.0673828 max=0.0825195 mean_abs=0.0123046
qwen35 debug hidden layer-000 position 7: min=-0.5507812 max=16.7500000 mean_abs=0.0575258
qwen35 debug hidden layer-000 position 35: min=-0.2617188 max=15.6875000 mean_abs=0.0405904
qwen35 debug hidden layer-003 position 7: min=-2.6562500 max=32.0000000 mean_abs=0.0995327
qwen35 debug hidden layer-003 position 35: min=-1.4375000 max=24.7500000 mean_abs=0.0739413
qwen35 debug hidden layer-031 position 7: min=-17.3750000 max=68.5000000 mean_abs=0.4924363
qwen35 debug hidden layer-031 position 35: min=-13.2500000 max=61.7500000 mean_abs=0.5891870
qwen35 debug hidden layer-032 position 7: min=-17.6250000 max=62.0000000 mean_abs=0.4852604
qwen35 debug hidden layer-032 position 35: min=-13.1250000 max=56.5000000 mean_abs=0.5794882
qwen35 debug hidden layer-060 position 7: min=-38.7500000 max=144.0000000 mean_abs=2.5346056
qwen35 debug hidden layer-060 position 35: min=-29.5000000 max=137.0000000 mean_abs=2.4070668
qwen35 debug hidden layer-063 position 7: min=-91.0000000 max=81.0000000 mean_abs=3.5498026
qwen35 debug hidden layer-063 position 35: min=-67.5000000 max=105.5000000 mean_abs=4.0146792
qwen35 debug hidden embedding position 83: min=-0.0649414 max=0.0510254 mean_abs=0.0121268
qwen35 debug hidden layer-000 position 83: min=-0.4492188 max=20.3750000 mean_abs=0.0559196
qwen35 debug hidden layer-003 position 83: min=-2.1406250 max=28.7500000 mean_abs=0.1091673
qwen35 debug hidden layer-031 position 83: min=-12.7500000 max=72.5000000 mean_abs=0.6426863
qwen35 debug hidden layer-032 position 83: min=-12.3125000 max=67.0000000 mean_abs=0.6239845
qwen35 debug hidden layer-060 position 83: min=-25.8750000 max=35.2500000 mean_abs=2.4286345
qwen35 debug hidden layer-063 position 83: min=-53.5000000 max=78.5000000 mean_abs=3.6181339
qwen35 debug logits position 0: top1=2456 top2=40 v1=20.000000 v2=16.625000 margin=3.375000
qwen35 debug logits position 1025: top1=55 top2=48 v1=24.625000 v2=13.875000 margin=10.750000
qwen35 debug logits position 1026: top1=35205 top2=69046 v1=28.500000 v2=18.125000 margin=10.375000
qwen35 debug logits position 1027: top1=27325 top2=12 v1=23.250000 v2=14.062500 margin=9.187500
qwen35 debug logits position 1028: top1=54 top2=48 v1=22.375000 v2=13.875000 margin=8.500000
qwen35 debug logits position 1029: top1=923 top2=12 v1=23.500000 v2=13.812500 margin=9.687500
qwen35 debug logits position 1030: top1=18 top2=12 v1=22.625000 v2=12.875000 margin=9.750000
qwen35 debug logits position 1031: top1=23 top2=12 v1=23.125000 v2=13.562500 margin=9.562500
qwen35 debug logits position 1032: top1=12 top2=19 v1=20.625000 v2=11.875000 margin=8.750000
qwen35 debug logits position 1033: top1=19 top2=17 v1=23.375000 v2=12.750000 margin=10.625000
qwen35 debug logits position 1034: top1=15 top2=12 v1=21.375000 v2=9.875000 margin=11.500000
qwen35 debug hidden embedding position 7: min=-0.2832031 max=0.3046875 mean_abs=0.0055488
qwen35 debug hidden layer-000 position 7: min=-0.3691406 max=12.0625000 mean_abs=0.0236909
qwen35 debug hidden layer-003 position 7: min=-2.7187500 max=27.1250000 mean_abs=0.0907624
qwen35 debug hidden layer-031 position 7: min=-14.6250000 max=57.7500000 mean_abs=0.5849555
qwen35 debug hidden layer-032 position 7: min=-14.6250000 max=53.2500000 mean_abs=0.5840638
qwen35 debug hidden layer-060 position 7: min=-24.3750000 max=88.5000000 mean_abs=2.8796911
qwen35 debug hidden layer-063 position 7: min=-74.0000000 max=235.0000000 mean_abs=5.3651766
qwen35 debug logits position 0: top1=2037 top2=198 v1=11.562500 v2=11.437500 margin=0.125000
qwen35 debug logits position 9: top1=9 top2=11961 v1=15.125000 v2=12.125000 margin=3.000000
qwen35 debug logits position 10: top1=10 top2=43181 v1=18.250000 v2=16.750000 margin=1.500000
qwen35 debug logits position 11: top1=4838 top2=1288 v1=19.000000 v2=15.000000 margin=4.000000
qwen35 debug logits position 12: top1=1665 top2=13 v1=20.375000 v2=17.500000 margin=2.875000
qwen35 debug logits position 13: top1=25 top2=15 v1=18.625000 v2=18.000000 margin=0.625000
qwen35 debug logits position 14: top1=33898 top2=26 v1=23.250000 v2=20.375000 margin=2.875000
qwen35 debug logits position 15: top1=2110 top2=19279 v1=21.375000 v2=15.375000 margin=6.000000
qwen35 debug hidden embedding position 7: min=-0.2832031 max=0.3046875 mean_abs=0.0055488
qwen35 debug hidden layer-000 position 7: min=-0.3691406 max=12.0625000 mean_abs=0.0236909
qwen35 debug hidden layer-003 position 7: min=-2.7187500 max=27.1250000 mean_abs=0.0907624
qwen35 debug hidden layer-031 position 7: min=-14.6250000 max=57.7500000 mean_abs=0.5849555
qwen35 debug hidden layer-032 position 7: min=-14.6250000 max=53.2500000 mean_abs=0.5840638
qwen35 debug hidden layer-060 position 7: min=-24.3750000 max=88.5000000 mean_abs=2.8796911
qwen35 debug hidden layer-063 position 7: min=-74.0000000 max=235.0000000 mean_abs=5.3651766
qwen35 debug logits position 0: top1=2037 top2=198 v1=11.562500 v2=11.437500 margin=0.125000
qwen35 debug logits position 9: top1=9 top2=11961 v1=15.125000 v2=12.125000 margin=3.000000
qwen35 debug logits position 10: top1=10 top2=43181 v1=18.250000 v2=16.750000 margin=1.500000
qwen35 debug logits position 11: top1=4838 top2=1288 v1=19.000000 v2=15.000000 margin=4.000000
qwen35 debug logits position 12: top1=1665 top2=13 v1=20.375000 v2=17.500000 margin=2.875000
qwen35 debug logits position 13: top1=25 top2=15 v1=18.625000 v2=18.000000 margin=0.625000
qwen35 debug hidden embedding position 7: min=-0.0563965 max=0.0583496 mean_abs=0.0125982
qwen35 debug hidden embedding position 35: min=-0.0673828 max=0.0825195 mean_abs=0.0123046
qwen35 debug hidden layer-000 position 7: min=-0.5507812 max=16.7500000 mean_abs=0.0575258
qwen35 debug hidden layer-000 position 35: min=-0.2617188 max=15.6875000 mean_abs=0.0405904
qwen35 debug hidden layer-003 position 7: min=-2.6562500 max=32.0000000 mean_abs=0.0995327
qwen35 debug hidden layer-003 position 35: min=-1.4375000 max=24.7500000 mean_abs=0.0739413
qwen35 debug hidden layer-031 position 7: min=-17.3750000 max=68.5000000 mean_abs=0.4924363
qwen35 debug hidden layer-031 position 35: min=-13.2500000 max=61.7500000 mean_abs=0.5891870
qwen35 debug hidden layer-032 position 7: min=-17.6250000 max=62.0000000 mean_abs=0.4852604
qwen35 debug hidden layer-032 position 35: min=-13.1250000 max=56.5000000 mean_abs=0.5794882
qwen35 debug hidden layer-060 position 7: min=-38.7500000 max=144.0000000 mean_abs=2.5346056
qwen35 debug hidden layer-060 position 35: min=-29.5000000 max=137.0000000 mean_abs=2.4070668
qwen35 debug hidden layer-063 position 7: min=-91.0000000 max=81.0000000 mean_abs=3.5498026
qwen35 debug hidden layer-063 position 35: min=-67.5000000 max=105.5000000 mean_abs=4.0146792
qwen35 debug hidden embedding position 83: min=-0.0649414 max=0.0510254 mean_abs=0.0121268
qwen35 debug hidden layer-000 position 83: min=-0.4492188 max=20.3750000 mean_abs=0.0559196
qwen35 debug hidden layer-003 position 83: min=-2.1406250 max=28.7500000 mean_abs=0.1091673
qwen35 debug hidden layer-031 position 83: min=-12.7500000 max=72.5000000 mean_abs=0.6426863
qwen35 debug hidden layer-032 position 83: min=-12.3125000 max=67.0000000 mean_abs=0.6239845
qwen35 debug hidden layer-060 position 83: min=-25.8750000 max=35.2500000 mean_abs=2.4286345
qwen35 debug hidden layer-063 position 83: min=-53.5000000 max=78.5000000 mean_abs=3.6181339
qwen35 debug logits position 0: top1=2456 top2=40 v1=20.000000 v2=16.625000 margin=3.375000
qwen35 debug logits position 1025: top1=55 top2=48 v1=24.625000 v2=13.875000 margin=10.750000
qwen35 debug logits position 1026: top1=35205 top2=69046 v1=28.500000 v2=18.125000 margin=10.375000
qwen35 debug logits position 1027: top1=27325 top2=12 v1=23.250000 v2=14.062500 margin=9.187500
qwen35 debug logits position 1028: top1=54 top2=48 v1=22.375000 v2=13.875000 margin=8.500000
qwen35 debug logits position 1029: top1=923 top2=12 v1=23.500000 v2=13.812500 margin=9.687500
qwen35 debug logits position 1030: top1=18 top2=12 v1=22.625000 v2=12.875000 margin=9.750000
qwen35 debug logits position 1031: top1=23 top2=12 v1=23.125000 v2=13.562500 margin=9.562500
qwen35 debug logits position 1032: top1=12 top2=19 v1=20.625000 v2=11.875000 margin=8.750000
qwen35 debug logits position 1033: top1=19 top2=17 v1=23.375000 v2=12.750000 margin=10.625000
qwen35 debug logits position 1034: top1=15 top2=12 v1=21.375000 v2=9.875000 margin=11.500000
qwen35 debug hidden embedding position 7: min=-0.2832031 max=0.3046875 mean_abs=0.0055488
qwen35 debug hidden layer-000 position 7: min=-0.3691406 max=12.0625000 mean_abs=0.0236909
qwen35 debug hidden layer-003 position 7: min=-2.7187500 max=27.1250000 mean_abs=0.0907624
qwen35 debug hidden layer-031 position 7: min=-14.6250000 max=57.7500000 mean_abs=0.5849555
qwen35 debug hidden layer-032 position 7: min=-14.6250000 max=53.2500000 mean_abs=0.5840638
qwen35 debug hidden layer-060 position 7: min=-24.3750000 max=88.5000000 mean_abs=2.8796911
qwen35 debug hidden layer-063 position 7: min=-74.0000000 max=235.0000000 mean_abs=5.3651766
qwen35 debug logits position 0: top1=2037 top2=198 v1=11.562500 v2=11.437500 margin=0.125000
qwen35 debug logits position 9: top1=9 top2=11961 v1=15.125000 v2=12.125000 margin=3.000000
qwen35 debug logits position 10: top1=10 top2=43181 v1=18.250000 v2=16.750000 margin=1.500000
qwen35 debug logits position 11: top1=4838 top2=1288 v1=19.000000 v2=15.000000 margin=4.000000
qwen35 debug logits position 12: top1=1665 top2=13 v1=20.375000 v2=17.500000 margin=2.875000
qwen35 debug logits position 13: top1=25 top2=15 v1=18.625000 v2=18.000000 margin=0.625000
qwen35 debug hidden embedding position 7: min=-0.2832031 max=0.3046875 mean_abs=0.0055488
qwen35 debug hidden layer-000 position 7: min=-0.3691406 max=12.0625000 mean_abs=0.0236909
qwen35 debug hidden layer-003 position 7: min=-2.7187500 max=27.1250000 mean_abs=0.0907624
qwen35 debug hidden layer-031 position 7: min=-14.6250000 max=57.7500000 mean_abs=0.5849555
qwen35 debug hidden layer-032 position 7: min=-14.6250000 max=53.2500000 mean_abs=0.5840638
qwen35 debug hidden layer-060 position 7: min=-24.3750000 max=88.5000000 mean_abs=2.8796911
qwen35 debug hidden layer-063 position 7: min=-74.0000000 max=235.0000000 mean_abs=5.3651766
qwen35 debug logits position 0: top1=2037 top2=198 v1=11.562500 v2=11.437500 margin=0.125000
qwen35 debug logits position 9: top1=9 top2=11961 v1=15.125000 v2=12.125000 margin=3.000000
qwen35 debug logits position 10: top1=10 top2=43181 v1=18.250000 v2=16.750000 margin=1.500000
qwen35 debug logits position 11: top1=4838 top2=1288 v1=19.000000 v2=15.000000 margin=4.000000
qwen35 debug logits position 12: top1=1665 top2=13 v1=20.375000 v2=17.500000 margin=2.875000
qwen35 debug logits position 13: top1=25 top2=15 v1=18.625000 v2=18.000000 margin=0.625000
qwen35 debug logits position 14: top1=33898 top2=26 v1=23.250000 v2=20.375000 margin=2.875000
qwen35 debug logits position 15: top1=2110 top2=19279 v1=21.375000 v2=15.375000 margin=6.000000
qwen35 debug hidden embedding position 7: min=-0.2832031 max=0.3046875 mean_abs=0.0055488
qwen35 debug hidden layer-000 position 7: min=-0.3691406 max=12.0625000 mean_abs=0.0236909
qwen35 debug hidden layer-003 position 7: min=-2.7187500 max=27.1250000 mean_abs=0.0907624
qwen35 debug hidden layer-031 position 7: min=-14.6250000 max=57.7500000 mean_abs=0.5849555
qwen35 debug hidden layer-032 position 7: min=-14.6250000 max=53.2500000 mean_abs=0.5840638
qwen35 debug hidden layer-060 position 7: min=-24.3750000 max=88.5000000 mean_abs=2.8796911
qwen35 debug hidden layer-063 position 7: min=-74.0000000 max=235.0000000 mean_abs=5.3651766
qwen35 debug logits position 0: top1=2037 top2=198 v1=11.562500 v2=11.437500 margin=0.125000
qwen35 debug logits position 9: top1=9 top2=11961 v1=15.125000 v2=12.125000 margin=3.000000
qwen35 debug logits position 10: top1=10 top2=43181 v1=18.250000 v2=16.750000 margin=1.500000
qwen35 debug logits position 11: top1=4838 top2=1288 v1=19.000000 v2=15.000000 margin=4.000000
qwen35 debug hidden embedding position 7: min=-0.0563965 max=0.0583496 mean_abs=0.0125982
qwen35 debug hidden embedding position 35: min=-0.0673828 max=0.0825195 mean_abs=0.0123046
qwen35 debug hidden layer-000 position 7: min=-0.5507812 max=16.7500000 mean_abs=0.0575258
qwen35 debug hidden layer-000 position 35: min=-0.2617188 max=15.6875000 mean_abs=0.0405904
qwen35 debug hidden layer-003 position 7: min=-2.6562500 max=32.0000000 mean_abs=0.0995327
qwen35 debug hidden layer-003 position 35: min=-1.4375000 max=24.7500000 mean_abs=0.0739413
qwen35 debug hidden layer-031 position 7: min=-17.3750000 max=68.5000000 mean_abs=0.4924363
qwen35 debug hidden layer-031 position 35: min=-13.2500000 max=61.7500000 mean_abs=0.5891870
qwen35 debug hidden layer-032 position 7: min=-17.6250000 max=62.0000000 mean_abs=0.4852604
qwen35 debug hidden layer-032 position 35: min=-13.1250000 max=56.5000000 mean_abs=0.5794882
qwen35 debug hidden layer-060 position 7: min=-38.7500000 max=144.0000000 mean_abs=2.5346056
qwen35 debug hidden layer-060 position 35: min=-29.5000000 max=137.0000000 mean_abs=2.4070668
qwen35 debug hidden layer-063 position 7: min=-91.0000000 max=81.0000000 mean_abs=3.5498026
qwen35 debug hidden layer-063 position 35: min=-67.5000000 max=105.5000000 mean_abs=4.0146792
qwen35 debug hidden embedding position 83: min=-0.0649414 max=0.0510254 mean_abs=0.0121268
qwen35 debug hidden layer-000 position 83: min=-0.4492188 max=20.3750000 mean_abs=0.0559196
qwen35 debug hidden layer-003 position 83: min=-2.1406250 max=28.7500000 mean_abs=0.1091673
qwen35 debug hidden layer-031 position 83: min=-12.7500000 max=72.5000000 mean_abs=0.6426863
qwen35 debug hidden layer-032 position 83: min=-12.3125000 max=67.0000000 mean_abs=0.6239845
qwen35 debug hidden layer-060 position 83: min=-25.8750000 max=35.2500000 mean_abs=2.4286345
qwen35 debug hidden layer-063 position 83: min=-53.5000000 max=78.5000000 mean_abs=3.6181339
qwen35 debug logits position 0: top1=2456 top2=40 v1=20.000000 v2=16.625000 margin=3.375000
qwen35 debug logits position 1025: top1=55 top2=48 v1=24.625000 v2=13.875000 margin=10.750000
qwen35 debug logits position 1026: top1=35205 top2=69046 v1=28.500000 v2=18.125000 margin=10.375000
qwen35 debug logits position 1027: top1=27325 top2=12 v1=23.250000 v2=14.062500 margin=9.187500
qwen35 debug logits position 1028: top1=54 top2=48 v1=22.375000 v2=13.875000 margin=8.500000
qwen35 debug hidden embedding position 7: min=-0.2832031 max=0.3046875 mean_abs=0.0055488
qwen35 debug hidden layer-000 position 7: min=-0.3691406 max=12.0625000 mean_abs=0.0236909
qwen35 debug hidden layer-003 position 7: min=-2.7187500 max=27.1250000 mean_abs=0.0907624
qwen35 debug hidden layer-031 position 7: min=-14.6250000 max=57.7500000 mean_abs=0.5849555
qwen35 debug hidden layer-032 position 7: min=-14.6250000 max=53.2500000 mean_abs=0.5840638
qwen35 debug hidden layer-060 position 7: min=-24.3750000 max=88.5000000 mean_abs=2.8796911
qwen35 debug hidden layer-063 position 7: min=-74.0000000 max=235.0000000 mean_abs=5.3651766
qwen35 debug logits position 0: top1=2037 top2=198 v1=11.562500 v2=11.437500 margin=0.125000
qwen35 debug logits position 9: top1=9 top2=11961 v1=15.125000 v2=12.125000 margin=3.000000
qwen35 debug logits position 10: top1=10 top2=43181 v1=18.250000 v2=16.750000 margin=1.500000
qwen35 debug logits position 11: top1=4838 top2=1288 v1=19.000000 v2=15.000000 margin=4.000000
qwen35 debug logits position 12: top1=1665 top2=13 v1=20.375000 v2=17.500000 margin=2.875000
qwen35 debug logits position 13: top1=25 top2=15 v1=18.625000 v2=18.000000 margin=0.625000
qwen35 debug logits position 14: top1=33898 top2=26 v1=23.250000 v2=20.375000 margin=2.875000
qwen35 debug logits position 15: top1=2110 top2=19279 v1=21.375000 v2=15.375000 margin=6.000000
qwen35 debug hidden embedding position 7: min=-0.2832031 max=0.3046875 mean_abs=0.0055488
qwen35 debug hidden layer-000 position 7: min=-0.3691406 max=12.0625000 mean_abs=0.0236909
qwen35 debug hidden layer-003 position 7: min=-2.7187500 max=27.1250000 mean_abs=0.0907624
qwen35 debug hidden layer-031 position 7: min=-14.6250000 max=57.7500000 mean_abs=0.5849555
qwen35 debug hidden layer-032 position 7: min=-14.6250000 max=53.2500000 mean_abs=0.5840638
qwen35 debug hidden layer-060 position 7: min=-24.3750000 max=88.5000000 mean_abs=2.8796911
qwen35 debug hidden layer-063 position 7: min=-74.0000000 max=235.0000000 mean_abs=5.3651766
qwen35 debug logits position 0: top1=2037 top2=198 v1=11.562500 v2=11.437500 margin=0.125000
qwen35 debug logits position 9: top1=9 top2=11961 v1=15.125000 v2=12.125000 margin=3.000000
qwen35 debug hidden embedding position 7: min=-0.2832031 max=0.3046875 mean_abs=0.0055488
qwen35 debug hidden layer-000 position 7: min=-0.3691406 max=12.0625000 mean_abs=0.0236909
qwen35 debug hidden layer-003 position 7: min=-2.7187500 max=27.1250000 mean_abs=0.0907624
qwen35 debug hidden layer-031 position 7: min=-14.6250000 max=57.7500000 mean_abs=0.5849555
qwen35 debug hidden layer-032 position 7: min=-14.6250000 max=53.2500000 mean_abs=0.5840638
qwen35 debug hidden layer-060 position 7: min=-24.3750000 max=88.5000000 mean_abs=2.8796911
qwen35 debug hidden layer-063 position 7: min=-74.0000000 max=235.0000000 mean_abs=5.3651766
qwen35 debug logits position 0: top1=2037 top2=198 v1=11.562500 v2=11.437500 margin=0.125000
qwen35 debug logits position 9: top1=9 top2=11961 v1=15.125000 v2=12.125000 margin=3.000000
qwen35 debug logits position 10: top1=10 top2=43181 v1=18.250000 v2=16.750000 margin=1.500000
qwen35 debug logits position 11: top1=4838 top2=1288 v1=19.000000 v2=15.000000 margin=4.000000
qwen35 debug logits position 12: top1=1665 top2=13 v1=20.375000 v2=17.500000 margin=2.875000
qwen35 debug logits position 13: top1=25 top2=15 v1=18.625000 v2=18.000000 margin=0.625000
qwen35 debug hidden embedding position 7: min=-0.2832031 max=0.3046875 mean_abs=0.0055488
qwen35 debug hidden layer-000 position 7: min=-0.3691406 max=12.0625000 mean_abs=0.0236909
qwen35 debug hidden layer-003 position 7: min=-2.7187500 max=27.1250000 mean_abs=0.0907624
qwen35 debug hidden layer-031 position 7: min=-14.6250000 max=57.7500000 mean_abs=0.5849555
qwen35 debug hidden layer-032 position 7: min=-14.6250000 max=53.2500000 mean_abs=0.5840638
qwen35 debug hidden layer-060 position 7: min=-24.3750000 max=88.5000000 mean_abs=2.8796911
qwen35 debug hidden layer-063 position 7: min=-74.0000000 max=235.0000000 mean_abs=5.3651766
qwen35 debug logits position 0: top1=2037 top2=198 v1=11.562500 v2=11.437500 margin=0.125000
qwen35 debug logits position 9: top1=9 top2=11961 v1=15.125000 v2=12.125000 margin=3.000000
qwen35 debug logits position 10: top1=10 top2=43181 v1=18.250000 v2=16.750000 margin=1.500000
qwen35 debug logits position 11: top1=4838 top2=1288 v1=19.000000 v2=15.000000 margin=4.000000
qwen35 debug hidden embedding position 7: min=-0.2832031 max=0.3046875 mean_abs=0.0055488
qwen35 debug hidden layer-000 position 7: min=-0.3691406 max=12.0625000 mean_abs=0.0236909
qwen35 debug hidden layer-003 position 7: min=-2.7187500 max=27.1250000 mean_abs=0.0907624
qwen35 debug hidden layer-031 position 7: min=-14.6250000 max=57.7500000 mean_abs=0.5849555
qwen35 debug hidden layer-032 position 7: min=-14.6250000 max=53.2500000 mean_abs=0.5840638
qwen35 debug hidden layer-060 position 7: min=-24.3750000 max=88.5000000 mean_abs=2.8796911
qwen35 debug hidden layer-063 position 7: min=-74.0000000 max=235.0000000 mean_abs=5.3651766
qwen35 debug logits position 0: top1=2037 top2=198 v1=11.562500 v2=11.437500 margin=0.125000
qwen35 debug hidden embedding position 7: min=-0.2832031 max=0.3046875 mean_abs=0.0055488
qwen35 debug hidden layer-000 position 7: min=-0.3691406 max=12.0625000 mean_abs=0.0236909
qwen35 debug hidden layer-003 position 7: min=-2.7187500 max=27.1250000 mean_abs=0.0907624
qwen35 debug hidden layer-031 position 7: min=-14.6250000 max=57.7500000 mean_abs=0.5849555
qwen35 debug hidden layer-032 position 7: min=-14.6250000 max=53.2500000 mean_abs=0.5840638
qwen35 debug hidden layer-060 position 7: min=-24.3750000 max=88.5000000 mean_abs=2.8796911
qwen35 debug hidden layer-063 position 7: min=-74.0000000 max=235.0000000 mean_abs=5.3651766
qwen35 debug logits position 0: top1=2037 top2=198 v1=11.562500 v2=11.437500 margin=0.125000
qwen35 debug logits position 9: top1=9 top2=11961 v1=15.125000 v2=12.125000 margin=3.000000
qwen35 debug hidden embedding position 7: min=-0.0563965 max=0.0583496 mean_abs=0.0125982
qwen35 debug hidden embedding position 35: min=-0.0673828 max=0.0825195 mean_abs=0.0123046
qwen35 debug hidden layer-000 position 7: min=-0.5507812 max=16.7500000 mean_abs=0.0575258
qwen35 debug hidden layer-000 position 35: min=-0.2617188 max=15.6875000 mean_abs=0.0405904
qwen35 debug hidden layer-003 position 7: min=-2.6562500 max=32.0000000 mean_abs=0.0995327
qwen35 debug hidden layer-003 position 35: min=-1.4375000 max=24.7500000 mean_abs=0.0739413
qwen35 debug hidden layer-031 position 7: min=-17.3750000 max=68.5000000 mean_abs=0.4924363
qwen35 debug hidden layer-031 position 35: min=-13.2500000 max=61.7500000 mean_abs=0.5891870
qwen35 debug hidden layer-032 position 7: min=-17.6250000 max=62.0000000 mean_abs=0.4852604
qwen35 debug hidden layer-032 position 35: min=-13.1250000 max=56.5000000 mean_abs=0.5794882
qwen35 debug hidden layer-060 position 7: min=-38.7500000 max=144.0000000 mean_abs=2.5346056
qwen35 debug hidden layer-060 position 35: min=-29.5000000 max=137.0000000 mean_abs=2.4070668
qwen35 debug hidden layer-063 position 7: min=-91.0000000 max=81.0000000 mean_abs=3.5498026
qwen35 debug hidden layer-063 position 35: min=-67.5000000 max=105.5000000 mean_abs=4.0146792
qwen35 debug hidden embedding position 83: min=-0.0649414 max=0.0510254 mean_abs=0.0121268
qwen35 debug hidden layer-000 position 83: min=-0.4492188 max=20.3750000 mean_abs=0.0559196
qwen35 debug hidden layer-003 position 83: min=-2.1406250 max=28.7500000 mean_abs=0.1091673
qwen35 debug hidden layer-031 position 83: min=-12.7500000 max=72.5000000 mean_abs=0.6426863
qwen35 debug hidden layer-032 position 83: min=-12.3125000 max=67.0000000 mean_abs=0.6239845
qwen35 debug hidden layer-060 position 83: min=-25.8750000 max=35.2500000 mean_abs=2.4286345
qwen35 debug hidden layer-063 position 83: min=-53.5000000 max=78.5000000 mean_abs=3.6181339
qwen35 debug logits position 0: top1=2456 top2=40 v1=20.000000 v2=16.625000 margin=3.375000
qwen35 debug logits position 1025: top1=55 top2=48 v1=24.625000 v2=13.875000 margin=10.750000
qwen35 debug logits position 1026: top1=35205 top2=69046 v1=28.500000 v2=18.125000 margin=10.375000
qwen35 debug logits position 1027: top1=27325 top2=12 v1=23.250000 v2=14.062500 margin=9.187500
qwen35 debug logits position 1028: top1=54 top2=48 v1=22.375000 v2=13.875000 margin=8.500000
qwen35 debug logits position 1029: top1=923 top2=12 v1=23.500000 v2=13.812500 margin=9.687500
qwen35 debug logits position 1030: top1=18 top2=12 v1=22.625000 v2=12.875000 margin=9.750000
qwen35 debug logits position 1031: top1=23 top2=12 v1=23.125000 v2=13.562500 margin=9.562500
qwen35 debug logits position 1032: top1=12 top2=19 v1=20.625000 v2=11.875000 margin=8.750000
qwen35 debug logits position 1033: top1=19 top2=17 v1=23.375000 v2=12.750000 margin=10.625000
qwen35 debug logits position 1034: top1=15 top2=12 v1=21.375000 v2=9.875000 margin=11.500000
qwen35 debug logits position 1035: top1=24 top2=19 v1=21.500000 v2=10.812500 margin=10.687500
qwen35 debug hidden embedding position 7: min=-0.2832031 max=0.3046875 mean_abs=0.0055488
qwen35 debug hidden layer-000 position 7: min=-0.3691406 max=12.0625000 mean_abs=0.0236909
qwen35 debug hidden layer-003 position 7: min=-2.7187500 max=27.1250000 mean_abs=0.0907624
qwen35 debug hidden layer-031 position 7: min=-14.6250000 max=57.7500000 mean_abs=0.5849555
qwen35 debug hidden layer-032 position 7: min=-14.6250000 max=53.2500000 mean_abs=0.5840638
qwen35 debug hidden layer-060 position 7: min=-24.3750000 max=88.5000000 mean_abs=2.8796911
qwen35 debug hidden layer-063 position 7: min=-74.0000000 max=235.0000000 mean_abs=5.3651766
qwen35 debug logits position 0: top1=2037 top2=198 v1=11.562500 v2=11.437500 margin=0.125000
qwen35 debug logits position 9: top1=9 top2=11961 v1=15.125000 v2=12.125000 margin=3.000000
qwen35 debug logits position 10: top1=10 top2=43181 v1=18.250000 v2=16.750000 margin=1.500000
qwen35 debug logits position 11: top1=4838 top2=1288 v1=19.000000 v2=15.000000 margin=4.000000
qwen35 debug logits position 12: top1=1665 top2=13 v1=20.375000 v2=17.500000 margin=2.875000
qwen35 debug logits position 13: top1=25 top2=15 v1=18.625000 v2=18.000000 margin=0.625000
qwen35 debug logits position 14: top1=33898 top2=26 v1=23.250000 v2=20.375000 margin=2.875000
qwen35 debug logits position 15: top1=2110 top2=19279 v1=21.375000 v2=15.375000 margin=6.000000
qwen35 debug hidden embedding position 7: min=-0.2832031 max=0.3046875 mean_abs=0.0055488
qwen35 debug hidden layer-000 position 7: min=-0.3691406 max=12.0625000 mean_abs=0.0236909
qwen35 debug hidden layer-003 position 7: min=-2.7187500 max=27.1250000 mean_abs=0.0907624
qwen35 debug hidden layer-031 position 7: min=-14.6250000 max=57.7500000 mean_abs=0.5849555
qwen35 debug hidden layer-032 position 7: min=-14.6250000 max=53.2500000 mean_abs=0.5840638
qwen35 debug hidden layer-060 position 7: min=-24.3750000 max=88.5000000 mean_abs=2.8796911
qwen35 debug hidden layer-063 position 7: min=-74.0000000 max=235.0000000 mean_abs=5.3651766
qwen35 debug logits position 0: top1=2037 top2=198 v1=11.562500 v2=11.437500 margin=0.125000
qwen35 debug logits position 9: top1=9 top2=11961 v1=15.125000 v2=12.125000 margin=3.000000
qwen35 debug logits position 10: top1=10 top2=43181 v1=18.250000 v2=16.750000 margin=1.500000
qwen35 debug logits position 11: top1=4838 top2=1288 v1=19.000000 v2=15.000000 margin=4.000000
qwen35 debug logits position 12: top1=1665 top2=13 v1=20.375000 v2=17.500000 margin=2.875000
qwen35 debug logits position 13: top1=25 top2=15 v1=18.625000 v2=18.000000 margin=0.625000
qwen35 debug logits position 14: top1=33898 top2=26 v1=23.250000 v2=20.375000 margin=2.875000
qwen35 debug logits position 15: top1=2110 top2=19279 v1=21.375000 v2=15.375000 margin=6.000000
qwen35 debug hidden embedding position 7: min=-0.2832031 max=0.3046875 mean_abs=0.0055488
qwen35 debug hidden layer-000 position 7: min=-0.3691406 max=12.0625000 mean_abs=0.0236909
qwen35 debug hidden layer-003 position 7: min=-2.7187500 max=27.1250000 mean_abs=0.0907624
qwen35 debug hidden layer-031 position 7: min=-14.6250000 max=57.7500000 mean_abs=0.5849555
qwen35 debug hidden layer-032 position 7: min=-14.6250000 max=53.2500000 mean_abs=0.5840638
qwen35 debug hidden layer-060 position 7: min=-24.3750000 max=88.5000000 mean_abs=2.8796911
qwen35 debug hidden layer-063 position 7: min=-74.0000000 max=235.0000000 mean_abs=5.3651766
qwen35 debug logits position 0: top1=2037 top2=198 v1=11.562500 v2=11.437500 margin=0.125000
qwen35 debug logits position 9: top1=9 top2=11961 v1=15.125000 v2=12.125000 margin=3.000000
qwen35 debug logits position 10: top1=10 top2=43181 v1=18.250000 v2=16.750000 margin=1.500000
qwen35 debug logits position 11: top1=4838 top2=1288 v1=19.000000 v2=15.000000 margin=4.000000
qwen35 debug logits position 12: top1=1665 top2=13 v1=20.375000 v2=17.500000 margin=2.875000
qwen35 debug logits position 13: top1=25 top2=15 v1=18.625000 v2=18.000000 margin=0.625000
qwen35 debug logits position 14: top1=33898 top2=26 v1=23.250000 v2=20.375000 margin=2.875000
qwen35 debug hidden embedding position 7: min=-0.2832031 max=0.3046875 mean_abs=0.0055488
qwen35 debug hidden layer-000 position 7: min=-0.3691406 max=12.0625000 mean_abs=0.0236909
qwen35 debug hidden layer-003 position 7: min=-2.7187500 max=27.1250000 mean_abs=0.0907624
qwen35 debug hidden layer-031 position 7: min=-14.6250000 max=57.7500000 mean_abs=0.5849555
qwen35 debug hidden layer-032 position 7: min=-14.6250000 max=53.2500000 mean_abs=0.5840638
qwen35 debug hidden layer-060 position 7: min=-24.3750000 max=88.5000000 mean_abs=2.8796911
qwen35 debug hidden layer-063 position 7: min=-74.0000000 max=235.0000000 mean_abs=5.3651766
qwen35 debug logits position 0: top1=2037 top2=198 v1=11.562500 v2=11.437500 margin=0.125000
qwen35 debug logits position 9: top1=9 top2=11961 v1=15.125000 v2=12.125000 margin=3.000000
qwen35 debug logits position 10: top1=10 top2=43181 v1=18.250000 v2=16.750000 margin=1.500000
qwen35 debug logits position 11: top1=4838 top2=1288 v1=19.000000 v2=15.000000 margin=4.000000
qwen35 debug hidden embedding position 7: min=-0.2832031 max=0.3046875 mean_abs=0.0055488
qwen35 debug hidden layer-000 position 7: min=-0.3691406 max=12.0625000 mean_abs=0.0236909
qwen35 debug hidden layer-003 position 7: min=-2.7187500 max=27.1250000 mean_abs=0.0907624
qwen35 debug hidden layer-031 position 7: min=-14.6250000 max=57.7500000 mean_abs=0.5849555
qwen35 debug hidden layer-032 position 7: min=-14.6250000 max=53.2500000 mean_abs=0.5840638
qwen35 debug hidden layer-060 position 7: min=-24.3750000 max=88.5000000 mean_abs=2.8796911
qwen35 debug hidden layer-063 position 7: min=-74.0000000 max=235.0000000 mean_abs=5.3651766
qwen35 debug logits position 0: top1=2037 top2=198 v1=11.562500 v2=11.437500 margin=0.125000
qwen35 debug logits position 9: top1=9 top2=11961 v1=15.125000 v2=12.125000 margin=3.000000
qwen35 debug logits position 10: top1=10 top2=43181 v1=18.250000 v2=16.750000 margin=1.500000
qwen35 debug logits position 11: top1=4838 top2=1288 v1=19.000000 v2=15.000000 margin=4.000000
qwen35 debug hidden embedding position 7: min=-0.2832031 max=0.3046875 mean_abs=0.0055488
qwen35 debug hidden layer-000 position 7: min=-0.3691406 max=12.0625000 mean_abs=0.0236909
qwen35 debug hidden layer-003 position 7: min=-2.7187500 max=27.1250000 mean_abs=0.0907624
qwen35 debug hidden layer-031 position 7: min=-14.6250000 max=57.7500000 mean_abs=0.5849555
qwen35 debug hidden layer-032 position 7: min=-14.6250000 max=53.2500000 mean_abs=0.5840638
qwen35 debug hidden layer-060 position 7: min=-24.3750000 max=88.5000000 mean_abs=2.8796911
qwen35 debug hidden layer-063 position 7: min=-74.0000000 max=235.0000000 mean_abs=5.3651766
qwen35 debug logits position 0: top1=2037 top2=198 v1=11.562500 v2=11.437500 margin=0.125000
qwen35 debug logits position 9: top1=9 top2=11961 v1=15.125000 v2=12.125000 margin=3.000000
qwen35 debug logits position 10: top1=10 top2=43181 v1=18.250000 v2=16.750000 margin=1.500000
qwen35 debug logits position 11: top1=4838 top2=1288 v1=19.000000 v2=15.000000 margin=4.000000
qwen35 debug hidden embedding position 7: min=-0.2832031 max=0.3046875 mean_abs=0.0055488
qwen35 debug hidden layer-000 position 7: min=-0.3691406 max=12.0625000 mean_abs=0.0236909
qwen35 debug hidden layer-003 position 7: min=-2.7187500 max=27.1250000 mean_abs=0.0907624
qwen35 debug hidden layer-031 position 7: min=-14.6250000 max=57.7500000 mean_abs=0.5849555
qwen35 debug hidden layer-032 position 7: min=-14.6250000 max=53.2500000 mean_abs=0.5840638
qwen35 debug hidden layer-060 position 7: min=-24.3750000 max=88.5000000 mean_abs=2.8796911
qwen35 debug hidden layer-063 position 7: min=-74.0000000 max=235.0000000 mean_abs=5.3651766
qwen35 debug logits position 0: top1=2037 top2=198 v1=11.562500 v2=11.437500 margin=0.125000
qwen35 debug logits position 9: top1=9 top2=11961 v1=15.125000 v2=12.125000 margin=3.000000
qwen35 debug logits position 10: top1=10 top2=43181 v1=18.250000 v2=16.750000 margin=1.500000
qwen35 debug logits position 11: top1=4838 top2=1288 v1=19.000000 v2=15.000000 margin=4.000000
qwen35 debug hidden embedding position 7: min=-0.2832031 max=0.3046875 mean_abs=0.0055488
qwen35 debug hidden layer-000 position 7: min=-0.3691406 max=12.0625000 mean_abs=0.0236909
qwen35 debug hidden layer-003 position 7: min=-2.7187500 max=27.1250000 mean_abs=0.0907624
qwen35 debug hidden layer-031 position 7: min=-14.6250000 max=57.7500000 mean_abs=0.5849555
qwen35 debug hidden layer-032 position 7: min=-14.6250000 max=53.2500000 mean_abs=0.5840638
qwen35 debug hidden layer-060 position 7: min=-24.3750000 max=88.5000000 mean_abs=2.8796911
qwen35 debug hidden layer-063 position 7: min=-74.0000000 max=235.0000000 mean_abs=5.3651766
qwen35 debug logits position 0: top1=2037 top2=198 v1=11.562500 v2=11.437500 margin=0.125000
qwen35 debug logits position 9: top1=9 top2=11961 v1=15.125000 v2=12.125000 margin=3.000000
qwen35 debug logits position 10: top1=10 top2=43181 v1=18.250000 v2=16.750000 margin=1.500000
qwen35 debug logits position 11: top1=4838 top2=1288 v1=19.000000 v2=15.000000 margin=4.000000
qwen35 debug logits position 12: top1=1665 top2=13 v1=20.375000 v2=17.500000 margin=2.875000
qwen35 debug logits position 13: top1=25 top2=15 v1=18.625000 v2=18.000000 margin=0.625000
qwen35 debug hidden embedding position 7: min=-0.2832031 max=0.3046875 mean_abs=0.0055488
qwen35 debug hidden layer-000 position 7: min=-0.3691406 max=12.0625000 mean_abs=0.0236909
qwen35 debug hidden layer-003 position 7: min=-2.7187500 max=27.1250000 mean_abs=0.0907624
qwen35 debug hidden layer-031 position 7: min=-14.6250000 max=57.7500000 mean_abs=0.5849555
qwen35 debug hidden layer-032 position 7: min=-14.6250000 max=53.2500000 mean_abs=0.5840638
qwen35 debug hidden layer-060 position 7: min=-24.3750000 max=88.5000000 mean_abs=2.8796911
qwen35 debug hidden layer-063 position 7: min=-74.0000000 max=235.0000000 mean_abs=5.3651766
qwen35 debug logits position 0: top1=2037 top2=198 v1=11.562500 v2=11.437500 margin=0.125000
qwen35 debug logits position 9: top1=9 top2=11961 v1=15.125000 v2=12.125000 margin=3.000000
qwen35 debug logits position 10: top1=10 top2=43181 v1=18.250000 v2=16.750000 margin=1.500000
qwen35 debug logits position 11: top1=4838 top2=1288 v1=19.000000 v2=15.000000 margin=4.000000
qwen35 debug logits position 12: top1=1665 top2=13 v1=20.375000 v2=17.500000 margin=2.875000
qwen35 debug hidden embedding position 7: min=-0.2832031 max=0.3046875 mean_abs=0.0055488
qwen35 debug hidden layer-000 position 7: min=-0.3691406 max=12.0625000 mean_abs=0.0236909
qwen35 debug hidden layer-003 position 7: min=-2.7187500 max=27.1250000 mean_abs=0.0907624
qwen35 debug hidden layer-031 position 7: min=-14.6250000 max=57.7500000 mean_abs=0.5849555
qwen35 debug hidden layer-032 position 7: min=-14.6250000 max=53.2500000 mean_abs=0.5840638
qwen35 debug hidden layer-060 position 7: min=-24.3750000 max=88.5000000 mean_abs=2.8796911
qwen35 debug hidden layer-063 position 7: min=-74.0000000 max=235.0000000 mean_abs=5.3651766
qwen35 debug logits position 0: top1=2037 top2=198 v1=11.562500 v2=11.437500 margin=0.125000
qwen35 debug logits position 9: top1=9 top2=11961 v1=15.125000 v2=12.125000 margin=3.000000
qwen35 debug logits position 10: top1=10 top2=43181 v1=18.250000 v2=16.750000 margin=1.500000
qwen35 debug logits position 11: top1=4838 top2=1288 v1=19.000000 v2=15.000000 margin=4.000000
qwen35 debug logits position 12: top1=1665 top2=13 v1=20.375000 v2=17.500000 margin=2.875000
qwen35 debug hidden embedding position 7: min=-0.2832031 max=0.3046875 mean_abs=0.0055488
qwen35 debug hidden layer-000 position 7: min=-0.3691406 max=12.0625000 mean_abs=0.0236909
qwen35 debug hidden layer-003 position 7: min=-2.7187500 max=27.1250000 mean_abs=0.0907624
qwen35 debug hidden layer-031 position 7: min=-14.6250000 max=57.7500000 mean_abs=0.5849555
qwen35 debug hidden layer-032 position 7: min=-14.6250000 max=53.2500000 mean_abs=0.5840638
qwen35 debug hidden layer-060 position 7: min=-24.3750000 max=88.5000000 mean_abs=2.8796911
qwen35 debug hidden layer-063 position 7: min=-74.0000000 max=235.0000000 mean_abs=5.3651766
qwen35 debug logits position 0: top1=2037 top2=198 v1=11.562500 v2=11.437500 margin=0.125000
qwen35 debug logits position 9: top1=9 top2=11961 v1=15.125000 v2=12.125000 margin=3.000000
qwen35 debug logits position 10: top1=10 top2=43181 v1=18.250000 v2=16.750000 margin=1.500000
qwen35 debug logits position 11: top1=4838 top2=1288 v1=19.000000 v2=15.000000 margin=4.000000
qwen35 debug logits position 12: top1=1665 top2=13 v1=20.375000 v2=17.500000 margin=2.875000
qwen35 debug logits position 13: top1=25 top2=15 v1=18.625000 v2=18.000000 margin=0.625000
qwen35 debug hidden embedding position 7: min=-0.2832031 max=0.3046875 mean_abs=0.0055488
qwen35 debug hidden layer-000 position 7: min=-0.3691406 max=12.0625000 mean_abs=0.0236909
qwen35 debug hidden layer-003 position 7: min=-2.7187500 max=27.1250000 mean_abs=0.0907624
qwen35 debug hidden layer-031 position 7: min=-14.6250000 max=57.7500000 mean_abs=0.5849555
qwen35 debug hidden layer-032 position 7: min=-14.6250000 max=53.2500000 mean_abs=0.5840638
qwen35 debug hidden layer-060 position 7: min=-24.3750000 max=88.5000000 mean_abs=2.8796911
qwen35 debug hidden layer-063 position 7: min=-74.0000000 max=235.0000000 mean_abs=5.3651766
qwen35 debug logits position 0: top1=2037 top2=198 v1=11.562500 v2=11.437500 margin=0.125000
qwen35 debug logits position 9: top1=9 top2=11961 v1=15.125000 v2=12.125000 margin=3.000000
qwen35 debug logits position 10: top1=10 top2=43181 v1=18.250000 v2=16.750000 margin=1.500000
qwen35 debug logits position 11: top1=4838 top2=1288 v1=19.000000 v2=15.000000 margin=4.000000
qwen35 debug logits position 12: top1=1665 top2=13 v1=20.375000 v2=17.500000 margin=2.875000
qwen35 debug logits position 13: top1=25 top2=15 v1=18.625000 v2=18.000000 margin=0.625000
qwen35 debug logits position 14: top1=33898 top2=26 v1=23.250000 v2=20.375000 margin=2.875000
qwen35 debug hidden embedding position 7: min=-0.0546875 max=0.0634766 mean_abs=0.0126335
qwen35 debug hidden embedding position 35: min=-0.0576172 max=0.0522461 mean_abs=0.0118315
qwen35 debug hidden layer-000 position 7: min=-0.5117188 max=16.5000000 mean_abs=0.0431779
qwen35 debug hidden layer-000 position 35: min=-0.5820312 max=19.7500000 mean_abs=0.0469485
qwen35 debug hidden layer-003 position 7: min=-3.0000000 max=31.7500000 mean_abs=0.0793459
qwen35 debug hidden layer-003 position 35: min=-1.8906250 max=30.1250000 mean_abs=0.0711057
qwen35 debug hidden layer-031 position 7: min=-21.5000000 max=71.0000000 mean_abs=0.6871067
qwen35 debug hidden layer-031 position 35: min=-14.2500000 max=73.0000000 mean_abs=0.6132768
qwen35 debug hidden layer-032 position 7: min=-21.2500000 max=70.5000000 mean_abs=0.6866806
qwen35 debug hidden layer-032 position 35: min=-14.0000000 max=67.0000000 mean_abs=0.6425401
qwen35 debug hidden layer-060 position 7: min=-38.7500000 max=184.0000000 mean_abs=2.3000515
qwen35 debug hidden layer-060 position 35: min=-32.2500000 max=188.0000000 mean_abs=2.3893098
qwen35 debug hidden layer-063 position 7: min=-123.0000000 max=203.0000000 mean_abs=3.9317035
qwen35 debug hidden layer-063 position 35: min=-92.0000000 max=203.0000000 mean_abs=3.6143266
qwen35 debug hidden embedding position 83: min=-0.3164062 max=0.2441406 mean_abs=0.0068631
qwen35 debug hidden layer-000 position 83: min=-0.2373047 max=13.0000000 mean_abs=0.0203701
qwen35 debug hidden layer-003 position 83: min=-1.5781250 max=20.5000000 mean_abs=0.0608145
qwen35 debug hidden layer-031 position 83: min=-13.8750000 max=66.5000000 mean_abs=0.6074917
qwen35 debug hidden layer-032 position 83: min=-13.3750000 max=67.0000000 mean_abs=0.6416845
qwen35 debug hidden layer-060 position 83: min=-17.2500000 max=172.0000000 mean_abs=2.0716314
qwen35 debug hidden layer-063 position 83: min=-57.2500000 max=136.0000000 mean_abs=3.4314179
qwen35 debug logits position 0: top1=46594 top2=76707 v1=24.125000 v2=17.875000 margin=6.250000
qwen35 debug logits position 8193: top1=12 top2=20 v1=24.375000 v2=12.187500 margin=12.187500
qwen35 debug logits position 8194: top1=20 top2=19 v1=26.250000 v2=13.187500 margin=13.062500
qwen35 debug logits position 8195: top1=17 top2=16 v1=26.500000 v2=11.875000 margin=14.625000
qwen35 debug logits position 8196: top1=16 top2=248046 v1=25.875000 v2=12.125000 margin=13.750000
qwen35 debug logits position 8197: top1=17 top2=248046 v1=25.625000 v2=13.000000 margin=12.625000
qwen35 debug logits position 8198: top1=19 top2=248046 v1=27.000000 v2=13.500000 margin=13.500000
qwen35 debug hidden embedding position 7: min=-0.2832031 max=0.3046875 mean_abs=0.0055488
qwen35 debug hidden layer-000 position 7: min=-0.3691406 max=12.0625000 mean_abs=0.0236909
qwen35 debug hidden layer-003 position 7: min=-2.7187500 max=27.1250000 mean_abs=0.0907624
qwen35 debug hidden layer-031 position 7: min=-14.6250000 max=57.7500000 mean_abs=0.5849555
qwen35 debug hidden layer-032 position 7: min=-14.6250000 max=53.2500000 mean_abs=0.5840638
qwen35 debug hidden layer-060 position 7: min=-24.3750000 max=88.5000000 mean_abs=2.8796911
qwen35 debug hidden layer-063 position 7: min=-74.0000000 max=235.0000000 mean_abs=5.3651766
qwen35 debug logits position 0: top1=2037 top2=198 v1=11.562500 v2=11.437500 margin=0.125000
qwen35 debug logits position 9: top1=9 top2=11961 v1=15.125000 v2=12.125000 margin=3.000000
qwen35 debug logits position 10: top1=10 top2=43181 v1=18.250000 v2=16.750000 margin=1.500000
qwen35 debug logits position 11: top1=4838 top2=1288 v1=19.000000 v2=15.000000 margin=4.000000
qwen35 debug logits position 12: top1=1665 top2=13 v1=20.375000 v2=17.500000 margin=2.875000
qwen35 debug logits position 13: top1=25 top2=15 v1=18.625000 v2=18.000000 margin=0.625000
qwen35 debug logits position 14: top1=33898 top2=26 v1=23.250000 v2=20.375000 margin=2.875000
qwen35 debug hidden embedding position 7: min=-0.0563965 max=0.0583496 mean_abs=0.0125982
qwen35 debug hidden embedding position 35: min=-0.0673828 max=0.0825195 mean_abs=0.0123046
qwen35 debug hidden layer-000 position 7: min=-0.5507812 max=16.7500000 mean_abs=0.0575258
qwen35 debug hidden layer-000 position 35: min=-0.2617188 max=15.6875000 mean_abs=0.0405904
qwen35 debug hidden layer-003 position 7: min=-2.6562500 max=32.0000000 mean_abs=0.0995327
qwen35 debug hidden layer-003 position 35: min=-1.4375000 max=24.7500000 mean_abs=0.0739413
qwen35 debug hidden layer-031 position 7: min=-17.3750000 max=68.5000000 mean_abs=0.4924363
qwen35 debug hidden layer-031 position 35: min=-13.2500000 max=61.7500000 mean_abs=0.5891870
qwen35 debug hidden layer-032 position 7: min=-17.6250000 max=62.0000000 mean_abs=0.4852604
qwen35 debug hidden layer-032 position 35: min=-13.1250000 max=56.5000000 mean_abs=0.5794882
qwen35 debug hidden layer-060 position 7: min=-38.7500000 max=144.0000000 mean_abs=2.5346056
qwen35 debug hidden layer-060 position 35: min=-29.5000000 max=137.0000000 mean_abs=2.4070668
qwen35 debug hidden layer-063 position 7: min=-91.0000000 max=81.0000000 mean_abs=3.5498026
qwen35 debug hidden layer-063 position 35: min=-67.5000000 max=105.5000000 mean_abs=4.0146792
qwen35 debug hidden embedding position 83: min=-0.0649414 max=0.0510254 mean_abs=0.0121268
qwen35 debug hidden layer-000 position 83: min=-0.4492188 max=20.3750000 mean_abs=0.0559196
qwen35 debug hidden layer-003 position 83: min=-2.1406250 max=28.7500000 mean_abs=0.1091673
qwen35 debug hidden layer-031 position 83: min=-12.7500000 max=72.5000000 mean_abs=0.6426863
qwen35 debug hidden layer-032 position 83: min=-12.3125000 max=67.0000000 mean_abs=0.6239845
qwen35 debug hidden layer-060 position 83: min=-25.8750000 max=35.2500000 mean_abs=2.4286345
qwen35 debug hidden layer-063 position 83: min=-53.5000000 max=78.5000000 mean_abs=3.6181339
qwen35 debug logits position 0: top1=2456 top2=40 v1=20.000000 v2=16.625000 margin=3.375000
qwen35 debug logits position 1025: top1=55 top2=48 v1=24.625000 v2=13.875000 margin=10.750000
qwen35 debug logits position 1026: top1=35205 top2=69046 v1=28.500000 v2=18.125000 margin=10.375000
qwen35 debug logits position 1027: top1=27325 top2=12 v1=23.250000 v2=14.062500 margin=9.187500
qwen35 debug hidden embedding position 7: min=-0.2832031 max=0.3046875 mean_abs=0.0055488
qwen35 debug hidden layer-000 position 7: min=-0.3691406 max=12.0625000 mean_abs=0.0236909
qwen35 debug hidden layer-003 position 7: min=-2.7187500 max=27.1250000 mean_abs=0.0907624
qwen35 debug hidden layer-031 position 7: min=-14.6250000 max=57.7500000 mean_abs=0.5849555
qwen35 debug hidden layer-032 position 7: min=-14.6250000 max=53.2500000 mean_abs=0.5840638
qwen35 debug hidden layer-060 position 7: min=-24.3750000 max=88.5000000 mean_abs=2.8796911
qwen35 debug hidden layer-063 position 7: min=-74.0000000 max=235.0000000 mean_abs=5.3651766
qwen35 debug logits position 0: top1=2037 top2=198 v1=11.562500 v2=11.437500 margin=0.125000
qwen35 debug logits position 9: top1=9 top2=11961 v1=15.125000 v2=12.125000 margin=3.000000
qwen35 debug logits position 10: top1=10 top2=43181 v1=18.250000 v2=16.750000 margin=1.500000
qwen35 debug logits position 11: top1=4838 top2=1288 v1=19.000000 v2=15.000000 margin=4.000000
qwen35 debug logits position 12: top1=1665 top2=13 v1=20.375000 v2=17.500000 margin=2.875000
qwen35 debug logits position 13: top1=25 top2=15 v1=18.625000 v2=18.000000 margin=0.625000
qwen35 debug logits position 14: top1=33898 top2=26 v1=23.250000 v2=20.375000 margin=2.875000
qwen35 debug logits position 15: top1=2110 top2=19279 v1=21.375000 v2=15.375000 margin=6.000000
qwen35 debug hidden embedding position 7: min=-0.2832031 max=0.3046875 mean_abs=0.0055488
qwen35 debug hidden layer-000 position 7: min=-0.3691406 max=12.0625000 mean_abs=0.0236909
qwen35 debug hidden layer-003 position 7: min=-2.7187500 max=27.1250000 mean_abs=0.0907624
qwen35 debug hidden layer-031 position 7: min=-14.6250000 max=57.7500000 mean_abs=0.5849555
qwen35 debug hidden layer-032 position 7: min=-14.6250000 max=53.2500000 mean_abs=0.5840638
qwen35 debug hidden layer-060 position 7: min=-24.3750000 max=88.5000000 mean_abs=2.8796911
qwen35 debug hidden layer-063 position 7: min=-74.0000000 max=235.0000000 mean_abs=5.3651766
qwen35 debug logits position 0: top1=2037 top2=198 v1=11.562500 v2=11.437500 margin=0.125000
qwen35 debug logits position 9: top1=9 top2=11961 v1=15.125000 v2=12.125000 margin=3.000000
qwen35 debug logits position 10: top1=10 top2=43181 v1=18.250000 v2=16.750000 margin=1.500000
qwen35 debug logits position 11: top1=4838 top2=1288 v1=19.000000 v2=15.000000 margin=4.000000
qwen35 debug logits position 12: top1=1665 top2=13 v1=20.375000 v2=17.500000 margin=2.875000
qwen35 debug hidden embedding position 7: min=-0.2832031 max=0.3046875 mean_abs=0.0055488
qwen35 debug hidden layer-000 position 7: min=-0.3691406 max=12.0625000 mean_abs=0.0236909
qwen35 debug hidden layer-003 position 7: min=-2.7187500 max=27.1250000 mean_abs=0.0907624
qwen35 debug hidden layer-031 position 7: min=-14.6250000 max=57.7500000 mean_abs=0.5849555
qwen35 debug hidden layer-032 position 7: min=-14.6250000 max=53.2500000 mean_abs=0.5840638
qwen35 debug hidden layer-060 position 7: min=-24.3750000 max=88.5000000 mean_abs=2.8796911
qwen35 debug hidden layer-063 position 7: min=-74.0000000 max=235.0000000 mean_abs=5.3651766
qwen35 debug logits position 0: top1=2037 top2=198 v1=11.562500 v2=11.437500 margin=0.125000
qwen35 debug logits position 9: top1=9 top2=11961 v1=15.125000 v2=12.125000 margin=3.000000
qwen35 debug logits position 10: top1=10 top2=43181 v1=18.250000 v2=16.750000 margin=1.500000
qwen35 debug logits position 11: top1=4838 top2=1288 v1=19.000000 v2=15.000000 margin=4.000000
qwen35 debug logits position 12: top1=1665 top2=13 v1=20.375000 v2=17.500000 margin=2.875000
qwen35 debug logits position 13: top1=25 top2=15 v1=18.625000 v2=18.000000 margin=0.625000
qwen35 debug logits position 14: top1=33898 top2=26 v1=23.250000 v2=20.375000 margin=2.875000
qwen35 debug hidden embedding position 7: min=-0.2832031 max=0.3046875 mean_abs=0.0055488
qwen35 debug hidden layer-000 position 7: min=-0.3691406 max=12.0625000 mean_abs=0.0236909
qwen35 debug hidden layer-003 position 7: min=-2.7187500 max=27.1250000 mean_abs=0.0907624
qwen35 debug hidden layer-031 position 7: min=-14.6250000 max=57.7500000 mean_abs=0.5849555
qwen35 debug hidden layer-032 position 7: min=-14.6250000 max=53.2500000 mean_abs=0.5840638
qwen35 debug hidden layer-060 position 7: min=-24.3750000 max=88.5000000 mean_abs=2.8796911
qwen35 debug hidden layer-063 position 7: min=-74.0000000 max=235.0000000 mean_abs=5.3651766
qwen35 debug logits position 0: top1=2037 top2=198 v1=11.562500 v2=11.437500 margin=0.125000
qwen35 debug logits position 9: top1=9 top2=11961 v1=15.125000 v2=12.125000 margin=3.000000
qwen35 debug logits position 10: top1=10 top2=43181 v1=18.250000 v2=16.750000 margin=1.500000
qwen35 debug logits position 11: top1=4838 top2=1288 v1=19.000000 v2=15.000000 margin=4.000000
qwen35 debug logits position 12: top1=1665 top2=13 v1=20.375000 v2=17.500000 margin=2.875000
qwen35 debug logits position 13: top1=25 top2=15 v1=18.625000 v2=18.000000 margin=0.625000
qwen35 debug logits position 14: top1=33898 top2=26 v1=23.250000 v2=20.375000 margin=2.875000
qwen35 debug hidden embedding position 7: min=-0.2832031 max=0.3046875 mean_abs=0.0055488
qwen35 debug hidden layer-000 position 7: min=-0.3691406 max=12.0625000 mean_abs=0.0236909
qwen35 debug hidden layer-003 position 7: min=-2.7187500 max=27.1250000 mean_abs=0.0907624
qwen35 debug hidden layer-031 position 7: min=-14.6250000 max=57.7500000 mean_abs=0.5849555
qwen35 debug hidden layer-032 position 7: min=-14.6250000 max=53.2500000 mean_abs=0.5840638
qwen35 debug hidden layer-060 position 7: min=-24.3750000 max=88.5000000 mean_abs=2.8796911
qwen35 debug hidden layer-063 position 7: min=-74.0000000 max=235.0000000 mean_abs=5.3651766
qwen35 debug logits position 0: top1=2037 top2=198 v1=11.562500 v2=11.437500 margin=0.125000
qwen35 debug logits position 9: top1=9 top2=11961 v1=15.125000 v2=12.125000 margin=3.000000
qwen35 debug logits position 10: top1=10 top2=43181 v1=18.250000 v2=16.750000 margin=1.500000
qwen35 debug logits position 11: top1=4838 top2=1288 v1=19.000000 v2=15.000000 margin=4.000000
qwen35 debug logits position 12: top1=1665 top2=13 v1=20.375000 v2=17.500000 margin=2.875000
qwen35 debug logits position 13: top1=25 top2=15 v1=18.625000 v2=18.000000 margin=0.625000
qwen35 debug logits position 14: top1=33898 top2=26 v1=23.250000 v2=20.375000 margin=2.875000
qwen35 debug hidden embedding position 7: min=-0.2832031 max=0.3046875 mean_abs=0.0055488
qwen35 debug hidden layer-000 position 7: min=-0.3691406 max=12.0625000 mean_abs=0.0236909
qwen35 debug hidden layer-003 position 7: min=-2.7187500 max=27.1250000 mean_abs=0.0907624
qwen35 debug hidden layer-031 position 7: min=-14.6250000 max=57.7500000 mean_abs=0.5849555
qwen35 debug hidden layer-032 position 7: min=-14.6250000 max=53.2500000 mean_abs=0.5840638
qwen35 debug hidden layer-060 position 7: min=-24.3750000 max=88.5000000 mean_abs=2.8796911
qwen35 debug hidden layer-063 position 7: min=-74.0000000 max=235.0000000 mean_abs=5.3651766
qwen35 debug logits position 0: top1=2037 top2=198 v1=11.562500 v2=11.437500 margin=0.125000
qwen35 debug logits position 9: top1=9 top2=11961 v1=15.125000 v2=12.125000 margin=3.000000
qwen35 debug logits position 10: top1=10 top2=43181 v1=18.250000 v2=16.750000 margin=1.500000
qwen35 debug logits position 11: top1=4838 top2=1288 v1=19.000000 v2=15.000000 margin=4.000000
qwen35 debug logits position 12: top1=1665 top2=13 v1=20.375000 v2=17.500000 margin=2.875000
qwen35 debug hidden embedding position 7: min=-0.2832031 max=0.3046875 mean_abs=0.0055488
qwen35 debug hidden layer-000 position 7: min=-0.3691406 max=12.0625000 mean_abs=0.0236909
qwen35 debug hidden layer-003 position 7: min=-2.7187500 max=27.1250000 mean_abs=0.0907624
qwen35 debug hidden layer-031 position 7: min=-14.6250000 max=57.7500000 mean_abs=0.5849555
qwen35 debug hidden layer-032 position 7: min=-14.6250000 max=53.2500000 mean_abs=0.5840638
qwen35 debug hidden layer-060 position 7: min=-24.3750000 max=88.5000000 mean_abs=2.8796911
qwen35 debug hidden layer-063 position 7: min=-74.0000000 max=235.0000000 mean_abs=5.3651766
qwen35 debug logits position 0: top1=2037 top2=198 v1=11.562500 v2=11.437500 margin=0.125000
qwen35 debug logits position 9: top1=9 top2=11961 v1=15.125000 v2=12.125000 margin=3.000000
qwen35 debug hidden embedding position 7: min=-0.2832031 max=0.3046875 mean_abs=0.0055488
qwen35 debug hidden layer-000 position 7: min=-0.3691406 max=12.0625000 mean_abs=0.0236909
qwen35 debug hidden layer-003 position 7: min=-2.7187500 max=27.1250000 mean_abs=0.0907624
qwen35 debug hidden layer-031 position 7: min=-14.6250000 max=57.7500000 mean_abs=0.5849555
qwen35 debug hidden layer-032 position 7: min=-14.6250000 max=53.2500000 mean_abs=0.5840638
qwen35 debug hidden layer-060 position 7: min=-24.3750000 max=88.5000000 mean_abs=2.8796911
qwen35 debug hidden layer-063 position 7: min=-74.0000000 max=235.0000000 mean_abs=5.3651766
qwen35 debug logits position 0: top1=2037 top2=198 v1=11.562500 v2=11.437500 margin=0.125000
qwen35 debug logits position 9: top1=9 top2=11961 v1=15.125000 v2=12.125000 margin=3.000000
qwen35 debug logits position 10: top1=10 top2=43181 v1=18.250000 v2=16.750000 margin=1.500000
qwen35 debug hidden embedding position 7: min=-0.0563965 max=0.0583496 mean_abs=0.0125982
qwen35 debug hidden embedding position 35: min=-0.0673828 max=0.0825195 mean_abs=0.0123046
qwen35 debug hidden layer-000 position 7: min=-0.5507812 max=16.7500000 mean_abs=0.0575258
qwen35 debug hidden layer-000 position 35: min=-0.2617188 max=15.6875000 mean_abs=0.0405904
qwen35 debug hidden layer-003 position 7: min=-2.6562500 max=32.0000000 mean_abs=0.0995327
qwen35 debug hidden layer-003 position 35: min=-1.4375000 max=24.7500000 mean_abs=0.0739413
qwen35 debug hidden layer-031 position 7: min=-17.3750000 max=68.5000000 mean_abs=0.4924363
qwen35 debug hidden layer-031 position 35: min=-13.2500000 max=61.7500000 mean_abs=0.5891870
qwen35 debug hidden layer-032 position 7: min=-17.6250000 max=62.0000000 mean_abs=0.4852604
qwen35 debug hidden layer-032 position 35: min=-13.1250000 max=56.5000000 mean_abs=0.5794882
qwen35 debug hidden layer-060 position 7: min=-38.7500000 max=144.0000000 mean_abs=2.5346056
qwen35 debug hidden layer-060 position 35: min=-29.5000000 max=137.0000000 mean_abs=2.4070668
qwen35 debug hidden layer-063 position 7: min=-91.0000000 max=81.0000000 mean_abs=3.5498026
qwen35 debug hidden layer-063 position 35: min=-67.5000000 max=105.5000000 mean_abs=4.0146792
qwen35 debug hidden embedding position 83: min=-0.0649414 max=0.0510254 mean_abs=0.0121268
qwen35 debug hidden layer-000 position 83: min=-0.4492188 max=20.3750000 mean_abs=0.0559196
qwen35 debug hidden layer-003 position 83: min=-2.1406250 max=28.7500000 mean_abs=0.1091673
qwen35 debug hidden layer-031 position 83: min=-12.7500000 max=72.5000000 mean_abs=0.6426863
qwen35 debug hidden layer-032 position 83: min=-12.3125000 max=67.0000000 mean_abs=0.6239845
qwen35 debug hidden layer-060 position 83: min=-25.8750000 max=35.2500000 mean_abs=2.4286345
qwen35 debug hidden layer-063 position 83: min=-53.5000000 max=78.5000000 mean_abs=3.6181339
qwen35 debug logits position 0: top1=2456 top2=40 v1=20.000000 v2=16.625000 margin=3.375000
qwen35 debug logits position 1025: top1=55 top2=48 v1=24.625000 v2=13.875000 margin=10.750000
qwen35 debug logits position 1026: top1=35205 top2=69046 v1=28.500000 v2=18.125000 margin=10.375000
qwen35 debug logits position 1027: top1=27325 top2=12 v1=23.250000 v2=14.062500 margin=9.187500
qwen35 debug logits position 1028: top1=54 top2=48 v1=22.375000 v2=13.875000 margin=8.500000
qwen35 debug logits position 1029: top1=923 top2=12 v1=23.500000 v2=13.812500 margin=9.687500
qwen35 debug logits position 1030: top1=18 top2=12 v1=22.625000 v2=12.875000 margin=9.750000
qwen35 debug logits position 1031: top1=23 top2=12 v1=23.125000 v2=13.562500 margin=9.562500
qwen35 debug logits position 1032: top1=12 top2=19 v1=20.625000 v2=11.875000 margin=8.750000
qwen35 debug logits position 1033: top1=19 top2=17 v1=23.375000 v2=12.750000 margin=10.625000
qwen35 debug logits position 1034: top1=15 top2=12 v1=21.375000 v2=9.875000 margin=11.500000
qwen35 debug hidden embedding position 7: min=-0.2832031 max=0.3046875 mean_abs=0.0055488
qwen35 debug hidden layer-000 position 7: min=-0.3691406 max=12.0625000 mean_abs=0.0236909
qwen35 debug hidden layer-003 position 7: min=-2.7187500 max=27.1250000 mean_abs=0.0907624
qwen35 debug hidden layer-031 position 7: min=-14.6250000 max=57.7500000 mean_abs=0.5849555
qwen35 debug hidden layer-032 position 7: min=-14.6250000 max=53.2500000 mean_abs=0.5840638
qwen35 debug hidden layer-060 position 7: min=-24.3750000 max=88.5000000 mean_abs=2.8796911
qwen35 debug hidden layer-063 position 7: min=-74.0000000 max=235.0000000 mean_abs=5.3651766
qwen35 debug logits position 0: top1=2037 top2=198 v1=11.562500 v2=11.437500 margin=0.125000
qwen35 debug logits position 9: top1=9 top2=11961 v1=15.125000 v2=12.125000 margin=3.000000
qwen35 debug logits position 10: top1=10 top2=43181 v1=18.250000 v2=16.750000 margin=1.500000
qwen35 debug logits position 11: top1=4838 top2=1288 v1=19.000000 v2=15.000000 margin=4.000000
qwen35 debug logits position 12: top1=1665 top2=13 v1=20.375000 v2=17.500000 margin=2.875000
qwen35 debug logits position 13: top1=25 top2=15 v1=18.625000 v2=18.000000 margin=0.625000
qwen35 debug hidden embedding position 7: min=-0.2832031 max=0.3046875 mean_abs=0.0055488
qwen35 debug hidden layer-000 position 7: min=-0.3691406 max=12.0625000 mean_abs=0.0236909
qwen35 debug hidden layer-003 position 7: min=-2.7187500 max=27.1250000 mean_abs=0.0907624
qwen35 debug hidden layer-031 position 7: min=-14.6250000 max=57.7500000 mean_abs=0.5849555
qwen35 debug hidden layer-032 position 7: min=-14.6250000 max=53.2500000 mean_abs=0.5840638
qwen35 debug hidden layer-060 position 7: min=-24.3750000 max=88.5000000 mean_abs=2.8796911
qwen35 debug hidden layer-063 position 7: min=-74.0000000 max=235.0000000 mean_abs=5.3651766
qwen35 debug logits position 0: top1=2037 top2=198 v1=11.562500 v2=11.437500 margin=0.125000
qwen35 debug logits position 9: top1=9 top2=11961 v1=15.125000 v2=12.125000 margin=3.000000
qwen35 debug logits position 10: top1=10 top2=43181 v1=18.250000 v2=16.750000 margin=1.500000
qwen35 debug logits position 11: top1=4838 top2=1288 v1=19.000000 v2=15.000000 margin=4.000000
qwen35 debug hidden embedding position 7: min=-0.2832031 max=0.3046875 mean_abs=0.0055488
qwen35 debug hidden layer-000 position 7: min=-0.3691406 max=12.0625000 mean_abs=0.0236909
qwen35 debug hidden layer-003 position 7: min=-2.7187500 max=27.1250000 mean_abs=0.0907624
qwen35 debug hidden layer-031 position 7: min=-14.6250000 max=57.7500000 mean_abs=0.5849555
qwen35 debug hidden layer-032 position 7: min=-14.6250000 max=53.2500000 mean_abs=0.5840638
qwen35 debug hidden layer-060 position 7: min=-24.3750000 max=88.5000000 mean_abs=2.8796911
qwen35 debug hidden layer-063 position 7: min=-74.0000000 max=235.0000000 mean_abs=5.3651766
qwen35 debug logits position 0: top1=2037 top2=198 v1=11.562500 v2=11.437500 margin=0.125000
qwen35 debug logits position 9: top1=9 top2=11961 v1=15.125000 v2=12.125000 margin=3.000000
qwen35 debug logits position 10: top1=10 top2=43181 v1=18.250000 v2=16.750000 margin=1.500000
qwen35 debug logits position 11: top1=4838 top2=1288 v1=19.000000 v2=15.000000 margin=4.000000
qwen35 debug logits position 12: top1=1665 top2=13 v1=20.375000 v2=17.500000 margin=2.875000
qwen35 debug logits position 13: top1=25 top2=15 v1=18.625000 v2=18.000000 margin=0.625000
qwen35 debug logits position 14: top1=33898 top2=26 v1=23.250000 v2=20.375000 margin=2.875000
qwen35 debug logits position 15: top1=2110 top2=19279 v1=21.375000 v2=15.375000 margin=6.000000
qwen35 debug hidden embedding position 7: min=-0.2832031 max=0.3046875 mean_abs=0.0055488
qwen35 debug hidden layer-000 position 7: min=-0.3691406 max=12.0625000 mean_abs=0.0236909
qwen35 debug hidden layer-003 position 7: min=-2.7187500 max=27.1250000 mean_abs=0.0907624
qwen35 debug hidden layer-031 position 7: min=-14.6250000 max=57.7500000 mean_abs=0.5849555
qwen35 debug hidden layer-032 position 7: min=-14.6250000 max=53.2500000 mean_abs=0.5840638
qwen35 debug hidden layer-060 position 7: min=-24.3750000 max=88.5000000 mean_abs=2.8796911
qwen35 debug hidden layer-063 position 7: min=-74.0000000 max=235.0000000 mean_abs=5.3651766
qwen35 debug logits position 0: top1=2037 top2=198 v1=11.562500 v2=11.437500 margin=0.125000
qwen35 debug logits position 9: top1=9 top2=11961 v1=15.125000 v2=12.125000 margin=3.000000
qwen35 debug logits position 10: top1=10 top2=43181 v1=18.250000 v2=16.750000 margin=1.500000
qwen35 debug logits position 11: top1=4838 top2=1288 v1=19.000000 v2=15.000000 margin=4.000000
qwen35 debug logits position 12: top1=1665 top2=13 v1=20.375000 v2=17.500000 margin=2.875000
qwen35 debug logits position 13: top1=25 top2=15 v1=18.625000 v2=18.000000 margin=0.625000
qwen35 debug hidden embedding position 7: min=-0.2832031 max=0.3046875 mean_abs=0.0055488
qwen35 debug hidden layer-000 position 7: min=-0.3691406 max=12.0625000 mean_abs=0.0236909
qwen35 debug hidden layer-003 position 7: min=-2.7187500 max=27.1250000 mean_abs=0.0907624
qwen35 debug hidden layer-031 position 7: min=-14.6250000 max=57.7500000 mean_abs=0.5849555
qwen35 debug hidden layer-032 position 7: min=-14.6250000 max=53.2500000 mean_abs=0.5840638
qwen35 debug hidden layer-060 position 7: min=-24.3750000 max=88.5000000 mean_abs=2.8796911
qwen35 debug hidden layer-063 position 7: min=-74.0000000 max=235.0000000 mean_abs=5.3651766
qwen35 debug logits position 0: top1=2037 top2=198 v1=11.562500 v2=11.437500 margin=0.125000
qwen35 debug hidden embedding position 7: min=-0.2832031 max=0.3046875 mean_abs=0.0055488
qwen35 debug hidden layer-000 position 7: min=-0.3691406 max=12.0625000 mean_abs=0.0236909
qwen35 debug hidden layer-003 position 7: min=-2.7187500 max=27.1250000 mean_abs=0.0907624
qwen35 debug hidden layer-031 position 7: min=-14.6250000 max=57.7500000 mean_abs=0.5849555
qwen35 debug hidden layer-032 position 7: min=-14.6250000 max=53.2500000 mean_abs=0.5840638
qwen35 debug hidden layer-060 position 7: min=-24.3750000 max=88.5000000 mean_abs=2.8796911
qwen35 debug hidden layer-063 position 7: min=-74.0000000 max=235.0000000 mean_abs=5.3651766
qwen35 debug logits position 0: top1=2037 top2=198 v1=11.562500 v2=11.437500 margin=0.125000
qwen35 debug logits position 9: top1=9 top2=11961 v1=15.125000 v2=12.125000 margin=3.000000
qwen35 debug logits position 10: top1=10 top2=43181 v1=18.250000 v2=16.750000 margin=1.500000
qwen35 debug logits position 11: top1=4838 top2=1288 v1=19.000000 v2=15.000000 margin=4.000000
qwen35 debug logits position 12: top1=1665 top2=13 v1=20.375000 v2=17.500000 margin=2.875000
qwen35 debug logits position 13: top1=25 top2=15 v1=18.625000 v2=18.000000 margin=0.625000
qwen35 debug logits position 14: top1=33898 top2=26 v1=23.250000 v2=20.375000 margin=2.875000
qwen35 debug logits position 15: top1=2110 top2=19279 v1=21.375000 v2=15.375000 margin=6.000000
qwen35 debug logits position 16: top1=30 top2=7285 v1=21.750000 v2=18.375000 margin=3.375000
qwen35 debug logits position 17: top1=31 top2=38828 v1=19.625000 v2=18.875000 margin=0.750000
qwen35 debug logits position 18: top1=25223 top2=1249 v1=17.625000 v2=16.875000 margin=0.750000
qwen35 debug logits position 19: top1=87197 top2=84 v1=15.687500 v2=15.000000 margin=0.687500
qwen35 debug logits position 20: top1=62 top2=14717 v1=20.125000 v2=18.750000 margin=1.375000
qwen35 debug logits position 21: top1=63 top2=3312 v1=20.875000 v2=16.000000 margin=4.875000
qwen35 debug logits position 22: top1=44576 top2=90 v1=21.875000 v2=16.625000 margin=5.250000
qwen35 debug logits position 23: top1=92 top2=9571 v1=23.500000 v2=20.750000 margin=2.750000
qwen35 debug logits position 24: top1=93 top2=48312 v1=19.000000 v2=13.562500 margin=5.437500
qwen35 debug logits position 25: top1=1 top2=59 v1=15.000000 v2=12.437500 margin=2.562500
qwen35 debug logits position 26: top1=271 top2=248046 v1=14.312500 v2=13.312500 margin=1.000000
qwen35 debug logits position 27: top1=1919 top2=2 v1=11.750000 v2=11.687500 margin=0.062500
qwen35 debug logits position 28: top1=886 top2=369 v1=19.875000 v2=19.000000 margin=0.875000
qwen35 debug logits position 29: top1=5435 top2=16661 v1=21.250000 v2=19.500000 margin=1.750000
qwen35 debug logits position 30: top1=264 top2=279 v1=22.625000 v2=21.500000 margin=1.125000
qwen35 debug logits position 31: top1=3050 top2=8240 v1=21.125000 v2=21.125000 margin=0.000000
qwen35 debug logits position 32: top1=314 top2=29607 v1=24.000000 v2=15.125000 margin=8.875000
qwen35 debug logits position 33: top1=2972 top2=3175 v1=21.625000 v2=20.875000 margin=0.750000
qwen35 debug logits position 34: top1=18 top2=54556 v1=23.375000 v2=23.000000 margin=0.375000
qwen35 debug logits position 35: top1=17 top2=18 v1=21.250000 v2=20.875000 margin=0.375000
qwen35 debug hidden embedding position 35: min=-0.4394531 max=0.2138672 mean_abs=0.0037620
qwen35 debug hidden layer-000 position 35: min=-0.2343750 max=15.0625000 mean_abs=0.0144950
qwen35 debug hidden layer-003 position 35: min=-2.3437500 max=25.8750000 mean_abs=0.0533371
qwen35 debug hidden layer-031 position 35: min=-12.4375000 max=64.5000000 mean_abs=0.5771815
qwen35 debug hidden layer-032 position 35: min=-12.2500000 max=63.7500000 mean_abs=0.5619682
qwen35 debug hidden layer-060 position 35: min=-33.7500000 max=77.0000000 mean_abs=3.1484471
qwen35 debug hidden layer-063 position 35: min=-101.0000000 max=61.2500000 mean_abs=4.7412414
qwen35 debug logits position 36: top1=3175 top2=40608 v1=21.500000 v2=21.375000 margin=0.125000
qwen35 debug logits position 37: top1=5587 top2=318 v1=24.875000 v2=21.750000 margin=3.125000
qwen35 debug logits position 38: top1=332 top2=93868 v1=26.000000 v2=23.250000 margin=2.750000
qwen35 debug logits position 39: top1=318 top2=16138 v1=25.125000 v2=22.625000 margin=2.500000
qwen35 debug logits position 40: top1=18092 top2=58768 v1=26.125000 v2=26.125000 margin=0.000000
qwen35 debug logits position 41: top1=13464 top2=2512 v1=24.875000 v2=22.625000 margin=2.250000
qwen35 debug logits position 42: top1=310 top2=430 v1=22.375000 v2=15.500000 margin=6.875000
qwen35 debug logits position 43: top1=430 top2=303 v1=26.125000 v2=20.375000 margin=5.750000
qwen35 debug logits position 44: top1=59429 top2=328 v1=22.375000 v2=21.000000 margin=1.375000
qwen35 debug logits position 45: top1=466 top2=11 v1=25.125000 v2=24.000000 margin=1.125000
qwen35 debug logits position 46: top1=17210 top2=2397 v1=23.000000 v2=21.625000 margin=1.375000
qwen35 debug logits position 47: top1=8 top2=553 v1=25.250000 v2=24.875000 margin=0.375000
qwen35 debug logits position 48: top1=421 top2=16138 v1=23.125000 v2=22.875000 margin=0.250000
qwen35 debug logits position 49: top1=513 top2=1732 v1=24.625000 v2=20.500000 margin=4.125000
qwen35 debug logits position 50: top1=16138 top2=10813 v1=22.375000 v2=20.750000 margin=1.625000
qwen35 debug logits position 51: top1=1669 top2=1429 v1=23.250000 v2=22.750000 margin=0.500000
qwen35 debug logits position 52: top1=383 top2=303 v1=25.375000 v2=24.875000 margin=0.500000
qwen35 debug logits position 53: top1=264 top2=279 v1=25.250000 v2=23.500000 margin=1.750000
qwen35 debug logits position 54: top1=5129 top2=1167 v1=25.750000 v2=20.500000 margin=5.250000
qwen35 debug logits position 55: top1=2201 top2=1167 v1=22.625000 v2=21.750000 margin=0.875000
qwen35 debug logits position 56: top1=13232 top2=1167 v1=21.500000 v2=21.375000 margin=0.125000
qwen35 debug logits position 57: top1=13 top2=318 v1=24.250000 v2=22.625000 margin=1.625000
qwen35 debug logits position 58: top1=271 top2=4081 v1=23.250000 v2=21.375000 margin=1.875000
qwen35 debug logits position 59: top1=8160 top2=13962 v1=23.375000 v2=22.500000 margin=0.875000
qwen35 debug logits position 60: top1=369 top2=579 v1=25.125000 v2=20.750000 margin=4.375000
qwen35 debug logits position 61: top1=264 top2=279 v1=26.000000 v2=25.500000 margin=0.500000
qwen35 debug logits position 62: top1=29006 top2=3841 v1=24.500000 v2=20.625000 margin=3.875000
qwen35 debug logits position 63: top1=314 top2=25 v1=25.125000 v2=21.000000 margin=4.125000
qwen35 debug logits position 64: top1=279 top2=1092 v1=25.875000 v2=24.125000 margin=1.750000
qwen35 debug logits position 65: top1=5587 top2=8240 v1=24.250000 v2=21.500000 margin=2.750000
qwen35 debug logits position 66: top1=5064 top2=303 v1=23.625000 v2=22.750000 margin=0.875000
qwen35 debug logits position 67: top1=303 top2=25 v1=26.875000 v2=26.125000 margin=0.750000
qwen35 debug logits position 68: top1=678 top2=279 v1=25.375000 v2=23.250000 margin=2.125000
qwen35 debug logits position 69: top1=886 top2=1879 v1=25.750000 v2=22.625000 margin=3.125000
qwen35 debug logits position 70: top1=25 top2=11 v1=27.000000 v2=25.000000 margin=2.000000
qwen35 debug logits position 71: top1=271 top2=198 v1=23.500000 v2=20.875000 margin=2.625000
qwen35 debug logits position 72: top1=16 top2=13962 v1=22.500000 v2=22.500000 margin=0.000000
qwen35 debug logits position 73: top1=220 top2=15174 v1=21.625000 v2=21.250000 margin=0.375000
qwen35 debug logits position 74: top1=16 top2=29545 v1=25.750000 v2=14.500000 margin=11.250000
qwen35 debug logits position 75: top1=13 top2=29545 v1=22.500000 v2=12.750000 margin=9.750000
qwen35 debug logits position 76: top1=387 top2=2972 v1=20.000000 v2=19.375000 margin=0.625000
qwen35 debug logits position 77: top1=69843 top2=19324 v1=24.375000 v2=17.250000 margin=7.125000
qwen35 debug logits position 78: top1=594 top2=46491 v1=23.125000 v2=21.750000 margin=1.375000
qwen35 debug logits position 79: top1=80697 top2=16998 v1=20.625000 v2=18.500000 margin=2.125000
qwen35 debug logits position 80: top1=198 top2=1697 v1=23.875000 v2=19.750000 margin=4.125000
qwen35 debug logits position 81: top1=12 top2=9 v1=23.250000 v2=22.250000 margin=1.000000
qwen35 debug logits position 82: top1=1510 top2=2972 v1=23.375000 v2=23.125000 margin=0.250000
qwen35 debug logits position 83: top1=2 top2=0 v1=24.375000 v2=22.500000 margin=1.875000
qwen35 debug hidden embedding position 83: min=-0.3300781 max=0.2060547 mean_abs=0.0079415
qwen35 debug hidden layer-000 position 83: min=-0.2871094 max=13.8750000 mean_abs=0.0204187
qwen35 debug hidden layer-003 position 83: min=-1.9453125 max=25.6250000 mean_abs=0.0580805
qwen35 debug hidden layer-031 position 83: min=-12.3125000 max=77.0000000 mean_abs=0.7120161
qwen35 debug hidden layer-032 position 83: min=-12.0625000 max=70.0000000 mean_abs=0.7008484
qwen35 debug hidden layer-060 position 83: min=-27.2500000 max=88.0000000 mean_abs=3.1813320
qwen35 debug hidden layer-063 position 83: min=-31.0000000 max=218.0000000 mean_abs=4.5019016
qwen35 debug logits position 84: top1=63 top2=393 v1=24.375000 v2=21.375000 margin=3.000000
qwen35 debug logits position 85: top1=318 top2=6328 v1=20.375000 v2=18.500000 margin=1.875000
qwen35 debug logits position 86: top1=6169 top2=2742 v1=25.500000 v2=24.500000 margin=1.000000
qwen35 debug logits position 87: top1=593 top2=15861 v1=23.625000 v2=22.875000 margin=0.750000
qwen35 debug logits position 88: top1=5447 top2=75570 v1=21.000000 v2=20.625000 margin=0.375000
qwen35 debug logits position 89: top1=1777 top2=8 v1=22.625000 v2=22.000000 margin=0.625000
qwen35 debug logits position 90: top1=8 top2=593 v1=26.125000 v2=21.875000 margin=4.250000
qwen35 debug logits position 91: top1=198 top2=471 v1=23.000000 v2=14.625000 margin=8.375000
qwen35 debug logits position 92: top1=12 top2=9 v1=26.625000 v2=15.125000 margin=11.500000
qwen35 debug logits position 93: top1=53824 top2=59327 v1=24.375000 v2=22.375000 margin=2.000000
qwen35 debug logits position 94: top1=63 top2=4 v1=25.250000 v2=16.750000 margin=8.500000
qwen35 debug logits position 95: top1=318 top2=198 v1=25.000000 v2=16.125000 margin=8.875000
qwen35 debug logits position 96: top1=228393 top2=35 v1=29.250000 v2=25.250000 margin=4.000000
qwen35 debug logits position 97: top1=1777 top2=593 v1=27.250000 v2=21.125000 margin=6.125000
qwen35 debug logits position 98: top1=8 top2=593 v1=26.125000 v2=23.000000 margin=3.125000
qwen35 debug logits position 99: top1=198 top2=1892 v1=23.875000 v2=14.562500 margin=9.312500
qwen35 debug logits position 100: top1=12 top2=9 v1=27.000000 v2=13.125000 margin=13.875000
qwen35 debug logits position 101: top1=59327 top2=1510 v1=27.625000 v2=21.500000 margin=6.125000
qwen35 debug logits position 102: top1=63 top2=5 v1=26.500000 v2=16.000000 margin=10.500000
qwen35 debug logits position 103: top1=318 top2=53489 v1=28.000000 v2=18.375000 margin=9.625000
qwen35 debug logits position 104: top1=30956 top2=34972 v1=34.000000 v2=27.125000 margin=6.875000
qwen35 debug logits position 105: top1=1777 top2=8 v1=26.250000 v2=24.875000 margin=1.375000
qwen35 debug logits position 106: top1=8 top2=593 v1=24.375000 v2=16.625000 margin=7.750000
qwen35 debug logits position 107: top1=198 top2=271 v1=25.000000 v2=15.625000 margin=9.375000
qwen35 debug logits position 108: top1=12 top2=1076 v1=25.500000 v2=13.437500 margin=12.062500
qwen35 debug logits position 109: top1=1510 top2=70433 v1=25.375000 v2=19.125000 margin=6.250000
qwen35 debug logits position 110: top1=5 top2=38593 v1=28.375000 v2=20.375000 margin=8.000000
qwen35 debug logits position 111: top1=63 top2=1085 v1=25.375000 v2=13.937500 margin=11.437500
qwen35 debug logits position 112: top1=318 top2=198 v1=25.625000 v2=16.500000 margin=9.125000
qwen35 debug logits position 113: top1=32 top2=15552 v1=30.250000 v2=22.625000 margin=7.625000
qwen35 debug logits position 114: top1=1261 top2=3541 v1=30.375000 v2=18.750000 margin=11.625000
qwen35 debug logits position 115: top1=382 top2=4180 v1=33.250000 v2=17.875000 margin=15.375000
qwen35 debug logits position 116: top1=429 top2=266 v1=28.375000 v2=16.750000 margin=11.625000
qwen35 debug logits position 117: top1=8 top2=593 v1=27.875000 v2=23.500000 margin=4.375000
qwen35 debug logits position 118: top1=198 top2=271 v1=24.750000 v2=16.250000 margin=8.500000
qwen35 debug logits position 119: top1=12 top2=2218 v1=22.750000 v2=11.562500 margin=11.187500
qwen35 debug logits position 120: top1=70433 top2=1510 v1=25.375000 v2=19.375000 margin=6.000000
qwen35 debug logits position 121: top1=63 top2=78744 v1=25.000000 v2=16.875000 margin=8.125000
qwen35 debug logits position 122: top1=318 top2=220 v1=24.375000 v2=14.687500 margin=9.687500
qwen35 debug logits position 123: top1=32 top2=10570 v1=28.000000 v2=24.750000 margin=3.250000
qwen35 debug logits position 124: top1=2134 top2=936 v1=30.000000 v2=21.000000 margin=9.000000
qwen35 debug logits position 125: top1=46284 top2=21312 v1=30.625000 v2=21.375000 margin=9.250000
qwen35 debug logits position 126: top1=593 top2=8 v1=26.250000 v2=24.750000 margin=1.500000
qwen35 debug logits position 127: top1=11000 top2=9785 v1=25.250000 v2=18.875000 margin=6.375000
qwen35 debug logits position 128: top1=12278 top2=52408 v1=28.000000 v2=22.875000 margin=5.125000
qwen35 debug logits position 129: top1=8 top2=1892 v1=26.625000 v2=17.625000 margin=9.000000
qwen35 debug logits position 130: top1=198 top2=1892 v1=24.500000 v2=17.875000 margin=6.625000
qwen35 debug logits position 131: top1=12 top2=71093 v1=23.625000 v2=12.500000 margin=11.125000
qwen35 debug logits position 132: top1=1510 top2=47029 v1=25.500000 v2=21.250000 margin=4.250000
qwen35 debug logits position 133: top1=5628 top2=38593 v1=28.000000 v2=23.000000 margin=5.000000
qwen35 debug logits position 134: top1=318 top2=1510 v1=22.625000 v2=21.625000 margin=1.000000
qwen35 debug logits position 135: top1=5247 top2=49573 v1=27.000000 v2=25.750000 margin=1.250000
qwen35 debug hidden embedding position 7: min=-0.0546875 max=0.0634766 mean_abs=0.0126335
qwen35 debug hidden embedding position 35: min=-0.0549316 max=0.0502930 mean_abs=0.0109394
qwen35 debug hidden layer-000 position 7: min=-0.5117188 max=16.5000000 mean_abs=0.0431779
qwen35 debug hidden layer-000 position 35: min=-0.6289062 max=25.1250000 mean_abs=0.0639629
qwen35 debug hidden layer-003 position 7: min=-3.0000000 max=31.7500000 mean_abs=0.0793459
qwen35 debug hidden layer-003 position 35: min=-2.1875000 max=36.0000000 mean_abs=0.0875966
qwen35 debug hidden layer-031 position 7: min=-21.5000000 max=71.0000000 mean_abs=0.6871067
qwen35 debug hidden layer-031 position 35: min=-15.7500000 max=76.5000000 mean_abs=0.6666741
qwen35 debug hidden layer-032 position 7: min=-21.2500000 max=70.5000000 mean_abs=0.6866806
qwen35 debug hidden layer-032 position 35: min=-15.5000000 max=69.0000000 mean_abs=0.6938732
qwen35 debug hidden layer-060 position 7: min=-38.7500000 max=184.0000000 mean_abs=2.3000515
qwen35 debug hidden layer-060 position 35: min=-34.2500000 max=177.0000000 mean_abs=2.4626214
qwen35 debug hidden layer-063 position 7: min=-123.0000000 max=203.0000000 mean_abs=3.9317035
qwen35 debug hidden layer-063 position 35: min=-105.0000000 max=254.0000000 mean_abs=3.8412815
qwen35 debug hidden embedding position 83: min=-0.0634766 max=0.0776367 mean_abs=0.0129203
qwen35 debug hidden layer-000 position 83: min=-0.4238281 max=17.2500000 mean_abs=0.0523535
qwen35 debug hidden layer-003 position 83: min=-1.8203125 max=30.6250000 mean_abs=0.0899071
qwen35 debug hidden layer-031 position 83: min=-16.8750000 max=79.0000000 mean_abs=0.5888445
qwen35 debug hidden layer-032 position 83: min=-16.5000000 max=75.0000000 mean_abs=0.5878096
qwen35 debug hidden layer-060 position 83: min=-31.5000000 max=86.0000000 mean_abs=2.3154582
qwen35 debug hidden layer-063 position 83: min=-54.5000000 max=77.0000000 mean_abs=3.6075815
qwen35 debug logits position 0: top1=7791 top2=896 v1=24.250000 v2=18.875000 margin=5.375000
qwen35 debug logits position 1025: top1=10951 top2=12 v1=26.250000 v2=15.500000 margin=10.750000
qwen35 debug logits position 1026: top1=16 top2=12 v1=24.750000 v2=11.437500 margin=13.312500
qwen35 debug logits position 1027: top1=12 top2=22 v1=24.125000 v2=11.937500 margin=12.187500
qwen35 debug logits position 1028: top1=22 top2=248046 v1=26.625000 v2=14.562500 margin=12.062500
qwen35 debug logits position 1029: top1=16 top2=248046 v1=24.875000 v2=13.000000 margin=11.875000
qwen35 debug logits position 1030: top1=24 top2=248046 v1=25.875000 v2=14.500000 margin=11.375000
qwen35 debug logits position 1031: top1=22 top2=248046 v1=23.500000 v2=13.687500 margin=9.812500
qwen35 debug logits position 1032: top1=23 top2=248046 v1=25.250000 v2=14.625000 margin=10.625000
qwen35 debug logits position 1033: top1=24 top2=248046 v1=26.125000 v2=17.250000 margin=8.875000
qwen35 debug logits position 1034: top1=248046 top2=271 v1=27.625000 v2=15.750000 margin=11.875000
qwen35 debug hidden embedding position 7: min=-0.0546875 max=0.0634766 mean_abs=0.0126335
qwen35 debug hidden embedding position 35: min=-0.0549316 max=0.0502930 mean_abs=0.0109394
qwen35 debug hidden layer-000 position 7: min=-0.5117188 max=16.5000000 mean_abs=0.0431779
qwen35 debug hidden layer-000 position 35: min=-0.6289062 max=25.1250000 mean_abs=0.0639629
qwen35 debug hidden layer-003 position 7: min=-3.0000000 max=31.7500000 mean_abs=0.0793459
qwen35 debug hidden layer-003 position 35: min=-2.1875000 max=36.0000000 mean_abs=0.0875966
qwen35 debug hidden layer-031 position 7: min=-21.5000000 max=71.0000000 mean_abs=0.6871067
qwen35 debug hidden layer-031 position 35: min=-15.7500000 max=76.5000000 mean_abs=0.6666741
qwen35 debug hidden layer-032 position 7: min=-21.2500000 max=70.5000000 mean_abs=0.6866806
qwen35 debug hidden layer-032 position 35: min=-15.5000000 max=69.0000000 mean_abs=0.6938732
qwen35 debug hidden layer-060 position 7: min=-38.7500000 max=184.0000000 mean_abs=2.3000515
qwen35 debug hidden layer-060 position 35: min=-34.2500000 max=177.0000000 mean_abs=2.4626214
qwen35 debug hidden layer-063 position 7: min=-123.0000000 max=203.0000000 mean_abs=3.9317035
qwen35 debug hidden layer-063 position 35: min=-105.0000000 max=254.0000000 mean_abs=3.8412815
qwen35 debug hidden embedding position 83: min=-0.0544434 max=0.0634766 mean_abs=0.0128660
qwen35 debug hidden layer-000 position 83: min=-0.3750000 max=17.1250000 mean_abs=0.0506168
qwen35 debug hidden layer-003 position 83: min=-1.6484375 max=29.3750000 mean_abs=0.0888356
qwen35 debug hidden layer-031 position 83: min=-13.6250000 max=70.0000000 mean_abs=0.4811668
qwen35 debug hidden layer-032 position 83: min=-13.1875000 max=68.0000000 mean_abs=0.4694350
qwen35 debug hidden layer-060 position 83: min=-33.0000000 max=185.0000000 mean_abs=2.2262607
qwen35 debug hidden layer-063 position 83: min=-110.0000000 max=92.0000000 mean_abs=3.7505704
qwen35 debug logits position 0: top1=7791 top2=896 v1=27.875000 v2=20.750000 margin=7.125000
qwen35 debug logits position 4097: top1=10951 top2=12 v1=28.250000 v2=16.500000 margin=11.750000
qwen35 debug logits position 4098: top1=19 top2=248046 v1=26.875000 v2=12.250000 margin=14.625000
qwen35 debug logits position 4099: top1=12 top2=21 v1=25.750000 v2=12.187500 margin=13.562500
qwen35 debug logits position 4100: top1=21 top2=248046 v1=28.250000 v2=14.875000 margin=13.375000
qwen35 debug logits position 4101: top1=18 top2=248046 v1=26.750000 v2=14.937500 margin=11.812500
qwen35 debug logits position 4102: top1=15 top2=248046 v1=26.750000 v2=15.437500 margin=11.312500
qwen35 debug logits position 4103: top1=16 top2=248046 v1=25.750000 v2=14.562500 margin=11.187500
qwen35 debug logits position 4104: top1=21 top2=248046 v1=26.250000 v2=16.750000 margin=9.500000
qwen35 debug logits position 4105: top1=16 top2=248046 v1=27.250000 v2=17.250000 margin=10.000000
qwen35 debug logits position 4106: top1=248046 top2=271 v1=29.500000 v2=14.375000 margin=15.125000
qwen35 debug hidden embedding position 7: min=-0.0546875 max=0.0634766 mean_abs=0.0126335
qwen35 debug hidden embedding position 35: min=-0.0549316 max=0.0502930 mean_abs=0.0109394
qwen35 debug hidden layer-000 position 7: min=-0.5117188 max=16.5000000 mean_abs=0.0431779
qwen35 debug hidden layer-000 position 35: min=-0.6289062 max=25.1250000 mean_abs=0.0639629
qwen35 debug hidden layer-003 position 7: min=-3.0000000 max=31.7500000 mean_abs=0.0793459
qwen35 debug hidden layer-003 position 35: min=-2.1875000 max=36.0000000 mean_abs=0.0875966
qwen35 debug hidden layer-031 position 7: min=-21.5000000 max=71.0000000 mean_abs=0.6871067
qwen35 debug hidden layer-031 position 35: min=-15.7500000 max=76.5000000 mean_abs=0.6666741
qwen35 debug hidden layer-032 position 7: min=-21.2500000 max=70.5000000 mean_abs=0.6866806
qwen35 debug hidden layer-032 position 35: min=-15.5000000 max=69.0000000 mean_abs=0.6938732
qwen35 debug hidden layer-060 position 7: min=-38.7500000 max=184.0000000 mean_abs=2.3000515
qwen35 debug hidden layer-060 position 35: min=-34.2500000 max=177.0000000 mean_abs=2.4626214
qwen35 debug hidden layer-063 position 7: min=-123.0000000 max=203.0000000 mean_abs=3.9317035
qwen35 debug hidden layer-063 position 35: min=-105.0000000 max=254.0000000 mean_abs=3.8412815
qwen35 debug hidden embedding position 83: min=-0.5468750 max=0.1318359 mean_abs=0.0037377
qwen35 debug hidden layer-000 position 83: min=-0.3183594 max=10.1250000 mean_abs=0.0106334
qwen35 debug hidden layer-003 position 83: min=-1.0859375 max=16.6250000 mean_abs=0.0339004
qwen35 debug hidden layer-031 position 83: min=-16.1250000 max=65.0000000 mean_abs=0.6281094
qwen35 debug hidden layer-032 position 83: min=-16.1250000 max=63.5000000 mean_abs=0.6309825
qwen35 debug hidden layer-060 position 83: min=-25.1250000 max=118.0000000 mean_abs=2.3765105
qwen35 debug hidden layer-063 position 83: min=-44.5000000 max=134.0000000 mean_abs=3.5370717
qwen35 debug logits position 0: top1=7791 top2=896 v1=26.375000 v2=21.000000 margin=5.375000
qwen35 debug logits position 8193: top1=10951 top2=12 v1=28.250000 v2=17.125000 margin=11.125000
qwen35 debug logits position 8194: top1=23 top2=248046 v1=26.875000 v2=13.625000 margin=13.250000
qwen35 debug logits position 8195: top1=12 top2=248046 v1=26.125000 v2=12.812500 margin=13.312500
qwen35 debug logits position 8196: top1=16 top2=248046 v1=26.375000 v2=15.187500 margin=11.187500
qwen35 debug logits position 8197: top1=22 top2=248046 v1=27.375000 v2=16.375000 margin=11.000000
qwen35 debug logits position 8198: top1=17 top2=248046 v1=26.875000 v2=15.250000 margin=11.625000
qwen35 debug logits position 8199: top1=15 top2=248046 v1=25.125000 v2=14.187500 margin=10.937500
qwen35 debug logits position 8200: top1=22 top2=248046 v1=27.875000 v2=17.125000 margin=10.750000
qwen35 debug logits position 8201: top1=15 top2=248046 v1=27.250000 v2=17.125000 margin=10.125000
qwen35 debug logits position 8202: top1=248046 top2=13 v1=28.375000 v2=14.437500 margin=13.937500
qwen35 debug hidden embedding position 7: min=-0.0546875 max=0.0634766 mean_abs=0.0126335
qwen35 debug hidden embedding position 35: min=-0.0549316 max=0.0502930 mean_abs=0.0109394
qwen35 debug hidden layer-000 position 7: min=-0.5117188 max=16.5000000 mean_abs=0.0431779
qwen35 debug hidden layer-000 position 35: min=-0.6289062 max=25.1250000 mean_abs=0.0639629
qwen35 debug hidden layer-003 position 7: min=-3.0000000 max=31.7500000 mean_abs=0.0793459
qwen35 debug hidden layer-003 position 35: min=-2.1875000 max=36.0000000 mean_abs=0.0875966
qwen35 debug hidden layer-031 position 7: min=-21.5000000 max=71.0000000 mean_abs=0.6871067
qwen35 debug hidden layer-031 position 35: min=-15.7500000 max=76.5000000 mean_abs=0.6666741
qwen35 debug hidden layer-032 position 7: min=-21.2500000 max=70.5000000 mean_abs=0.6866806
qwen35 debug hidden layer-032 position 35: min=-15.5000000 max=69.0000000 mean_abs=0.6938732
qwen35 debug hidden layer-060 position 7: min=-38.7500000 max=184.0000000 mean_abs=2.3000515
qwen35 debug hidden layer-060 position 35: min=-34.2500000 max=177.0000000 mean_abs=2.4626214
qwen35 debug hidden layer-063 position 7: min=-123.0000000 max=203.0000000 mean_abs=3.9317035
qwen35 debug hidden layer-063 position 35: min=-105.0000000 max=254.0000000 mean_abs=3.8412815
qwen35 debug hidden embedding position 83: min=-0.0529785 max=0.0634766 mean_abs=0.0124764
qwen35 debug hidden layer-000 position 83: min=-0.4882812 max=18.0000000 mean_abs=0.0684756
qwen35 debug hidden layer-003 position 83: min=-2.1406250 max=32.2500000 mean_abs=0.1004379
qwen35 debug hidden layer-031 position 83: min=-17.3750000 max=71.5000000 mean_abs=0.8956170
qwen35 debug hidden layer-032 position 83: min=-17.2500000 max=68.0000000 mean_abs=0.8668212
qwen35 debug hidden layer-060 position 83: min=-30.0000000 max=72.5000000 mean_abs=2.4214352
qwen35 debug hidden layer-063 position 83: min=-41.0000000 max=80.5000000 mean_abs=3.5891779
qwen35 debug logits position 0: top1=7791 top2=896 v1=27.750000 v2=20.750000 margin=7.000000
qwen35 debug logits position 16385: top1=10951 top2=12 v1=28.500000 v2=16.875000 margin=11.625000
qwen35 debug logits position 16386: top1=16 top2=248046 v1=25.625000 v2=12.062500 margin=13.562500
qwen35 debug logits position 16387: top1=21 top2=18 v1=25.375000 v2=13.187500 margin=12.187500
qwen35 debug logits position 16388: top1=12 top2=248046 v1=24.875000 v2=12.312500 margin=12.562500
qwen35 debug logits position 16389: top1=16 top2=248046 v1=26.250000 v2=14.687500 margin=11.562500
qwen35 debug logits position 16390: top1=18 top2=248046 v1=26.500000 v2=15.250000 margin=11.250000
qwen35 debug logits position 16391: top1=18 top2=248046 v1=26.250000 v2=15.500000 margin=10.750000
qwen35 debug logits position 16392: top1=17 top2=248046 v1=26.375000 v2=15.687500 margin=10.687500
qwen35 debug logits position 16393: top1=20 top2=248046 v1=26.375000 v2=16.375000 margin=10.000000
qwen35 debug logits position 16394: top1=19 top2=248046 v1=26.875000 v2=16.875000 margin=10.000000
qwen35 debug logits position 16395: top1=248046 top2=510 v1=28.375000 v2=14.687500 margin=13.687500
qwen35 debug hidden embedding position 7: min=-0.0546875 max=0.0634766 mean_abs=0.0126335
qwen35 debug hidden embedding position 35: min=-0.0549316 max=0.0502930 mean_abs=0.0109394
qwen35 debug hidden layer-000 position 7: min=-0.5117188 max=16.5000000 mean_abs=0.0431779
qwen35 debug hidden layer-000 position 35: min=-0.6289062 max=25.1250000 mean_abs=0.0639629
qwen35 debug hidden layer-003 position 7: min=-3.0000000 max=31.7500000 mean_abs=0.0793459
qwen35 debug hidden layer-003 position 35: min=-2.1875000 max=36.0000000 mean_abs=0.0875966
qwen35 debug hidden layer-031 position 7: min=-21.5000000 max=71.0000000 mean_abs=0.6871067
qwen35 debug hidden layer-031 position 35: min=-15.7500000 max=76.5000000 mean_abs=0.6666741
qwen35 debug hidden layer-032 position 7: min=-21.2500000 max=70.5000000 mean_abs=0.6866806
qwen35 debug hidden layer-032 position 35: min=-15.5000000 max=69.0000000 mean_abs=0.6938732
qwen35 debug hidden layer-060 position 7: min=-38.7500000 max=184.0000000 mean_abs=2.3000515
qwen35 debug hidden layer-060 position 35: min=-34.2500000 max=177.0000000 mean_abs=2.4626214
qwen35 debug hidden layer-063 position 7: min=-123.0000000 max=203.0000000 mean_abs=3.9317035
qwen35 debug hidden layer-063 position 35: min=-105.0000000 max=254.0000000 mean_abs=3.8412815
qwen35 debug hidden embedding position 83: min=-0.0515137 max=0.0546875 mean_abs=0.0116956
qwen35 debug hidden layer-000 position 83: min=-0.4492188 max=16.7500000 mean_abs=0.0564468
qwen35 debug hidden layer-003 position 83: min=-1.7500000 max=30.0000000 mean_abs=0.0994605
qwen35 debug hidden layer-031 position 83: min=-11.9375000 max=69.5000000 mean_abs=0.5042194
qwen35 debug hidden layer-032 position 83: min=-11.6250000 max=65.0000000 mean_abs=0.4980609
qwen35 debug hidden layer-060 position 83: min=-29.8750000 max=162.0000000 mean_abs=2.2397469
qwen35 debug hidden layer-063 position 83: min=-88.0000000 max=88.0000000 mean_abs=3.6656017
qwen35 debug logits position 0: top1=6277 top2=759 v1=25.625000 v2=14.812500 margin=10.812500
qwen35 debug logits position 2049: top1=5483 top2=7227 v1=30.875000 v2=20.875000 margin=10.000000
qwen35 debug logits position 2050: top1=12 top2=23 v1=26.375000 v2=11.937500 margin=14.437500
qwen35 debug logits position 2051: top1=23 top2=248046 v1=28.375000 v2=16.375000 margin=12.000000
qwen35 debug logits position 2052: top1=17 top2=248046 v1=26.500000 v2=14.687500 margin=11.812500
qwen35 debug logits position 2053: top1=23 top2=248046 v1=26.375000 v2=14.875000 margin=11.500000
qwen35 debug logits position 2054: top1=22 top2=248046 v1=25.750000 v2=15.625000 margin=10.125000
qwen35 debug logits position 2055: top1=19 top2=248046 v1=26.375000 v2=16.375000 margin=10.000000
qwen35 debug logits position 2056: top1=24 top2=248046 v1=28.625000 v2=18.625000 margin=10.000000
qwen35 debug logits position 2057: top1=248046 top2=271 v1=29.125000 v2=15.000000 margin=14.125000
qwen35 debug hidden embedding position 7: min=-0.0546875 max=0.0634766 mean_abs=0.0126335
qwen35 debug hidden embedding position 35: min=-0.0549316 max=0.0502930 mean_abs=0.0109394
qwen35 debug hidden layer-000 position 7: min=-0.5117188 max=16.5000000 mean_abs=0.0431779
qwen35 debug hidden layer-000 position 35: min=-0.6289062 max=25.1250000 mean_abs=0.0639629
qwen35 debug hidden layer-003 position 7: min=-3.0000000 max=31.7500000 mean_abs=0.0793459
qwen35 debug hidden layer-003 position 35: min=-2.1875000 max=36.0000000 mean_abs=0.0875966
qwen35 debug hidden layer-031 position 7: min=-21.5000000 max=71.0000000 mean_abs=0.6871067
qwen35 debug hidden layer-031 position 35: min=-15.7500000 max=76.5000000 mean_abs=0.6666741
qwen35 debug hidden layer-032 position 7: min=-21.2500000 max=70.5000000 mean_abs=0.6866806
qwen35 debug hidden layer-032 position 35: min=-15.5000000 max=69.0000000 mean_abs=0.6938732
qwen35 debug hidden layer-060 position 7: min=-38.7500000 max=184.0000000 mean_abs=2.3000515
qwen35 debug hidden layer-060 position 35: min=-34.2500000 max=177.0000000 mean_abs=2.4626214
qwen35 debug hidden layer-063 position 7: min=-123.0000000 max=203.0000000 mean_abs=3.9317035
qwen35 debug hidden layer-063 position 35: min=-105.0000000 max=254.0000000 mean_abs=3.8412815
qwen35 debug hidden embedding position 83: min=-0.5468750 max=0.1318359 mean_abs=0.0037377
qwen35 debug hidden layer-000 position 83: min=-0.3144531 max=10.2500000 mean_abs=0.0112717
qwen35 debug hidden layer-003 position 83: min=-1.1406250 max=17.0000000 mean_abs=0.0346643
qwen35 debug hidden layer-031 position 83: min=-14.3750000 max=71.5000000 mean_abs=0.5820580
qwen35 debug hidden layer-032 position 83: min=-14.0625000 max=71.0000000 mean_abs=0.5800486
qwen35 debug hidden layer-060 position 83: min=-26.3750000 max=122.0000000 mean_abs=2.7404770
qwen35 debug hidden layer-063 position 83: min=-29.7500000 max=55.7500000 mean_abs=3.6227706
qwen35 debug logits position 0: top1=6277 top2=54587 v1=25.250000 v2=14.687500 margin=10.562500
qwen35 debug logits position 8193: top1=5483 top2=7227 v1=30.500000 v2=19.875000 margin=10.625000
qwen35 debug logits position 8194: top1=12 top2=248046 v1=25.125000 v2=12.125000 margin=13.000000
qwen35 debug logits position 8195: top1=23 top2=248046 v1=28.125000 v2=16.875000 margin=11.250000
qwen35 debug logits position 8196: top1=20 top2=248046 v1=25.750000 v2=14.750000 margin=11.000000
qwen35 debug logits position 8197: top1=23 top2=248046 v1=26.875000 v2=16.000000 margin=10.875000
qwen35 debug logits position 8198: top1=17 top2=248046 v1=25.375000 v2=15.312500 margin=10.062500
qwen35 debug logits position 8199: top1=21 top2=248046 v1=26.125000 v2=16.250000 margin=9.875000
qwen35 debug logits position 8200: top1=16 top2=248046 v1=27.000000 v2=18.000000 margin=9.000000
qwen35 debug logits position 8201: top1=248046 top2=271 v1=27.875000 v2=14.562500 margin=13.312500
qwen35 debug hidden embedding position 7: min=-0.0546875 max=0.0634766 mean_abs=0.0126335
qwen35 debug hidden embedding position 35: min=-0.0549316 max=0.0502930 mean_abs=0.0109394
qwen35 debug hidden layer-000 position 7: min=-0.5117188 max=16.5000000 mean_abs=0.0431779
qwen35 debug hidden layer-000 position 35: min=-0.6289062 max=25.1250000 mean_abs=0.0639629
qwen35 debug hidden layer-003 position 7: min=-3.0000000 max=31.7500000 mean_abs=0.0793459
qwen35 debug hidden layer-003 position 35: min=-2.1875000 max=36.0000000 mean_abs=0.0875966
qwen35 debug hidden layer-031 position 7: min=-21.5000000 max=71.0000000 mean_abs=0.6871067
qwen35 debug hidden layer-031 position 35: min=-15.7500000 max=76.5000000 mean_abs=0.6666741
qwen35 debug hidden layer-032 position 7: min=-21.2500000 max=70.5000000 mean_abs=0.6866806
qwen35 debug hidden layer-032 position 35: min=-15.5000000 max=69.0000000 mean_abs=0.6938732
qwen35 debug hidden layer-060 position 7: min=-38.7500000 max=184.0000000 mean_abs=2.3000515
qwen35 debug hidden layer-060 position 35: min=-34.2500000 max=177.0000000 mean_abs=2.4626214
qwen35 debug hidden layer-063 position 7: min=-123.0000000 max=203.0000000 mean_abs=3.9317035
qwen35 debug hidden layer-063 position 35: min=-105.0000000 max=254.0000000 mean_abs=3.8412815
qwen35 debug hidden embedding position 83: min=-0.0644531 max=0.0776367 mean_abs=0.0119120
qwen35 debug hidden layer-000 position 83: min=-0.7343750 max=20.1250000 mean_abs=0.1135470
qwen35 debug hidden layer-003 position 83: min=-1.6484375 max=33.7500000 mean_abs=0.1663491
qwen35 debug hidden layer-031 position 83: min=-16.6250000 max=68.5000000 mean_abs=0.7136263
qwen35 debug hidden layer-032 position 83: min=-16.1250000 max=65.0000000 mean_abs=0.6982774
qwen35 debug hidden layer-060 position 83: min=-27.1250000 max=113.5000000 mean_abs=2.3190963
qwen35 debug hidden layer-063 position 83: min=-51.7500000 max=140.0000000 mean_abs=3.6298254
qwen35 debug logits position 0: top1=47407 top2=1113 v1=23.875000 v2=17.000000 margin=6.875000
qwen35 debug logits position 4097: top1=2926 top2=347 v1=27.250000 v2=16.000000 margin=11.250000
qwen35 debug logits position 4098: top1=12 top2=21 v1=23.875000 v2=11.375000 margin=12.500000
qwen35 debug logits position 4099: top1=21 top2=220 v1=25.625000 v2=13.500000 margin=12.125000
qwen35 debug logits position 4100: top1=22 top2=248046 v1=26.000000 v2=15.937500 margin=10.062500
qwen35 debug logits position 4101: top1=21 top2=248046 v1=24.625000 v2=13.687500 margin=10.937500
qwen35 debug logits position 4102: top1=19 top2=248046 v1=24.625000 v2=14.500000 margin=10.125000
qwen35 debug logits position 4103: top1=18 top2=248046 v1=24.250000 v2=14.125000 margin=10.125000
qwen35 debug logits position 4104: top1=22 top2=248046 v1=24.875000 v2=16.500000 margin=8.375000
qwen35 debug logits position 4105: top1=248046 top2=271 v1=26.125000 v2=13.625000 margin=12.500000
qwen35 debug hidden embedding position 7: min=-0.0546875 max=0.0634766 mean_abs=0.0126335
qwen35 debug hidden embedding position 35: min=-0.0549316 max=0.0502930 mean_abs=0.0109394
qwen35 debug hidden layer-000 position 7: min=-0.5117188 max=16.5000000 mean_abs=0.0431779
qwen35 debug hidden layer-000 position 35: min=-0.6289062 max=25.1250000 mean_abs=0.0639629
qwen35 debug hidden layer-003 position 7: min=-3.0000000 max=31.7500000 mean_abs=0.0793459
qwen35 debug hidden layer-003 position 35: min=-2.1875000 max=36.0000000 mean_abs=0.0875966
qwen35 debug hidden layer-031 position 7: min=-21.5000000 max=71.0000000 mean_abs=0.6871067
qwen35 debug hidden layer-031 position 35: min=-15.7500000 max=76.5000000 mean_abs=0.6666741
qwen35 debug hidden layer-032 position 7: min=-21.2500000 max=70.5000000 mean_abs=0.6866806
qwen35 debug hidden layer-032 position 35: min=-15.5000000 max=69.0000000 mean_abs=0.6938732
qwen35 debug hidden layer-060 position 7: min=-38.7500000 max=184.0000000 mean_abs=2.3000515
qwen35 debug hidden layer-060 position 35: min=-34.2500000 max=177.0000000 mean_abs=2.4626214
qwen35 debug hidden layer-063 position 7: min=-123.0000000 max=203.0000000 mean_abs=3.9317035
qwen35 debug hidden layer-063 position 35: min=-105.0000000 max=254.0000000 mean_abs=3.8412815
qwen35 debug hidden embedding position 83: min=-0.4550781 max=0.2812500 mean_abs=0.0085691
qwen35 debug hidden layer-000 position 83: min=-0.3964844 max=13.3750000 mean_abs=0.0274284
qwen35 debug hidden layer-003 position 83: min=-1.3437500 max=23.2500000 mean_abs=0.0668776
qwen35 debug hidden layer-031 position 83: min=-12.6875000 max=66.5000000 mean_abs=0.4476444
qwen35 debug hidden layer-032 position 83: min=-12.3750000 max=61.2500000 mean_abs=0.4378495
qwen35 debug hidden layer-060 position 83: min=-27.1250000 max=169.0000000 mean_abs=2.1984366
qwen35 debug hidden layer-063 position 83: min=-80.5000000 max=112.0000000 mean_abs=3.5851190
qwen35 debug logits position 0: top1=47407 top2=762 v1=25.875000 v2=17.875000 margin=8.000000
qwen35 debug logits position 8193: top1=2926 top2=347 v1=28.500000 v2=17.375000 margin=11.125000
qwen35 debug logits position 8194: top1=12 top2=20 v1=24.750000 v2=11.812500 margin=12.937500
qwen35 debug logits position 8195: top1=20 top2=19 v1=25.875000 v2=12.312500 margin=13.562500
qwen35 debug logits position 8196: top1=15 top2=248046 v1=25.000000 v2=14.125000 margin=10.875000
qwen35 debug logits position 8197: top1=21 top2=248046 v1=25.375000 v2=12.187500 margin=13.187500
qwen35 debug logits position 8198: top1=24 top2=248046 v1=24.875000 v2=13.562500 margin=11.312500
qwen35 debug logits position 8199: top1=22 top2=248046 v1=25.750000 v2=16.000000 margin=9.750000
qwen35 debug logits position 8200: top1=17 top2=248046 v1=25.625000 v2=16.125000 margin=9.500000
qwen35 debug logits position 8201: top1=248046 top2=1710 v1=27.500000 v2=14.437500 margin=13.062500
qwen35 debug hidden embedding position 7: min=-0.0546875 max=0.0634766 mean_abs=0.0126335
qwen35 debug hidden embedding position 35: min=-0.0549316 max=0.0502930 mean_abs=0.0109394
qwen35 debug hidden layer-000 position 7: min=-0.5117188 max=16.5000000 mean_abs=0.0431779
qwen35 debug hidden layer-000 position 35: min=-0.6289062 max=25.1250000 mean_abs=0.0639629
qwen35 debug hidden layer-003 position 7: min=-3.0000000 max=31.7500000 mean_abs=0.0793459
qwen35 debug hidden layer-003 position 35: min=-2.1875000 max=36.0000000 mean_abs=0.0875966
qwen35 debug hidden layer-031 position 7: min=-21.5000000 max=71.0000000 mean_abs=0.6871067
qwen35 debug hidden layer-031 position 35: min=-15.7500000 max=76.5000000 mean_abs=0.6666741
qwen35 debug hidden layer-032 position 7: min=-21.2500000 max=70.5000000 mean_abs=0.6866806
qwen35 debug hidden layer-032 position 35: min=-15.5000000 max=69.0000000 mean_abs=0.6938732
qwen35 debug hidden layer-060 position 7: min=-38.7500000 max=184.0000000 mean_abs=2.3000515
qwen35 debug hidden layer-060 position 35: min=-34.2500000 max=177.0000000 mean_abs=2.4626214
qwen35 debug hidden layer-063 position 7: min=-123.0000000 max=203.0000000 mean_abs=3.9317035
qwen35 debug hidden layer-063 position 35: min=-105.0000000 max=254.0000000 mean_abs=3.8412815
qwen35 debug hidden embedding position 83: min=-0.0629883 max=0.0727539 mean_abs=0.0110470
qwen35 debug hidden layer-000 position 83: min=-0.4121094 max=15.5000000 mean_abs=0.0425232
qwen35 debug hidden layer-003 position 83: min=-1.8203125 max=25.7500000 mean_abs=0.0875969
qwen35 debug hidden layer-031 position 83: min=-13.9375000 max=68.0000000 mean_abs=0.5475872
qwen35 debug hidden layer-032 position 83: min=-13.3125000 max=66.5000000 mean_abs=0.5615858
qwen35 debug hidden layer-060 position 83: min=-30.5000000 max=188.0000000 mean_abs=1.9677264
qwen35 debug hidden layer-063 position 83: min=-103.0000000 max=125.0000000 mean_abs=3.6653084
qwen35 debug logits position 0: top1=43208 top2=2662 v1=24.375000 v2=19.250000 margin=5.125000
qwen35 debug logits position 2049: top1=12 top2=248046 v1=25.250000 v2=14.437500 margin=10.812500
qwen35 debug logits position 2050: top1=24 top2=248046 v1=26.250000 v2=16.375000 margin=9.875000
qwen35 debug logits position 2051: top1=22 top2=248046 v1=26.375000 v2=16.375000 margin=10.000000
qwen35 debug logits position 2052: top1=19 top2=248046 v1=25.625000 v2=15.125000 margin=10.500000
qwen35 debug logits position 2053: top1=18 top2=248046 v1=25.500000 v2=15.062500 margin=10.437500
qwen35 debug logits position 2054: top1=20 top2=248046 v1=27.250000 v2=16.750000 margin=10.500000
qwen35 debug logits position 2055: top1=19 top2=248046 v1=28.250000 v2=19.000000 margin=9.250000
qwen35 debug logits position 2056: top1=248046 top2=271 v1=28.125000 v2=15.250000 margin=12.875000
qwen35 debug hidden embedding position 7: min=-0.0546875 max=0.0634766 mean_abs=0.0126335
qwen35 debug hidden embedding position 35: min=-0.0549316 max=0.0502930 mean_abs=0.0109394
qwen35 debug hidden layer-000 position 7: min=-0.5117188 max=16.5000000 mean_abs=0.0431779
qwen35 debug hidden layer-000 position 35: min=-0.6289062 max=25.1250000 mean_abs=0.0639629
qwen35 debug hidden layer-003 position 7: min=-3.0000000 max=31.7500000 mean_abs=0.0793459
qwen35 debug hidden layer-003 position 35: min=-2.1875000 max=36.0000000 mean_abs=0.0875966
qwen35 debug hidden layer-031 position 7: min=-21.5000000 max=71.0000000 mean_abs=0.6871067
qwen35 debug hidden layer-031 position 35: min=-15.7500000 max=76.5000000 mean_abs=0.6666741
qwen35 debug hidden layer-032 position 7: min=-21.2500000 max=70.5000000 mean_abs=0.6866806
qwen35 debug hidden layer-032 position 35: min=-15.5000000 max=69.0000000 mean_abs=0.6938732
qwen35 debug hidden layer-060 position 7: min=-38.7500000 max=184.0000000 mean_abs=2.3000515
qwen35 debug hidden layer-060 position 35: min=-34.2500000 max=177.0000000 mean_abs=2.4626214
qwen35 debug hidden layer-063 position 7: min=-123.0000000 max=203.0000000 mean_abs=3.9317035
qwen35 debug hidden layer-063 position 35: min=-105.0000000 max=254.0000000 mean_abs=3.8412815
qwen35 debug hidden embedding position 83: min=-0.0524902 max=0.0522461 mean_abs=0.0122343
qwen35 debug hidden layer-000 position 83: min=-0.3554688 max=19.1250000 mean_abs=0.0688603
qwen35 debug hidden layer-003 position 83: min=-1.9609375 max=33.5000000 mean_abs=0.1000800
qwen35 debug hidden layer-031 position 83: min=-11.3750000 max=60.2500000 mean_abs=0.6255923
qwen35 debug hidden layer-032 position 83: min=-11.4375000 max=58.7500000 mean_abs=0.6058889
qwen35 debug hidden layer-060 position 83: min=-27.5000000 max=180.0000000 mean_abs=2.2847288
qwen35 debug hidden layer-063 position 83: min=-74.0000000 max=137.0000000 mean_abs=3.8494334
qwen35 debug logits position 0: top1=43208 top2=2662 v1=25.125000 v2=19.375000 margin=5.750000
qwen35 debug logits position 8193: top1=12 top2=248046 v1=24.875000 v2=13.375000 margin=11.500000
qwen35 debug logits position 8194: top1=19 top2=248046 v1=25.375000 v2=15.437500 margin=9.937500
qwen35 debug logits position 8195: top1=20 top2=18 v1=25.625000 v2=14.625000 margin=11.000000
qwen35 debug logits position 8196: top1=18 top2=248046 v1=25.000000 v2=13.812500 margin=11.187500
qwen35 debug logits position 8197: top1=24 top2=248046 v1=26.000000 v2=15.625000 margin=10.375000
qwen35 debug logits position 8198: top1=23 top2=248046 v1=26.125000 v2=15.500000 margin=10.625000
qwen35 debug logits position 8199: top1=20 top2=248046 v1=27.250000 v2=18.000000 margin=9.250000
qwen35 debug logits position 8200: top1=248046 top2=271 v1=27.000000 v2=14.000000 margin=13.000000
qwen35 debug hidden embedding position 7: min=-0.0546875 max=0.0634766 mean_abs=0.0126335
qwen35 debug hidden embedding position 35: min=-0.0549316 max=0.0502930 mean_abs=0.0109394
qwen35 debug hidden layer-000 position 7: min=-0.5117188 max=16.5000000 mean_abs=0.0431779
qwen35 debug hidden layer-000 position 35: min=-0.6289062 max=25.1250000 mean_abs=0.0639629
qwen35 debug hidden layer-003 position 7: min=-3.0000000 max=31.7500000 mean_abs=0.0793459
qwen35 debug hidden layer-003 position 35: min=-2.1875000 max=36.0000000 mean_abs=0.0875966
qwen35 debug hidden layer-031 position 7: min=-21.5000000 max=71.0000000 mean_abs=0.6871067
qwen35 debug hidden layer-031 position 35: min=-15.7500000 max=76.5000000 mean_abs=0.6666741
qwen35 debug hidden layer-032 position 7: min=-21.2500000 max=70.5000000 mean_abs=0.6866806
qwen35 debug hidden layer-032 position 35: min=-15.5000000 max=69.0000000 mean_abs=0.6938732
qwen35 debug hidden layer-060 position 7: min=-38.7500000 max=184.0000000 mean_abs=2.3000515
qwen35 debug hidden layer-060 position 35: min=-34.2500000 max=177.0000000 mean_abs=2.4626214
qwen35 debug hidden layer-063 position 7: min=-123.0000000 max=203.0000000 mean_abs=3.9317035
qwen35 debug hidden layer-063 position 35: min=-105.0000000 max=254.0000000 mean_abs=3.8412815
qwen35 debug hidden embedding position 83: min=-0.0524902 max=0.0532227 mean_abs=0.0114985
qwen35 debug hidden layer-000 position 83: min=-0.4941406 max=20.7500000 mean_abs=0.0543615
qwen35 debug hidden layer-003 position 83: min=-2.0937500 max=28.8750000 mean_abs=0.0945073
qwen35 debug hidden layer-031 position 83: min=-15.6250000 max=71.5000000 mean_abs=0.6039468
qwen35 debug hidden layer-032 position 83: min=-15.6875000 max=68.0000000 mean_abs=0.5926607
qwen35 debug hidden layer-060 position 83: min=-30.8750000 max=134.0000000 mean_abs=2.0518403
qwen35 debug hidden layer-063 position 83: min=-54.0000000 max=129.0000000 mean_abs=3.3398905
qwen35 debug logits position 0: top1=21 top2=22 v1=23.500000 v2=23.500000 margin=0.000000
qwen35 debug logits position 1025: top1=20 top2=19 v1=24.250000 v2=17.250000 margin=7.000000
qwen35 debug logits position 1026: top1=248046 top2=271 v1=31.000000 v2=16.250000 margin=14.750000
qwen35 debug hidden embedding position 7: min=-0.0546875 max=0.0634766 mean_abs=0.0126335
qwen35 debug hidden embedding position 35: min=-0.0549316 max=0.0502930 mean_abs=0.0109394
qwen35 debug hidden layer-000 position 7: min=-0.5117188 max=16.5000000 mean_abs=0.0431779
qwen35 debug hidden layer-000 position 35: min=-0.6289062 max=25.1250000 mean_abs=0.0639629
qwen35 debug hidden layer-003 position 7: min=-3.0000000 max=31.7500000 mean_abs=0.0793459
qwen35 debug hidden layer-003 position 35: min=-2.1875000 max=36.0000000 mean_abs=0.0875966
qwen35 debug hidden layer-031 position 7: min=-21.5000000 max=71.0000000 mean_abs=0.6871067
qwen35 debug hidden layer-031 position 35: min=-15.7500000 max=76.5000000 mean_abs=0.6666741
qwen35 debug hidden layer-032 position 7: min=-21.2500000 max=70.5000000 mean_abs=0.6866806
qwen35 debug hidden layer-032 position 35: min=-15.5000000 max=69.0000000 mean_abs=0.6938732
qwen35 debug hidden layer-060 position 7: min=-38.7500000 max=184.0000000 mean_abs=2.3000515
qwen35 debug hidden layer-060 position 35: min=-34.2500000 max=177.0000000 mean_abs=2.4626214
qwen35 debug hidden layer-063 position 7: min=-123.0000000 max=203.0000000 mean_abs=3.9317035
qwen35 debug hidden layer-063 position 35: min=-105.0000000 max=254.0000000 mean_abs=3.8412815
qwen35 debug hidden embedding position 83: min=-0.1884766 max=0.1230469 mean_abs=0.0108202
qwen35 debug hidden layer-000 position 83: min=-0.2539062 max=12.7500000 mean_abs=0.0275807
qwen35 debug hidden layer-003 position 83: min=-1.4687500 max=20.7500000 mean_abs=0.0699473
qwen35 debug hidden layer-031 position 83: min=-13.1875000 max=62.2500000 mean_abs=0.5712107
qwen35 debug hidden layer-032 position 83: min=-12.5000000 max=64.0000000 mean_abs=0.5771891
qwen35 debug hidden layer-060 position 83: min=-26.5000000 max=155.0000000 mean_abs=2.4286277
qwen35 debug hidden layer-063 position 83: min=-31.2500000 max=57.5000000 mean_abs=3.5572401
qwen35 debug logits position 0: top1=16 top2=17 v1=24.875000 v2=23.750000 margin=1.125000
qwen35 debug logits position 8193: top1=21 top2=22 v1=23.375000 v2=22.250000 margin=1.125000
qwen35 debug logits position 8194: top1=19 top2=24 v1=21.875000 v2=21.625000 margin=0.250000
qwen35 debug logits position 8195: top1=248046 top2=271 v1=29.250000 v2=17.375000 margin=11.875000
qwen35 debug hidden embedding position 7: min=-0.0546875 max=0.0634766 mean_abs=0.0126335
qwen35 debug hidden embedding position 35: min=-0.0549316 max=0.0502930 mean_abs=0.0109394
qwen35 debug hidden layer-000 position 7: min=-0.5117188 max=16.5000000 mean_abs=0.0431779
qwen35 debug hidden layer-000 position 35: min=-0.6289062 max=25.1250000 mean_abs=0.0639629
qwen35 debug hidden layer-003 position 7: min=-3.0000000 max=31.7500000 mean_abs=0.0793459
qwen35 debug hidden layer-003 position 35: min=-2.1875000 max=36.0000000 mean_abs=0.0875966
qwen35 debug hidden layer-031 position 7: min=-21.5000000 max=71.0000000 mean_abs=0.6871067
qwen35 debug hidden layer-031 position 35: min=-15.7500000 max=76.5000000 mean_abs=0.6666741
qwen35 debug hidden layer-032 position 7: min=-21.2500000 max=70.5000000 mean_abs=0.6866806
qwen35 debug hidden layer-032 position 35: min=-15.5000000 max=69.0000000 mean_abs=0.6938732
qwen35 debug hidden layer-060 position 7: min=-38.7500000 max=184.0000000 mean_abs=2.3000515
qwen35 debug hidden layer-060 position 35: min=-34.2500000 max=177.0000000 mean_abs=2.4626214
qwen35 debug hidden layer-063 position 7: min=-123.0000000 max=203.0000000 mean_abs=3.9317035
qwen35 debug hidden layer-063 position 35: min=-105.0000000 max=254.0000000 mean_abs=3.8412815
qwen35 debug hidden embedding position 83: min=-0.1884766 max=0.1230469 mean_abs=0.0108202
qwen35 debug hidden layer-000 position 83: min=-0.2539062 max=12.7500000 mean_abs=0.0275807
qwen35 debug hidden layer-003 position 83: min=-1.4687500 max=20.7500000 mean_abs=0.0699473
qwen35 debug hidden layer-031 position 83: min=-13.1875000 max=62.2500000 mean_abs=0.5712107
qwen35 debug hidden layer-032 position 83: min=-12.5000000 max=64.0000000 mean_abs=0.5771891
qwen35 debug hidden layer-060 position 83: min=-26.5000000 max=155.0000000 mean_abs=2.4286277
qwen35 debug hidden layer-063 position 83: min=-31.2500000 max=57.5000000 mean_abs=3.5572401
qwen35 debug logits position 0: top1=16 top2=17 v1=24.875000 v2=23.750000 margin=1.125000
qwen35 debug logits position 8193: top1=21 top2=22 v1=23.375000 v2=22.250000 margin=1.125000
qwen35 debug logits position 8194: top1=19 top2=24 v1=21.875000 v2=21.625000 margin=0.250000
qwen35 debug logits position 8195: top1=248046 top2=271 v1=29.250000 v2=17.375000 margin=11.875000
